date,ticker,close,volume
2025-09-05,ETN,345.1814880371094,2120700
2025-09-08,ETN,345.6363830566406,1632000
2025-09-09,ETN,344.39031982421875,1763300
2025-09-10,ETN,358.2557067871094,3484000
2025-09-11,ETN,356.1096496582031,2253200
2025-09-12,ETN,361.865478515625,3108400
2025-09-15,ETN,371.399169921875,3031500
2025-09-16,ETN,367.0971374511719,2251100
2025-09-17,ETN,359.3435974121094,3481400
2025-09-18,ETN,367.17626953125,1857900
2025-09-19,ETN,370.3706359863281,3483100
2025-09-22,ETN,374.1386413574219,2399300
2025-09-23,ETN,364.4565734863281,2776200
2025-09-24,ETN,368.10589599609375,2290800
2025-09-25,ETN,360.7182312011719,2029100
2025-09-26,ETN,361.5489807128906,1625400
2025-09-29,ETN,363.1016845703125,1466300
2025-09-30,ETN,370.1233825683594,1805800
2025-10-01,ETN,369.7179260253906,1590400
2025-10-02,ETN,372.6057434082031,1777800
2025-10-03,ETN,369.34210205078125,1372100
2025-10-06,ETN,375.8297424316406,1852100
2025-10-07,ETN,366.8498840332031,2321600
2025-10-08,ETN,372.54638671875,2168600
2025-10-09,ETN,373.031005859375,1723200
2025-10-10,ETN,365.0103759765625,2164700
2025-10-13,ETN,371.23101806640625,2089900
2025-10-14,ETN,370.2222900390625,1669400
2025-10-15,ETN,377.5110168457031,1589200
2025-10-16,ETN,371.4486083984375,1597300
2025-10-17,ETN,369.1838684082031,1732900
2025-10-20,ETN,373.5254821777344,1331400
2025-10-21,ETN,369.34210205078125,2334700
2025-10-22,ETN,356.6239013671875,4029400
2025-10-23,ETN,368.2938232421875,1601600
2025-10-24,ETN,372.1408996582031,1650200
2025-10-27,ETN,375.5528564453125,1772200
2025-10-28,ETN,371.864013671875,1551400
2025-10-29,ETN,383.47454833984375,2245000
2025-10-30,ETN,378.86590576171875,3112800
2025-10-31,ETN,377.352783203125,2407300
2025-11-03,ETN,382.3075866699219,3254500
2025-11-04,ETN,373.5551452636719,7551400
2025-11-05,ETN,382.24249267578125,3075600
2025-11-06,ETN,374.2691650390625,2235800
2025-11-07,ETN,370.6692810058594,2604600
2025-11-10,ETN,376.4211730957031,1801700
2025-11-11,ETN,364.85791015625,3103300
2025-11-12,ETN,366.33551025390625,1962100
2025-11-13,ETN,351.1327209472656,2762400
2025-11-14,ETN,349.4666748046875,3385200
2025-11-17,ETN,339.9066162109375,3019500
2025-11-18,ETN,335.483642578125,3158100
2025-11-19,ETN,342.78253173828125,2650800
2025-11-20,ETN,325.4674072265625,4550600
2025-11-21,ETN,328.95819091796875,4397400
2025-11-24,ETN,327.6888122558594,3672800
2025-11-25,ETN,333.85723876953125,3968800
2025-11-26,ETN,338.8554382324219,2474500
2025-11-28,ETN,343.0205993652344,935100
2025-12-01,ETN,336.891845703125,2248800
2025-12-02,ETN,330.3465881347656,3850000
2025-12-03,ETN,332.7861633300781,3079400
2025-12-04,ETN,336.1183166503906,2351500
2025-12-05,ETN,334.8588562011719,1845400
2025-12-08,ETN,340.54132080078125,3734100
2025-12-09,ETN,338.9248046875,2149700
2025-12-10,ETN,350.51788330078125,2554100
2025-12-11,ETN,347.4534912109375,2405600
2025-12-12,ETN,329.2259826660156,3921900
2025-12-15,ETN,330.4457702636719,2569000
2025-12-16,ETN,327.1929626464844,2527100
2025-12-17,ETN,313.20001220703125,7694400
2025-12-18,ETN,313.3289489746094,3826600
2025-12-19,ETN,315.16357421875,7357000
2025-12-22,ETN,317.73211669921875,2080400
2025-12-23,ETN,320.13201904296875,2196900
2025-12-24,ETN,320.98492431640625,766500
2025-12-26,ETN,319.49737548828125,1100800
2025-12-29,ETN,318.7833557128906,1948700
2025-12-30,ETN,318.19818115234375,1727000
2025-12-31,ETN,315.8677062988281,1553900
2026-01-02,ETN,324.5946960449219,2559600
2026-01-05,ETN,319.5865783691406,3381700
2026-01-06,ETN,330.2077331542969,3246600
2026-01-07,ETN,319.99322509765625,3166100
2026-01-08,ETN,317.9205322265625,4582300
2026-01-09,ETN,321.81793212890625,2690000
2026-01-12,ETN,326.369873046875,2166600
2026-01-13,ETN,329.6226501464844,2524500
2026-01-14,ETN,328.3929443359375,2148000
2026-01-15,ETN,330.6936950683594,2127500
2026-01-16,ETN,340.8983154296875,3768500
2026-01-20,ETN,334.7894287109375,2869500
2026-01-21,ETN,335.1563415527344,3426200
2026-01-22,ETN,331.2689208984375,2549000
2026-01-23,ETN,328.4722595214844,2235400
2026-01-26,ETN,329.5234680175781,2812600
2026-01-27,ETN,338.35955810546875,2814700
2026-01-28,ETN,344.438720703125,3072500
2026-01-29,ETN,351.43023681640625,4065400
2026-01-30,ETN,348.50469970703125,4260900
2026-02-02,ETN,356.45819091796875,3867500
2026-02-03,ETN,359.5225524902344,5853300
2026-02-04,ETN,361.9720458984375,5131600
2026-02-05,ETN,351.7277526855469,3303300
2026-02-06,ETN,370.7188720703125,3105600
2026-02-09,ETN,373.9320068359375,2809400
2026-02-10,ETN,374.3385925292969,1795300
2026-02-11,ETN,392.8041076660156,3826600
2026-02-12,ETN,387.0918884277344,4603600
2026-02-13,ETN,386.0208740234375,2253500
2026-02-17,ETN,388.2422790527344,2094500
2026-02-18,ETN,377.2244873046875,2740000
2026-02-19,ETN,374.1898193359375,2277400
2026-02-20,ETN,370.28253173828125,2600300
2026-02-23,ETN,359.0464782714844,2920800
2026-02-24,ETN,371.4527282714844,2387200
2026-02-25,ETN,370.4312438964844,2300100
2026-02-26,ETN,371.48248291015625,2231100
2026-02-27,ETN,372.8014831542969,2169000
2026-03-02,ETN,374.2691650390625,1828400
2026-03-03,ETN,352.6103515625,2864200
2026-03-04,ETN,351.51947021484375,1793000
2026-03-05,ETN,351.8467712402344,3219700
2026-03-06,ETN,344.8651428222656,3795100
2026-03-09,ETN,350.9343566894531,3409100
2026-03-10,ETN,359.1812438964844,3646400
2026-03-11,ETN,353.93865966796875,2807300
2026-03-12,ETN,346.82586669921875,2429200
2026-03-13,ETN,353.5506896972656,3581800
2026-03-16,ETN,359.1613464355469,3493900
2026-03-17,ETN,362.05621337890625,1942300
2026-03-18,ETN,358.6639709472656,2240200
2026-03-19,ETN,358.3555908203125,2144800
2026-03-20,ETN,354.9433898925781,4219100
2026-03-23,ETN,357.86810302734375,2618100
2026-03-24,ETN,372.15338134765625,2666100
2026-03-25,ETN,373.0487060546875,2527400
2026-03-26,ETN,355.2418518066406,2036900
2026-03-27,ETN,355.50048828125,2152100
2026-03-30,ETN,341.7424621582031,3239200
2026-03-31,ETN,355.80889892578125,2175100
2026-04-01,ETN,363.6578063964844,1980500
2026-04-02,ETN,359.2210388183594,1424600
2026-04-06,ETN,361.99652099609375,1360900
2026-04-07,ETN,366.9306945800781,2185300
2026-04-08,ETN,383.5736389160156,2255100
2026-04-09,ETN,398.3563232421875,2134100
2026-04-10,ETN,400.90301513671875,2218700
2026-04-13,ETN,401.2611389160156,1818700
2026-04-14,ETN,399.8087463378906,1825900
2026-04-15,ETN,393.0043029785156,2266900
2026-04-16,ETN,390.68646240234375,1815700
2026-04-17,ETN,404.0962829589844,2624700
2026-04-20,ETN,405.4492492675781,2416200
2026-04-21,ETN,407.5681457519531,2022300
2026-04-22,ETN,411.7164611816406,2683000
2026-04-23,ETN,422.2911376953125,2912100
2026-04-24,ETN,421.71417236328125,2490300
2026-04-27,ETN,414.6013488769531,2463900
2026-04-28,ETN,410.9206237792969,2483900
2026-04-29,ETN,408.632568359375,1932500
2026-04-30,ETN,430.7568664550781,3251000
2026-05-01,ETN,423.3356628417969,2478400
2026-05-04,ETN,420.2418518066406,3298500
2026-05-05,ETN,408.7220764160156,6876500
2026-05-06,ETN,419.1973571777344,3289700
2026-05-07,ETN,397.0730285644531,3590000
2026-05-08,ETN,400.5245666503906,2386900
2026-05-11,ETN,417.97161865234375,3724700
2026-05-12,ETN,400.54449462890625,2953100
2026-05-13,ETN,405.94122314453125,2316800
2026-05-14,ETN,407.098388671875,2011900
2026-05-15,ETN,398.45965576171875,3253300
2026-05-18,ETN,380.9327697753906,2862900
2026-05-19,ETN,370.96728515625,2951900
2026-05-20,ETN,378.75811767578125,2684600
2026-05-21,ETN,380.57366943359375,1933700
2026-05-22,ETN,390.3894958496094,2353500
2026-05-26,ETN,402.1405944824219,2855200
2026-05-27,ETN,405.37261962890625,2846000
2026-05-28,ETN,400.9534912109375,2318400
2026-05-29,ETN,399.6167907714844,3321300
2026-06-01,ETN,399.0980529785156,2339300
2026-06-02,ETN,416.5950012207031,2074500
2026-06-03,ETN,420.17620849609375,2181800
2026-06-04,ETN,417.58258056640625,1859800
2026-06-05,ETN,394.9682312011719,2538000
2026-06-08,ETN,402.15057373046875,2100500
2026-06-09,ETN,400.7340393066406,2335800
2026-06-10,ETN,374.5384826660156,3555500
2026-06-11,ETN,392.67388916015625,2639800
2026-06-12,ETN,390.4294128417969,2175100
2026-06-15,ETN,406.0609436035156,2336700
2026-06-16,ETN,406.7093200683594,1788700
2026-06-17,ETN,408.6346130371094,2242500
2026-06-18,ETN,420.7348327636719,3715600
2026-06-22,ETN,434.71044921875,2571500
2026-06-23,ETN,404.2853088378906,2459000
2026-06-24,ETN,403.59698486328125,2397000
2026-06-25,ETN,418.8394775390625,1896100
2026-06-26,ETN,401.6916809082031,5273200
2026-06-29,ETN,407.25799560546875,2201100
2026-06-30,ETN,425.07415771484375,2537600
2026-07-01,ETN,411.29803466796875,2379600
2026-07-02,ETN,397.5418701171875,2601600
2026-07-06,ETN,412.40533447265625,1764800
2026-07-07,ETN,394.7088623046875,2330000
2026-07-08,ETN,398.579345703125,1754200
2026-07-09,ETN,404.8339538574219,1706200
2026-07-10,ETN,406.2803955078125,1404000
2026-07-13,ETN,401.86126708984375,1682900
2026-07-14,ETN,414.5001525878906,1918200
2026-07-15,ETN,411.8466796875,1946000
2026-07-16,ETN,395.2973937988281,3239100
2026-07-17,ETN,399.0082702636719,2650000
2026-07-20,ETN,400.4248046875,1650900
2026-07-21,ETN,401.9610290527344,1883600
2026-07-22,ETN,405.91131591796875,1770900
2026-07-23,ETN,414.11114501953125,1828100
2026-07-24,ETN,403.0782775878906,1564100
2026-07-27,ETN,397.66162109375,2138900
2026-07-28,ETN,385.3119812011719,2963500
2026-07-29,ETN,360.9918212890625,4513900
2026-07-30,ETN,385.9404602050781,3897300
2026-07-31,ETN,414.18096923828125,4550700
2026-08-03,ETN,437.1544494628906,3635400
2026-08-04,ETN,443.6783752441406,3028300
2026-08-05,ETN,446.1822204589844,2178300
2026-08-06,ETN,447.0899963378906,1753600
2026-08-07,ETN,448.67999267578125,1721700
2026-08-10,ETN,444.9599914550781,1394600
2026-08-11,ETN,459.2900085449219,1840300
2026-08-12,ETN,459.9599914550781,1663000
2026-08-13,ETN,453.3299865722656,1565100
2026-08-14,ETN,451.510009765625,1401000
2026-08-17,ETN,455.3999938964844,1605300
2026-08-18,ETN,431.3299865722656,2120700
2026-08-19,ETN,424.6700134277344,1748600
2026-08-20,ETN,415.2900085449219,1684300
2026-08-21,ETN,419.20001220703125,1749400
2026-08-24,ETN,408.6700134277344,1573400
2026-08-25,ETN,409.20001220703125,1521400
2026-08-26,ETN,419.44000244140625,1792900
2026-08-27,ETN,416.0400085449219,1621800
2026-08-28,ETN,402.7799987792969,1822900
2026-08-31,ETN,401.8800048828125,2165900
2026-09-01,ETN,390.7099914550781,2022300
2026-09-02,ETN,390.8500061035156,1631100
2026-09-03,ETN,397.1199951171875,1476800
2026-09-04,ETN,410.8500061035156,1889700
2025-09-05,MRVL,63.19535827636719,25793100
2025-09-08,MRVL,65.85968780517578,24466600
2025-09-09,MRVL,66.6978988647461,17226000
2025-09-10,MRVL,66.95733642578125,23751400
2025-09-11,MRVL,66.44841766357422,13912400
2025-09-12,MRVL,67.2068099975586,14868600
2025-09-15,MRVL,67.2866439819336,17340800
2025-09-16,MRVL,68.7136001586914,15931000
2025-09-17,MRVL,70.8291015625,29593100
2025-09-18,MRVL,74.07218933105469,28894800
2025-09-19,MRVL,74.10212707519531,31788100
2025-09-22,MRVL,75.36942291259766,20037700
2025-09-23,MRVL,74.46136474609375,21403700
2025-09-24,MRVL,79.91972351074219,50429500
2025-09-25,MRVL,83.63182067871094,43286000
2025-09-26,MRVL,82.99317932128906,26715100
2025-09-29,MRVL,82.21482849121094,20468300
2025-09-30,MRVL,83.89126586914062,18751700
2025-10-01,MRVL,83.71165466308594,20038400
2025-10-02,MRVL,86.0167236328125,21698700
2025-10-03,MRVL,86.03669738769531,15679200
2025-10-06,MRVL,88.73094940185547,20580500
2025-10-07,MRVL,86.78510284423828,17609500
2025-10-08,MRVL,92.30335235595703,20451000
2025-10-09,MRVL,90.48721313476562,14868400
2025-10-10,MRVL,85.48455047607422,30545700
2025-10-13,MRVL,89.25901794433594,20563500
2025-10-14,MRVL,86.09365844726562,15447600
2025-10-15,MRVL,88.7597427368164,15202200
2025-10-16,MRVL,88.10072326660156,12988900
2025-10-17,MRVL,87.82112121582031,13244000
2025-10-20,MRVL,85.7142105102539,16137500
2025-10-21,MRVL,84.13653564453125,13242100
2025-10-22,MRVL,80.93124389648438,19218600
2025-10-23,MRVL,82.64871215820312,10335800
2025-10-24,MRVL,84.0067138671875,11661400
2025-10-27,MRVL,88.58000946044922,16331600
2025-10-28,MRVL,88.33037567138672,13029300
2025-10-29,MRVL,90.01790618896484,13399900
2025-10-30,MRVL,88.44021606445312,11903800
2025-10-31,MRVL,93.60264587402344,29320800
2025-11-03,MRVL,90.23757934570312,14308700
2025-11-04,MRVL,87.4616470336914,13630000
2025-11-05,MRVL,92.76387786865234,17194500
2025-11-06,MRVL,93.19324493408203,28022500
2025-11-07,MRVL,90.78677368164062,20898700
2025-11-10,MRVL,93.09339141845703,14570700
2025-11-11,MRVL,89.19910430908203,13538500
2025-11-12,MRVL,89.19910430908203,11846700
2025-11-13,MRVL,87.39175415039062,17226600
2025-11-14,MRVL,86.32331848144531,12414100
2025-11-17,MRVL,83.32771301269531,16548600
2025-11-18,MRVL,78.56470489501953,23426900
2025-11-19,MRVL,81.20083618164062,13688200
2025-11-20,MRVL,76.56764221191406,23315900
2025-11-21,MRVL,77.33650970458984,16211000
2025-11-24,MRVL,83.66722106933594,23945100
2025-11-25,MRVL,83.30774688720703,11667900
2025-11-26,MRVL,87.59146118164062,15019100
2025-11-28,MRVL,89.26900482177734,11235600
2025-12-01,MRVL,90.96651458740234,18143400
2025-12-02,MRVL,92.7538833618164,38231100
2025-12-03,MRVL,100.05316925048828,52833700
2025-12-04,MRVL,98.0461196899414,23981800
2025-12-05,MRVL,98.76507568359375,22219900
2025-12-08,MRVL,91.86519622802734,40731000
2025-12-09,MRVL,88.76973724365234,23037400
2025-12-10,MRVL,92.33450317382812,22573600
2025-12-11,MRVL,89.29895782470703,16593500
2025-12-12,MRVL,84.30628204345703,21576300
2025-12-15,MRVL,84.13653564453125,11953300
2025-12-16,MRVL,83.94680786132812,9483800
2025-12-17,MRVL,81.58027648925781,16662700
2025-12-18,MRVL,84.34622192382812,12732100
2025-12-19,MRVL,83.9667739868164,21722200
2025-12-22,MRVL,84.67574310302734,9871000
2025-12-23,MRVL,87.55152893066406,12334100
2025-12-24,MRVL,86.36326599121094,5335300
2025-12-26,MRVL,86.2134780883789,5001000
2025-12-29,MRVL,85.63433837890625,9677700
2025-12-30,MRVL,86.63287353515625,9583000
2025-12-31,MRVL,84.85548400878906,7234100
2026-01-02,MRVL,89.25901794433594,14987500
2026-01-05,MRVL,90.09779357910156,21328400
2026-01-06,MRVL,88.10072326660156,24322700
2026-01-07,MRVL,84.51597595214844,17230800
2026-01-08,MRVL,83.32771301269531,10695900
2026-01-09,MRVL,83.15785217285156,13486300
2026-01-12,MRVL,82.82809448242188,10146600
2026-01-13,MRVL,82.98797607421875,9133500
2026-01-14,MRVL,81.14935302734375,15295700
2026-01-15,MRVL,80.31996154785156,16593500
2026-01-16,MRVL,80.39990997314453,15011200
2026-01-20,MRVL,79.74040222167969,18688000
2026-01-21,MRVL,82.48834991455078,17134300
2026-01-22,MRVL,83.0379409790039,12997600
2026-01-23,MRVL,80.17008209228516,13924600
2026-01-26,MRVL,81.70893096923828,12464600
2026-01-27,MRVL,82.8680648803711,11307900
2026-01-28,MRVL,83.55755615234375,10311000
2026-01-29,MRVL,81.27924346923828,13944900
2026-01-30,MRVL,78.8610610961914,12581400
2026-02-02,MRVL,78.60125732421875,14513000
2026-02-03,MRVL,75.48358154296875,22563900
2026-02-04,MRVL,73.67493438720703,17506200
2026-02-05,MRVL,74.15457916259766,19202000
2026-02-06,MRVL,80.22004699707031,22581800
2026-02-09,MRVL,82.28849792480469,13775400
2026-02-10,MRVL,81.9487533569336,10561400
2026-02-11,MRVL,81.27924346923828,11636700
2026-02-12,MRVL,78.17157745361328,13643800
2026-02-13,MRVL,78.5512924194336,7615400
2026-02-17,MRVL,78.95099639892578,10568500
2026-02-18,MRVL,79.03092956542969,8408200
2026-02-19,MRVL,79.55054473876953,6512200
2026-02-20,MRVL,79.42064666748047,8795300
2026-02-23,MRVL,77.73190307617188,11622600
2026-02-24,MRVL,78.33145904541016,8396200
2026-02-25,MRVL,80.85956573486328,10524700
2026-02-26,MRVL,79.23078918457031,12326500
2026-02-27,MRVL,81.62899017333984,20253800
2026-03-02,MRVL,80.79961395263672,15228500
2026-03-03,MRVL,77.45211029052734,15826400
2026-03-04,MRVL,78.03166961669922,14677500
2026-03-05,MRVL,75.62347412109375,42620200
2026-03-06,MRVL,89.50310516357422,90071100
2026-03-09,MRVL,92.580810546875,38873500
2026-03-10,MRVL,93.2303237915039,26499500
2026-03-11,MRVL,90.3724594116211,18446200
2026-03-12,MRVL,87.60452270507812,16854400
2026-03-13,MRVL,87.79438781738281,14108100
2026-03-16,MRVL,91.51160430908203,15875500
2026-03-17,MRVL,90.72219848632812,11622600
2026-03-18,MRVL,87.55455780029297,16096700
2026-03-19,MRVL,89.463134765625,13388800
2026-03-20,MRVL,87.84434509277344,25570400
2026-03-23,MRVL,90.09266662597656,14126700
2026-03-24,MRVL,92.29102325439453,13731200
2026-03-25,MRVL,98.37646484375,22562400
2026-03-26,MRVL,97.60704803466797,26078500
2026-03-27,MRVL,94.80913543701172,16507100
2026-03-30,MRVL,87.74441528320312,21463200
2026-03-31,MRVL,98.97602844238281,51286100
2026-04-01,MRVL,106.63030242919922,44072500
2026-04-02,MRVL,107.0300064086914,23667100
2026-04-06,MRVL,109.42821502685547,22700500
2026-04-07,MRVL,109.29830932617188,18965200
2026-04-08,MRVL,114.36451721191406,29455900
2026-04-09,MRVL,119.8404312133789,32718500
2026-04-10,MRVL,128.45831298828125,41187000
2026-04-13,MRVL,131.2676239013672,31264700
2026-04-14,MRVL,133.7969970703125,33600700
2026-04-15,MRVL,134.56680297851562,23450100
2026-04-16,MRVL,133.33709716796875,20830200
2026-04-17,MRVL,139.65554809570312,26341300
2026-04-20,MRVL,147.80352783203125,39548500
2026-04-21,MRVL,151.27267456054688,31901100
2026-04-22,MRVL,157.2812042236328,30765800
2026-04-23,MRVL,165.5191650390625,36938700
2026-04-24,MRVL,164.26947021484375,37599100
2026-04-27,MRVL,158.17098999023438,30281800
2026-04-28,MRVL,153.19219970703125,27128700
2026-04-29,MRVL,156.53138732910156,20649000
2026-04-30,MRVL,165.10926818847656,20327000
2026-05-01,MRVL,164.90931701660156,13071700
2026-05-04,MRVL,163.61964416503906,14547000
2026-05-05,MRVL,168.7083740234375,22284400
2026-05-06,MRVL,172.10752868652344,23205300
2026-05-07,MRVL,159.9705352783203,23683600
2026-05-08,MRVL,170.08804321289062,20589000
2026-05-11,MRVL,170.79786682128906,22947600
2026-05-12,MRVL,164.4594268798828,21367800
2026-05-13,MRVL,177.90611267089844,31862600
2026-05-14,MRVL,182.53497314453125,32661100
2026-05-15,MRVL,176.84637451171875,24757300
2026-05-18,MRVL,168.88832092285156,24439000
2026-05-19,MRVL,176.22653198242188,25003300
2026-05-20,MRVL,186.75393676757812,29808100
2026-05-21,MRVL,190.64297485351562,21506100
2026-05-22,MRVL,196.28158569335938,19823200
2026-05-26,MRVL,208.20863342285156,42558200
2026-05-27,MRVL,198.65098571777344,54198500
2026-05-28,MRVL,204.77947998046875,52624900
2026-05-29,MRVL,204.94943237304688,34024700
2026-06-01,MRVL,219.37586975097656,32926900
2026-06-02,MRVL,290.7182922363281,112646200
2026-06-03,MRVL,301.5755920410156,115542800
2026-06-04,MRVL,316.3519592285156,86903500
2026-06-05,MRVL,263.405029296875,93976400
2026-06-08,MRVL,288.7787780761719,84575500
2026-06-09,MRVL,266.8141784667969,94754500
2026-06-10,MRVL,252.52769470214844,54175100
2026-06-11,MRVL,280.6407470703125,57254500
2026-06-12,MRVL,279.6310119628906,42047300
2026-06-15,MRVL,308.8038330078125,54963600
2026-06-16,MRVL,278.6012878417969,59201300
2026-06-17,MRVL,289.4685974121094,50607300
2026-06-18,MRVL,310.5033874511719,250989400
2026-06-22,MRVL,307.7840576171875,49225100
2026-06-23,MRVL,278.97119140625,46361100
2026-06-24,MRVL,276.63177490234375,35747400
2026-06-25,MRVL,281.1906433105469,39131600
2026-06-26,MRVL,266.7041931152344,41986200
2026-06-29,MRVL,277.6814880371094,31749200
2026-06-30,MRVL,297.8165283203125,37520100
2026-07-01,MRVL,271.9828796386719,33822700
2026-07-02,MRVL,245.2294921875,38435900
2026-07-06,MRVL,249.20852661132812,25703100
2026-07-07,MRVL,230.64309692382812,36163800
2026-07-08,MRVL,231.65286254882812,25541800
2026-07-09,MRVL,243.2100067138672,21245300
2026-07-10,MRVL,235.80999755859375,15106000
2026-07-13,MRVL,217.52999877929688,25615300
2026-07-14,MRVL,222.44000244140625,20705500
2026-07-15,MRVL,206.25999450683594,26827600
2026-07-16,MRVL,188.3000030517578,34893000
2026-07-17,MRVL,188.67999267578125,29656300
2026-07-20,MRVL,194.94000244140625,25070600
2026-07-21,MRVL,207.9600067138672,22153600
2026-07-22,MRVL,210.99000549316406,16890300
2026-07-23,MRVL,209.32000732421875,16359900
2026-07-24,MRVL,194.22999572753906,19837100
2026-07-27,MRVL,189.1699981689453,21637700
2026-07-28,MRVL,174.47000122070312,29188500
2026-07-29,MRVL,163.39999389648438,25708900
2026-07-30,MRVL,183.3000030517578,29861700
2026-07-31,MRVL,187.55999755859375,26835500
2026-08-03,MRVL,193.77999877929688,21015800
2026-08-04,MRVL,218.58999633789062,33923400
2026-08-05,MRVL,211.02000427246094,16884600
2026-08-06,MRVL,210.5399932861328,16804200
2026-08-07,MRVL,218.72000122070312,19663400
2026-08-10,MRVL,208.55999755859375,20948500
2026-08-11,MRVL,212.30999755859375,15429200
2026-08-12,MRVL,217.0800018310547,25134300
2026-08-13,MRVL,222.17999267578125,19255500
2026-08-14,MRVL,222.02000427246094,14487800
2026-08-17,MRVL,234.3300018310547,21113500
2026-08-18,MRVL,216.0,25860700
2026-08-19,MRVL,237.27000427246094,44011800
2026-08-20,MRVL,251.00999450683594,29226500
2026-08-21,MRVL,237.0399932861328,25526600
2026-08-24,MRVL,229.2899932861328,18791400
2026-08-25,MRVL,240.3800048828125,21347000
2026-08-26,MRVL,245.11000061035156,17107000
2026-08-27,MRVL,241.4499969482422,41014700
2026-08-28,MRVL,216.6199951171875,48979900
2026-08-31,MRVL,211.66000366210938,23650800
2026-09-01,MRVL,210.38999938964844,22284200
2026-09-02,MRVL,206.47999572753906,15224800
2026-09-03,MRVL,208.8300018310547,18768900
2026-09-04,MRVL,223.5500030517578,21150500
2025-09-05,AVGO,332.4541320800781,78401600
2025-09-08,AVGO,343.13580322265625,43535600
2025-09-09,AVGO,334.2211608886719,26972300
2025-09-10,AVGO,366.8818359375,51086800
2025-09-11,AVGO,357.0141296386719,29430900
2025-09-12,AVGO,357.25238037109375,31949800
2025-09-15,AVGO,361.4416809082031,21792200
2025-09-16,AVGO,357.38140869140625,21306500
2025-09-17,AVGO,343.6520690917969,45197100
2025-09-18,AVGO,342.8380126953125,24663900
2025-09-19,AVGO,342.43096923828125,41240100
2025-09-22,AVGO,336.9019470214844,28660000
2025-09-23,AVGO,337.0511474609375,21944100
2025-09-24,AVGO,337.4190673828125,19677300
2025-09-25,AVGO,334.2269592285156,21678200
2025-09-26,AVGO,332.66571044921875,15464700
2025-09-29,AVGO,326.0726318359375,21336000
2025-09-30,AVGO,328.0714416503906,20109500
2025-10-01,AVGO,331.5320739746094,21122700
2025-10-02,AVGO,336.29534912109375,19917600
2025-10-03,AVGO,336.4842834472656,14749100
2025-10-06,AVGO,333.6203308105469,18465700
2025-10-07,AVGO,334.5351867675781,18086700
2025-10-08,AVGO,343.5745849609375,21478300
2025-10-09,AVGO,343.0972595214844,17643700
2025-10-10,AVGO,322.82086181640625,28941000
2025-10-13,AVGO,354.712158203125,45984300
2025-10-14,AVGO,342.2121887207031,22078000
2025-10-15,AVGO,349.3720397949219,23918500
2025-10-16,AVGO,352.1763610839844,20317200
2025-10-17,AVGO,347.3832092285156,20937900
2025-10-20,AVGO,347.2936706542969,15640200
2025-10-21,AVGO,340.7503967285156,16092600
2025-10-22,AVGO,338.4035339355469,19268800
2025-10-23,AVGO,342.3713073730469,12859200
2025-10-24,AVGO,352.156494140625,16143700
2025-10-27,AVGO,360.0323486328125,20065800
2025-10-28,AVGO,370.8914794921875,21056000
2025-10-29,AVGO,383.8289794921875,24975200
2025-10-30,AVGO,374.3719787597656,24295300
2025-10-31,AVGO,367.5700988769531,21598400
2025-11-03,AVGO,360.529541015625,17198900
2025-11-04,AVGO,349.9786682128906,24047500
2025-11-05,AVGO,356.97943115234375,17087600
2025-11-06,AVGO,353.60833740234375,19896900
2025-11-07,AVGO,347.482666015625,21903200
2025-11-10,AVGO,356.39276123046875,16409000
2025-11-11,AVGO,349.9985656738281,16446800
2025-11-12,AVGO,353.2403869628906,12190500
2025-11-13,AVGO,338.0853271484375,22616600
2025-11-14,AVGO,340.5514831542969,18500800
2025-11-17,AVGO,340.74041748046875,14799600
2025-11-18,AVGO,338.6024169921875,21726800
2025-11-19,AVGO,352.4448547363281,21851900
2025-11-20,AVGO,344.8871765136719,28867000
2025-11-21,AVGO,338.3041076660156,30280300
2025-11-24,AVGO,375.8536376953125,47262400
2025-11-25,AVGO,382.8842468261719,33507600
2025-11-26,AVGO,395.3543701171875,28693000
2025-11-28,AVGO,400.7143249511719,13365500
2025-12-01,AVGO,383.92840576171875,23252000
2025-12-02,AVGO,379.4435729980469,22207000
2025-12-03,AVGO,378.4889221191406,21336400
2025-12-04,AVGO,378.90655517578125,15845900
2025-12-05,AVGO,388.0652160644531,24779900
2025-12-08,AVGO,398.8647155761719,30410600
2025-12-09,AVGO,404.0257873535156,24546000
2025-12-10,AVGO,410.6685485839844,31531000
2025-12-11,AVGO,404.1053161621094,45681600
2025-12-12,AVGO,357.92413330078125,95588500
2025-12-15,AVGO,337.916259765625,65894900
2025-12-16,AVGO,339.39794921875,58061100
2025-12-17,AVGO,324.2030944824219,73300900
2025-12-18,AVGO,328.0415954589844,54501900
2025-12-19,AVGO,338.4631652832031,159095200
2025-12-22,AVGO,340.19683837890625,28739600
2025-12-23,AVGO,348.0379333496094,28232600
2025-12-24,AVGO,348.93463134765625,11424400
2025-12-26,AVGO,350.8376159667969,15028100
2025-12-29,AVGO,348.1076965332031,21946900
2025-12-30,AVGO,348.56597900390625,16633600
2025-12-31,AVGO,344.82977294921875,15346100
2026-01-02,AVGO,346.3441467285156,25398600
2026-01-05,AVGO,342.15960693359375,31136000
2026-01-06,AVGO,342.50830078125,27135500
2026-01-07,AVGO,342.2392883300781,20249300
2026-01-08,AVGO,331.2597351074219,24385200
2026-01-09,AVGO,343.7038879394531,22482500
2026-01-12,AVGO,350.9173278808594,20949600
2026-01-13,AVGO,353.3085021972656,18308000
2026-01-14,AVGO,338.642578125,30094700
2026-01-15,AVGO,341.76104736328125,22218800
2026-01-16,AVGO,350.4191589355469,31291200
2026-01-20,AVGO,331.3793029785156,32293900
2026-01-21,AVGO,327.5932312011719,32006600
2026-01-22,AVGO,324.2953796386719,24275400
2026-01-23,AVGO,318.8753662109375,30259500
2026-01-26,AVGO,323.6577453613281,25006400
2026-01-27,AVGO,331.568603515625,25537600
2026-01-28,AVGO,332.0169372558594,23001700
2026-01-29,AVGO,329.51617431640625,20447500
2026-01-30,AVGO,330.08404541015625,28313000
2026-02-02,AVGO,329.8947448730469,17278200
2026-02-03,AVGO,319.154296875,36914800
2026-02-04,AVGO,306.9194030761719,43330300
2026-02-05,AVGO,309.3703918457031,42775800
2026-02-06,AVGO,331.6981506347656,33003400
2026-02-09,AVGO,342.67767333984375,30091000
2026-02-10,AVGO,339.1905212402344,19542700
2026-02-11,AVGO,341.50201416015625,17004700
2026-02-12,AVGO,329.9545593261719,22007300
2026-02-13,AVGO,323.9765625,18397200
2026-02-17,AVGO,331.31951904296875,23469700
2026-02-18,AVGO,332.28594970703125,13565300
2026-02-19,AVGO,332.76416015625,15180900
2026-02-20,AVGO,331.4291076660156,17658900
2026-02-23,AVGO,329.1275939941406,16472400
2026-02-24,AVGO,324.2953796386719,23614400
2026-02-25,AVGO,331.0903625488281,20182300
2026-02-26,AVGO,320.519287109375,33025300
2026-02-27,AVGO,318.377197265625,28004200
2026-03-02,AVGO,317.6498718261719,20567200
2026-03-03,AVGO,312.68817138671875,20826200
2026-03-04,AVGO,316.3645935058594,34895800
2026-03-05,AVGO,331.54864501953125,57076600
2026-03-06,AVGO,329.26708984375,39152200
2026-03-09,AVGO,344.4810485839844,40605800
2026-03-10,AVGO,341.3226623535156,29531700
2026-03-11,AVGO,340.3163757324219,20104100
2026-03-12,AVGO,334.7369384765625,21982700
2026-03-13,AVGO,320.9776306152344,34725000
2026-03-16,AVGO,323.7275085449219,31363100
2026-03-17,AVGO,320.1307373046875,38026500
2026-03-18,AVGO,314.7704772949219,25460600
2026-03-19,AVGO,318.6661376953125,23524800
2026-03-20,AVGO,309.3703918457031,43325900
2026-03-23,AVGO,322.0003967285156,27369200
2026-03-24,AVGO,317.78704833984375,19799000
2026-03-25,AVGO,318.30621337890625,19900000
2026-03-26,AVGO,308.9310607910156,20343700
2026-03-27,AVGO,300.2048645019531,23593900
2026-03-30,AVGO,292.94635009765625,28054500
2026-03-31,AVGO,309.02093505859375,29289500
2026-04-01,AVGO,312.99462890625,19171000
2026-04-02,AVGO,314.0529479980469,14021100
2026-04-06,AVGO,313.9331359863281,12111300
2026-04-07,AVGO,333.4422607421875,33310900
2026-04-08,AVGO,350.0759582519531,31573100
2026-04-09,AVGO,354.34918212890625,20514900
2026-04-10,AVGO,370.9628601074219,29958100
2026-04-13,AVGO,379.1499328613281,24115800
2026-04-14,AVGO,380.17828369140625,24423000
2026-04-15,AVGO,396.0931091308594,29559300
2026-04-16,AVGO,397.8403625488281,18872900
2026-04-17,AVGO,405.8976135253906,20581700
2026-04-20,AVGO,398.9985046386719,16922000
2026-04-21,AVGO,401.5345153808594,16275500
2026-04-22,AVGO,421.98211669921875,23702500
2026-04-23,AVGO,419.27642822265625,19501600
2026-04-24,AVGO,422.09197998046875,22491100
2026-04-27,AVGO,417.5391845703125,17451600
2026-04-28,AVGO,399.19818115234375,25519200
2026-04-29,AVGO,404.809326171875,15962500
2026-04-30,AVGO,416.7703857421875,21821600
2026-05-01,AVGO,420.6142883300781,11882600
2026-05-04,AVGO,415.84185791015625,15140400
2026-05-05,AVGO,426.6846923828125,21175200
2026-05-06,AVGO,424.7677307128906,20707000
2026-05-07,AVGO,411.9080810546875,22791700
2026-05-08,AVGO,429.3205261230469,22561400
2026-05-11,AVGO,427.75299072265625,16825500
2026-05-12,AVGO,418.6374206542969,19004300
2026-05-13,AVGO,416.13140869140625,16981200
2026-05-14,AVGO,439.0950622558594,19733800
2026-05-15,AVGO,424.51812744140625,18957100
2026-05-18,AVGO,420.0451965332031,17863300
2026-05-19,AVGO,410.4204406738281,20652100
2026-05-20,AVGO,417.0998840332031,16312600
2026-05-21,AVGO,413.9149169921875,16865300
2026-05-22,AVGO,413.485595703125,14086400
2026-05-26,AVGO,421.3431701660156,22562900
2026-05-27,AVGO,421.193359375,17601000
2026-05-28,AVGO,425.9059143066406,17855600
2026-05-29,AVGO,446.06402587890625,41798400
2026-06-01,AVGO,459.2431640625,30586000
2026-06-02,AVGO,480.8090515136719,38306700
2026-06-03,AVGO,478.4727478027344,50126400
2026-06-04,AVGO,418.248046875,80979400
2026-06-05,AVGO,385.1204833984375,51146100
2026-06-08,AVGO,395.9732971191406,37099000
2026-06-09,AVGO,391.5403137207031,37026900
2026-06-10,AVGO,371.51202392578125,38193500
2026-06-11,AVGO,384.9607238769531,35187600
2026-06-12,AVGO,381.4662780761719,27600900
2026-06-15,AVGO,393.3175048828125,32394200
2026-06-16,AVGO,376.1147155761719,31573700
2026-06-17,AVGO,392.2791442871094,40005500
2026-06-18,AVGO,410.70001220703125,45076100
2026-06-22,AVGO,392.1300048828125,26403700
2026-06-23,AVGO,380.1499938964844,33122200
2026-06-24,AVGO,382.07000732421875,29938700
2026-06-25,AVGO,378.9100036621094,23353700
2026-06-26,AVGO,365.0199890136719,34839300
2026-06-29,AVGO,372.45001220703125,24285200
2026-06-30,AVGO,377.75,28517400
2026-07-01,AVGO,369.3399963378906,23712600
2026-07-02,AVGO,360.45001220703125,26749500
2026-07-06,AVGO,373.8999938964844,24544000
2026-07-07,AVGO,370.7799987792969,24116700
2026-07-08,AVGO,388.69000244140625,31624100
2026-07-09,AVGO,401.1099853515625,28074000
2026-07-10,AVGO,399.9700012207031,14595900
2026-07-13,AVGO,384.04998779296875,21294500
2026-07-14,AVGO,389.1099853515625,20118700
2026-07-15,AVGO,394.2799987792969,16324100
2026-07-16,AVGO,374.45001220703125,23407200
2026-07-17,AVGO,370.8299865722656,23272200
2026-07-20,AVGO,378.1600036621094,14420500
2026-07-21,AVGO,386.5,17291100
2026-07-22,AVGO,396.80999755859375,16966200
2026-07-23,AVGO,392.4700012207031,16348700
2026-07-24,AVGO,381.9200134277344,15149400
2026-07-27,AVGO,383.2200012207031,18502100
2026-07-28,AVGO,380.9100036621094,20328400
2026-07-29,AVGO,370.32000732421875,21374400
2026-07-30,AVGO,387.8399963378906,23639800
2026-07-31,AVGO,389.2799987792969,20391000
2026-08-03,AVGO,392.2300109863281,17315100
2026-08-04,AVGO,418.1600036621094,29564200
2026-08-05,AVGO,418.2799987792969,16880400
2026-08-06,AVGO,420.57000732421875,13907500
2026-08-07,AVGO,427.760009765625,14698300
2026-08-10,AVGO,422.3999938964844,13854100
2026-08-11,AVGO,416.0799865722656,12882700
2026-08-12,AVGO,416.04998779296875,15859200
2026-08-13,AVGO,417.82000732421875,13180500
2026-08-14,AVGO,392.989990234375,29513600
2026-08-17,AVGO,392.42999267578125,20042600
2026-08-18,AVGO,380.0,22878200
2026-08-19,AVGO,362.4800109863281,35091400
2026-08-20,AVGO,364.0299987792969,19729800
2026-08-21,AVGO,368.45001220703125,19037100
2026-08-24,AVGO,358.760009765625,18717200
2026-08-25,AVGO,356.739990234375,18014900
2026-08-26,AVGO,355.5899963378906,19196300
2026-08-27,AVGO,371.5400085449219,21330000
2026-08-28,AVGO,368.7900085449219,16596100
2026-08-31,AVGO,370.3399963378906,21948000
2026-09-01,AVGO,369.67999267578125,19288900
2026-09-02,AVGO,367.239990234375,38874600
2026-09-03,AVGO,357.1600036621094,60242600
2026-09-04,AVGO,357.8999938964844,32773600
2025-09-05,ASML,776.5849609375,1887300
2025-09-08,ASML,791.0397338867188,1284500
2025-09-09,ASML,799.8616943359375,1324100
2025-09-10,ASML,787.9500732421875,1634300
2025-09-11,ASML,798.89794921875,1297800
2025-09-12,ASML,808.54443359375,1019700
2025-09-15,ASML,861.624755859375,2702300
2025-09-16,ASML,872.6720581054688,1832400
2025-09-17,ASML,866.5623168945312,1553300
2025-09-18,ASML,921.7289428710938,3176100
2025-09-19,ASML,926.0504760742188,2410200
2025-09-22,ASML,951.5325927734375,1885000
2025-09-23,ASML,957.2052612304688,1664800
2025-09-24,ASML,940.74365234375,1400700
2025-09-25,ASML,943.3366088867188,1272600
2025-09-26,ASML,945.293701171875,955200
2025-09-29,ASML,956.3111572265625,1213800
2025-09-30,ASML,961.7553100585938,1303600
2025-10-01,ASML,996.705078125,1963800
2025-10-02,ASML,1023.4291381835938,1689100
2025-10-03,ASML,1025.4656982421875,1352300
2025-10-06,ASML,1036.4732666015625,1385400
2025-10-07,ASML,995.7413940429688,1667800
2025-10-08,ASML,981.3462524414062,1947000
2025-10-09,ASML,974.123779296875,1496000
2025-10-10,ASML,930.0640258789062,2933900
2025-10-13,ASML,978.2168579101562,2223900
2025-10-14,ASML,976.74658203125,2422100
2025-10-15,ASML,1003.2022705078125,2900300
2025-10-16,ASML,1012.918212890625,1938400
2025-10-17,ASML,1022.5349731445312,1663700
2025-10-20,ASML,1035.33056640625,1271700
2025-10-21,ASML,1018.3128051757812,1072200
2025-10-22,ASML,1004.9508056640625,1328600
2025-10-23,ASML,1029.6282958984375,1318200
2025-10-24,ASML,1026.33984375,1032700
2025-10-27,ASML,1053.0439453125,1265600
2025-10-28,ASML,1045.593017578125,856900
2025-10-29,ASML,1065.7203369140625,1530000
2025-10-30,ASML,1070.308349609375,1283100
2025-10-31,ASML,1054.165771484375,1179400
2025-11-03,ASML,1061.7196044921875,868100
2025-11-04,ASML,1025.2149658203125,1735100
2025-11-05,ASML,1038.7598876953125,1169400
2025-11-06,ASML,1024.279296875,1073000
2025-11-07,ASML,1012.0979614257812,1841900
2025-11-10,ASML,1033.8236083984375,992900
2025-11-11,ASML,1017.5318603515625,1026000
2025-11-12,ASML,1032.3704833984375,961900
2025-11-13,ASML,1014.984130859375,1406300
2025-11-14,ASML,1002.1656494140625,1307800
2025-11-17,ASML,1015.1234741210938,1691500
2025-11-18,ASML,999.2596435546875,1414000
2025-11-19,ASML,1034.3609619140625,1587800
2025-11-20,ASML,976.3496704101562,2055100
2025-11-21,ASML,961.9488525390625,2481800
2025-11-24,ASML,983.0972900390625,1628100
2025-11-25,ASML,998.4236450195312,1193000
2025-11-26,ASML,1035.9931640625,1572400
2025-11-28,ASML,1054.93212890625,939700
2025-12-01,ASML,1082.788330078125,2103100
2025-12-02,ASML,1103.47900390625,1426000
2025-12-03,ASML,1135.46533203125,2059500
2025-12-04,ASML,1104.772705078125,1511800
2025-12-05,ASML,1094.21337890625,1054400
2025-12-08,ASML,1114.336669921875,1118800
2025-12-09,ASML,1106.126220703125,904700
2025-12-10,ASML,1113.9683837890625,1093600
2025-12-11,ASML,1117.4716796875,1403600
2025-12-12,ASML,1075.682373046875,1623000
2025-12-15,ASML,1082.619140625,1283400
2025-12-16,ASML,1070.905517578125,956300
2025-12-17,ASML,1010.5752563476562,2140900
2025-12-18,ASML,1031.3555908203125,1645400
2025-12-19,ASML,1050.97119140625,2319600
2025-12-22,ASML,1051.9266357421875,703700
2025-12-23,ASML,1056.7633056640625,543600
2025-12-24,ASML,1060.4259033203125,229800
2025-12-26,ASML,1067.6212158203125,363800
2025-12-29,ASML,1060.903564453125,424300
2025-12-30,ASML,1067.0142822265625,807300
2025-12-31,ASML,1064.7449951171875,561300
2026-01-02,ASML,1158.216064453125,2697900
2026-01-05,ASML,1222.3179931640625,3290600
2026-01-06,ASML,1236.2510986328125,1895800
2026-01-07,ASML,1222.5966796875,1351200
2026-01-08,ASML,1188.6099853515625,1682300
2026-01-09,ASML,1267.7896728515625,2394500
2026-01-12,ASML,1275.1043701171875,1488600
2026-01-13,ASML,1264.08740234375,1374200
2026-01-14,ASML,1257.67822265625,1536500
2026-01-15,ASML,1325.233642578125,2858400
2026-01-16,ASML,1352.0745849609375,2469100
2026-01-20,ASML,1319.7301025390625,2970800
2026-01-21,ASML,1353.58740234375,2387200
2026-01-22,ASML,1388.33056640625,1844200
2026-01-23,ASML,1382.3990478515625,1556300
2026-01-26,ASML,1406.5927734375,2001300
2026-01-27,ASML,1447.6356201171875,3473900
2026-01-28,ASML,1416.1171875,5036800
2026-01-29,ASML,1448.2030029296875,2818900
2026-01-30,ASML,1416.19677734375,2358800
2026-02-02,ASML,1434.4989013671875,1766600
2026-02-03,ASML,1389.206298828125,2205100
2026-02-04,ASML,1332.727783203125,2479400
2026-02-05,ASML,1343.7049560546875,1790200
2026-02-06,ASML,1406.2545166015625,1971000
2026-02-09,ASML,1422.6556396484375,1125100
2026-02-10,ASML,1408.7171630859375,1200600
2026-02-11,ASML,1430.65087890625,1139300
2026-02-12,ASML,1401.9906005859375,1518100
2026-02-13,ASML,1401.7315673828125,1248900
2026-02-17,ASML,1414.8558349609375,1097200
2026-02-18,ASML,1463.6259765625,1334400
2026-02-19,ASML,1453.8701171875,1135200
2026-02-20,ASML,1464.4930419921875,1102500
2026-02-23,ASML,1480.836181640625,1284200
2026-02-24,ASML,1492.6053466796875,1538900
2026-02-25,ASML,1521.2156982421875,1306900
2026-02-26,ASML,1458.72314453125,2177900
2026-02-27,ASML,1445.5291748046875,1358300
2026-03-02,ASML,1418.602783203125,1492400
2026-03-03,ASML,1356.2198486328125,2012500
2026-03-04,ASML,1394.5166015625,1486700
2026-03-05,ASML,1363.6141357421875,1804500
2026-03-06,ASML,1288.3162841796875,1900100
2026-03-09,ASML,1352.712158203125,1808900
2026-03-10,ASML,1378.60205078125,1650900
2026-03-11,ASML,1381.87060546875,1164700
2026-03-12,ASML,1346.892333984375,1780200
2026-03-13,ASML,1341.022705078125,1179000
2026-03-16,ASML,1370.7891845703125,1310400
2026-03-17,ASML,1384.342041015625,1135600
2026-03-18,ASML,1350.469970703125,1391400
2026-03-19,ASML,1361.6510009765625,1619100
2026-03-20,ASML,1312.681396484375,2645100
2026-03-23,ASML,1364.8697509765625,1983200
2026-03-24,ASML,1394.5665283203125,1801000
2026-03-25,ASML,1389.0556640625,1610000
2026-03-26,ASML,1324.888916015625,1721100
2026-03-27,ASML,1297.95263671875,1759700
2026-03-30,ASML,1249.6109619140625,2144500
2026-03-31,ASML,1316.2489013671875,1731500
2026-04-01,ASML,1355.0439453125,1745000
2026-04-02,ASML,1312.6614990234375,1883400
2026-04-06,ASML,1299.4873046875,1299200
2026-04-07,ASML,1301.9188232421875,1368900
2026-04-08,ASML,1416.1214599609375,2427300
2026-04-09,ASML,1443.61572265625,1579700
2026-04-10,ASML,1473.1529541015625,1519600
2026-04-13,ASML,1494.996826171875,1709400
2026-04-14,ASML,1513.0341796875,1769200
2026-04-15,ASML,1476.630859375,4251700
2026-04-16,ASML,1405.9368896484375,2626700
2026-04-17,ASML,1454.737060546875,1876500
2026-04-20,ASML,1471.379150390625,1091900
2026-04-21,ASML,1453.909912109375,1274600
2026-04-22,ASML,1438.653076171875,2621800
2026-04-23,ASML,1412.8826904296875,1800500
2026-04-24,ASML,1452.644287109375,1751800
2026-04-27,ASML,1430.5897216796875,1326200
2026-04-28,ASML,1382.771728515625,1926900
2026-04-29,ASML,1392.279296875,1256500
2026-04-30,ASML,1437.13134765625,1414400
2026-05-01,ASML,1425.1768798828125,707100
2026-05-04,ASML,1384.41943359375,1755700
2026-05-05,ASML,1441.0562744140625,1621400
2026-05-06,ASML,1542.7447509765625,2312400
2026-05-07,ASML,1514.64111328125,1726700
2026-05-08,ASML,1589.9637451171875,2288300
2026-05-11,ASML,1563.78759765625,2191300
2026-05-12,ASML,1518.9754638671875,1846800
2026-05-13,ASML,1579.537109375,1691200
2026-05-14,ASML,1582.46337890625,1412600
2026-05-15,ASML,1499.8702392578125,1807400
2026-05-18,ASML,1470.48828125,1664400
2026-05-19,ASML,1457.554931640625,1395400
2026-05-20,ASML,1548.1278076171875,1744500
2026-05-21,ASML,1589.9437255859375,1358400
2026-05-22,ASML,1630.7908935546875,1666700
2026-05-26,ASML,1629.9219970703125,1651000
2026-05-27,ASML,1595.80615234375,1361600
2026-05-28,ASML,1603.6959228515625,971600
2026-05-29,ASML,1610.6768798828125,1069400
2026-06-01,ASML,1626.4664306640625,1058900
2026-06-02,ASML,1703.167236328125,1484000
2026-06-03,ASML,1724.130126953125,1826900
2026-06-04,ASML,1755.199951171875,2248200
2026-06-05,ASML,1639.6195068359375,2744600
2026-06-08,ASML,1746.7808837890625,2062100
2026-06-09,ASML,1775.4737548828125,3151400
2026-06-10,ASML,1731.949951171875,2586400
2026-06-11,ASML,1897.0264892578125,2965600
2026-06-12,ASML,1861.14306640625,2529600
2026-06-15,ASML,1890.2154541015625,2339100
2026-06-16,ASML,1801.56005859375,1797600
2026-06-17,ASML,1865.4173583984375,2322900
2026-06-18,ASML,1927.1876220703125,2406100
2026-06-22,ASML,1926.7581787109375,1793300
2026-06-23,ASML,1776.162841796875,2415700
2026-06-24,ASML,1760.4931640625,2028200
2026-06-25,ASML,1838.8018798828125,2197000
2026-06-26,ASML,1792.302001953125,2840000
2026-06-29,ASML,1880.677734375,1760500
2026-06-30,ASML,1986.870361328125,2712600
2026-07-01,ASML,1840.6595458984375,2584700
2026-07-02,ASML,1767.03466796875,2699100
2026-07-06,ASML,1822.712646484375,1945000
2026-07-07,ASML,1745.023193359375,1863900
2026-07-08,ASML,1766.3656005859375,1424500
2026-07-09,ASML,1801.9195556640625,1547400
2026-07-10,ASML,1794.9984130859375,1218400
2026-07-13,ASML,1723.8106689453125,1419800
2026-07-14,ASML,1773.3465576171875,2529100
2026-07-15,ASML,1812.9254150390625,4189300
2026-07-16,ASML,1782.5645751953125,2581400
2026-07-17,ASML,1745.32275390625,2209400
2026-07-20,ASML,1736.7738037109375,1639000
2026-07-21,ASML,1799.18310546875,1681100
2026-07-22,ASML,1799.5325927734375,1007400
2026-07-23,ASML,1800.671142578125,1106700
2026-07-24,ASML,1754.8204345703125,1315000
2026-07-27,ASML,1653.1220703125,3325500
2026-07-28,ASML,1582.949951171875,3010100
2026-07-29,ASML,1550.68994140625,2538800
2026-07-30,ASML,1651.43994140625,2170500
2026-07-31,ASML,1629.0,1601400
2026-08-03,ASML,1642.52001953125,1437400
2026-08-04,ASML,1711.8900146484375,1526700
2026-08-05,ASML,1678.219970703125,1221000
2026-08-06,ASML,1704.3699951171875,1072500
2026-08-07,ASML,1740.989990234375,1064900
2026-08-10,ASML,1733.47998046875,1107000
2026-08-11,ASML,1799.3800048828125,1479700
2026-08-12,ASML,1810.0699462890625,1388800
2026-08-13,ASML,1847.9000244140625,1237900
2026-08-14,ASML,1844.0799560546875,929000
2026-08-17,ASML,1883.1199951171875,1285400
2026-08-18,ASML,1802.97998046875,1509300
2026-08-19,ASML,1751.72998046875,1463600
2026-08-20,ASML,1750.31005859375,825400
2026-08-21,ASML,1763.760009765625,972400
2026-08-24,ASML,1740.1300048828125,1202000
2026-08-25,ASML,1744.1600341796875,808900
2026-08-26,ASML,1745.6400146484375,873500
2026-08-27,ASML,1735.010009765625,1027200
2026-08-28,ASML,1696.1600341796875,1257700
2026-08-31,ASML,1696.010009765625,1212100
2026-09-01,ASML,1665.1400146484375,1004800
2026-09-02,ASML,1682.300048828125,872800
2026-09-03,ASML,1646.18994140625,1437500
2026-09-04,ASML,1714.8800048828125,1288700
2025-09-05,AMZN,232.3300018310547,36721800
2025-09-08,AMZN,235.83999633789062,33947100
2025-09-09,AMZN,238.24000549316406,27033800
2025-09-10,AMZN,230.3300018310547,60907700
2025-09-11,AMZN,229.9499969482422,37485600
2025-09-12,AMZN,228.14999389648438,38496200
2025-09-15,AMZN,231.42999267578125,33243300
2025-09-16,AMZN,234.0500030517578,38203900
2025-09-17,AMZN,231.6199951171875,42815200
2025-09-18,AMZN,231.22999572753906,37931700
2025-09-19,AMZN,231.47999572753906,97943200
2025-09-22,AMZN,227.6300048828125,45914500
2025-09-23,AMZN,220.7100067138672,70956200
2025-09-24,AMZN,220.2100067138672,49509000
2025-09-25,AMZN,218.14999389648438,52226300
2025-09-26,AMZN,219.77999877929688,41650100
2025-09-29,AMZN,222.1699981689453,44259200
2025-09-30,AMZN,219.57000732421875,48396400
2025-10-01,AMZN,220.6300048828125,43933800
2025-10-02,AMZN,222.41000366210938,41258600
2025-10-03,AMZN,219.50999450683594,43639000
2025-10-06,AMZN,220.89999389648438,43690900
2025-10-07,AMZN,221.77999877929688,31194700
2025-10-08,AMZN,225.22000122070312,46686000
2025-10-09,AMZN,227.74000549316406,46412100
2025-10-10,AMZN,216.3699951171875,72367500
2025-10-13,AMZN,220.07000732421875,37809700
2025-10-14,AMZN,216.38999938964844,45665600
2025-10-15,AMZN,215.57000732421875,45909500
2025-10-16,AMZN,214.47000122070312,42414600
2025-10-17,AMZN,213.0399932861328,45986900
2025-10-20,AMZN,216.47999572753906,38882800
2025-10-21,AMZN,222.02999877929688,50494600
2025-10-22,AMZN,217.9499969482422,44308500
2025-10-23,AMZN,221.08999633789062,31540000
2025-10-24,AMZN,224.2100067138672,38685100
2025-10-27,AMZN,226.97000122070312,38267000
2025-10-28,AMZN,229.25,47100000
2025-10-29,AMZN,230.3000030517578,52036200
2025-10-30,AMZN,222.86000061035156,102252900
2025-10-31,AMZN,244.22000122070312,166340800
2025-11-03,AMZN,254.0,95997800
2025-11-04,AMZN,249.32000732421875,51546300
2025-11-05,AMZN,250.1999969482422,40610700
2025-11-06,AMZN,243.0399932861328,46004200
2025-11-07,AMZN,244.41000366210938,46374300
2025-11-10,AMZN,248.39999389648438,36476500
2025-11-11,AMZN,249.10000610351562,23564100
2025-11-12,AMZN,244.1999969482422,31190100
2025-11-13,AMZN,237.5800018310547,41401700
2025-11-14,AMZN,234.69000244140625,38956700
2025-11-17,AMZN,232.8699951171875,59919000
2025-11-18,AMZN,222.5500030517578,60608400
2025-11-19,AMZN,222.69000244140625,58335600
2025-11-20,AMZN,217.13999938964844,50309000
2025-11-21,AMZN,220.69000244140625,68490500
2025-11-24,AMZN,226.27999877929688,54318400
2025-11-25,AMZN,229.6699981689453,39379300
2025-11-26,AMZN,229.16000366210938,38497900
2025-11-28,AMZN,233.22000122070312,20292300
2025-12-01,AMZN,233.8800048828125,42904000
2025-12-02,AMZN,234.4199981689453,45785400
2025-12-03,AMZN,232.3800048828125,35495100
2025-12-04,AMZN,229.11000061035156,45683200
2025-12-05,AMZN,229.52999877929688,33117400
2025-12-08,AMZN,226.88999938964844,35019200
2025-12-09,AMZN,227.9199981689453,25841700
2025-12-10,AMZN,231.77999877929688,38790700
2025-12-11,AMZN,230.27999877929688,28249600
2025-12-12,AMZN,226.19000244140625,35639100
2025-12-15,AMZN,222.5399932861328,47286100
2025-12-16,AMZN,222.55999755859375,39298900
2025-12-17,AMZN,221.27000427246094,44034400
2025-12-18,AMZN,226.75999450683594,50272400
2025-12-19,AMZN,227.35000610351562,85544400
2025-12-22,AMZN,228.42999267578125,32261300
2025-12-23,AMZN,232.13999938964844,29230200
2025-12-24,AMZN,232.3800048828125,11420500
2025-12-26,AMZN,232.52000427246094,15994700
2025-12-29,AMZN,232.07000732421875,19797900
2025-12-30,AMZN,232.52999877929688,21910500
2025-12-31,AMZN,230.82000732421875,24383700
2026-01-02,AMZN,226.5,51456200
2026-01-05,AMZN,233.05999755859375,49733300
2026-01-06,AMZN,240.92999267578125,53764700
2026-01-07,AMZN,241.55999755859375,42236500
2026-01-08,AMZN,246.2899932861328,39509800
2026-01-09,AMZN,247.3800048828125,34560000
2026-01-12,AMZN,246.47000122070312,35867800
2026-01-13,AMZN,242.60000610351562,38371800
2026-01-14,AMZN,236.64999389648438,41410600
2026-01-15,AMZN,238.17999267578125,43003600
2026-01-16,AMZN,239.1199951171875,45888300
2026-01-20,AMZN,231.0,47737900
2026-01-21,AMZN,231.30999755859375,47276100
2026-01-22,AMZN,234.33999633789062,31913300
2026-01-23,AMZN,239.16000366210938,33778500
2026-01-26,AMZN,238.4199981689453,32825500
2026-01-27,AMZN,244.67999267578125,38029200
2026-01-28,AMZN,243.00999450683594,40882700
2026-01-29,AMZN,241.72999572753906,47229600
2026-01-30,AMZN,239.3000030517578,46585000
2026-02-02,AMZN,242.9600067138672,37546100
2026-02-03,AMZN,238.6199951171875,53831300
2026-02-04,AMZN,232.99000549316406,51299900
2026-02-05,AMZN,222.69000244140625,103509200
2026-02-06,AMZN,210.32000732421875,179210900
2026-02-09,AMZN,208.72000122070312,91178400
2026-02-10,AMZN,206.9600067138672,67175000
2026-02-11,AMZN,204.0800018310547,65545500
2026-02-12,AMZN,199.60000610351562,83975400
2026-02-13,AMZN,198.7899932861328,66321600
2026-02-17,AMZN,201.14999389648438,69879200
2026-02-18,AMZN,204.7899932861328,51003300
2026-02-19,AMZN,204.86000061035156,35669600
2026-02-20,AMZN,210.11000061035156,65881600
2026-02-23,AMZN,205.27000427246094,53581500
2026-02-24,AMZN,208.55999755859375,41137200
2026-02-25,AMZN,210.63999938964844,41346400
2026-02-26,AMZN,207.9199981689453,47756800
2026-02-27,AMZN,210.0,57422800
2026-03-02,AMZN,208.38999938964844,46001000
2026-03-03,AMZN,208.72999572753906,43184900
2026-03-04,AMZN,216.82000732421875,54731100
2026-03-05,AMZN,218.94000244140625,60943400
2026-03-06,AMZN,213.2100067138672,51152700
2026-03-09,AMZN,213.49000549316406,54642900
2026-03-10,AMZN,214.3300018310547,35678800
2026-03-11,AMZN,212.64999389648438,34199300
2026-03-12,AMZN,209.52999877929688,44349500
2026-03-13,AMZN,207.6699981689453,35662100
2026-03-16,AMZN,211.74000549316406,42209300
2026-03-17,AMZN,215.1999969482422,44969900
2026-03-18,AMZN,209.8699951171875,37846600
2026-03-19,AMZN,208.75999450683594,36440600
2026-03-20,AMZN,205.3699951171875,63694600
2026-03-23,AMZN,210.13999938964844,44277400
2026-03-24,AMZN,207.24000549316406,35351400
2026-03-25,AMZN,211.7100067138672,36388800
2026-03-26,AMZN,207.5399932861328,46746000
2026-03-27,AMZN,199.33999633789062,56009800
2026-03-30,AMZN,200.9499969482422,46373800
2026-03-31,AMZN,208.27000427246094,58470100
2026-04-01,AMZN,210.57000732421875,45955400
2026-04-02,AMZN,209.77000427246094,31453000
2026-04-06,AMZN,212.7899932861328,25385500
2026-04-07,AMZN,213.77000427246094,28154600
2026-04-08,AMZN,221.25,51092700
2026-04-09,AMZN,233.64999389648438,65964200
2026-04-10,AMZN,238.3800048828125,56912800
2026-04-13,AMZN,239.88999938964844,42166200
2026-04-14,AMZN,249.02000427246094,72685000
2026-04-15,AMZN,248.5,43045200
2026-04-16,AMZN,249.6999969482422,41895700
2026-04-17,AMZN,250.55999755859375,52029300
2026-04-20,AMZN,248.27999877929688,39463100
2026-04-21,AMZN,249.91000366210938,42922400
2026-04-22,AMZN,255.36000061035156,36065100
2026-04-23,AMZN,255.0800018310547,39091400
2026-04-24,AMZN,263.989990234375,53777400
2026-04-27,AMZN,261.1199951171875,44906800
2026-04-28,AMZN,259.70001220703125,42204400
2026-04-29,AMZN,263.0400085449219,72367900
2026-04-30,AMZN,265.05999755859375,100974900
2026-05-01,AMZN,268.260009765625,50825200
2026-05-04,AMZN,272.04998779296875,49083700
2026-05-05,AMZN,273.54998779296875,41908500
2026-05-06,AMZN,274.989990234375,44552000
2026-05-07,AMZN,271.1700134277344,35892900
2026-05-08,AMZN,272.67999267578125,34732700
2026-05-11,AMZN,268.989990234375,38176700
2026-05-12,AMZN,265.82000732421875,36776200
2026-05-13,AMZN,270.1300048828125,39670900
2026-05-14,AMZN,267.2200012207031,31338400
2026-05-15,AMZN,264.1400146484375,40770300
2026-05-18,AMZN,264.8599853515625,33690800
2026-05-19,AMZN,259.3399963378906,40340700
2026-05-20,AMZN,265.010009765625,34933200
2026-05-21,AMZN,268.4599914550781,36591700
2026-05-22,AMZN,266.32000732421875,27535500
2026-05-26,AMZN,265.2900085449219,38028100
2026-05-27,AMZN,271.8500061035156,40061900
2026-05-28,AMZN,274.0,40630400
2026-05-29,AMZN,270.6400146484375,54749600
2026-06-01,AMZN,261.260009765625,53604400
2026-06-02,AMZN,256.5199890136719,41811000
2026-06-03,AMZN,250.02000427246094,51394200
2026-06-04,AMZN,253.7899932861328,35609800
2026-06-05,AMZN,246.02999877929688,55607800
2026-06-08,AMZN,245.22000122070312,33899500
2026-06-09,AMZN,244.19000244140625,44425400
2026-06-10,AMZN,238.0,38590200
2026-06-11,AMZN,241.50999450683594,41335400
2026-06-12,AMZN,238.5500030517578,51186600
2026-06-15,AMZN,246.02000427246094,41711600
2026-06-16,AMZN,246.0,35187400
2026-06-17,AMZN,237.5,44780800
2026-06-18,AMZN,244.38999938964844,75624400
2026-06-22,AMZN,232.7899932861328,68388500
2026-06-23,AMZN,234.11000061035156,60492600
2026-06-24,AMZN,234.27000427246094,70282600
2026-06-25,AMZN,227.00999450683594,77674100
2026-06-26,AMZN,232.69000244140625,248372100
2026-06-29,AMZN,240.13999938964844,77619200
2026-06-30,AMZN,238.33999633789062,66228300
2026-07-01,AMZN,241.6999969482422,53829900
2026-07-02,AMZN,242.6699981689453,48246400
2026-07-06,AMZN,244.16000366210938,40044000
2026-07-07,AMZN,245.97999572753906,40579600
2026-07-08,AMZN,243.6199951171875,29653000
2026-07-09,AMZN,247.0399932861328,38091700
2026-07-10,AMZN,245.33999633789062,31654000
2026-07-13,AMZN,247.30999755859375,34636100
2026-07-14,AMZN,247.49000549316406,30108100
2026-07-15,AMZN,254.9600067138672,45240600
2026-07-16,AMZN,249.88999938964844,45343700
2026-07-17,AMZN,247.22999572753906,43572400
2026-07-20,AMZN,249.99000549316406,32406500
2026-07-21,AMZN,247.5500030517578,27732100
2026-07-22,AMZN,244.85000610351562,34112700
2026-07-23,AMZN,233.66000366210938,47465300
2026-07-24,AMZN,232.11000061035156,35017400
2026-07-27,AMZN,231.38999938964844,34999500
2026-07-28,AMZN,230.86000061035156,44521600
2026-07-29,AMZN,226.64999389648438,44957500
2026-07-30,AMZN,235.5,101839800
2026-07-31,AMZN,271.5799865722656,129054800
2026-08-03,AMZN,284.0199890136719,90830200
2026-08-04,AMZN,277.4200134277344,69748100
2026-08-05,AMZN,272.6499938964844,45119800
2026-08-06,AMZN,272.260009765625,30672900
2026-08-07,AMZN,274.4800109863281,33861400
2026-08-10,AMZN,278.0899963378906,35731900
2026-08-11,AMZN,272.2699890136719,31895700
2026-08-12,AMZN,267.2799987792969,29941100
2026-08-13,AMZN,265.1300048828125,32170200
2026-08-14,AMZN,262.6499938964844,27251700
2026-08-17,AMZN,261.30999755859375,43896500
2026-08-18,AMZN,259.45001220703125,33171300
2026-08-19,AMZN,265.8399963378906,35762400
2026-08-20,AMZN,260.1099853515625,28374100
2026-08-21,AMZN,258.6300048828125,35723000
2026-08-24,AMZN,262.07000732421875,28070500
2026-08-25,AMZN,261.05999755859375,25550200
2026-08-26,AMZN,260.2799987792969,21528400
2026-08-27,AMZN,256.260009765625,35927800
2026-08-28,AMZN,266.42999267578125,49547400
2026-08-31,AMZN,259.7699890136719,46089400
2026-09-01,AMZN,254.9199981689453,31700100
2026-09-02,AMZN,254.97999572753906,24013300
2026-09-03,AMZN,258.8999938964844,26891500
2026-09-04,AMZN,258.510009765625,30698000
2025-09-05,NBIS,65.47000122070312,5811700
2025-09-08,NBIS,64.05999755859375,23050000
2025-09-09,NBIS,95.72000122070312,88378300
2025-09-10,NBIS,93.38999938964844,44690600
2025-09-11,NBIS,89.19000244140625,37580600
2025-09-12,NBIS,90.41000366210938,22844700
2025-09-15,NBIS,90.95999908447266,19391500
2025-09-16,NBIS,89.43000030517578,11737300
2025-09-17,NBIS,94.08000183105469,24500300
2025-09-18,NBIS,94.12000274658203,18068500
2025-09-19,NBIS,99.30999755859375,18649300
2025-09-22,NBIS,106.5999984741211,24365200
2025-09-23,NBIS,107.80000305175781,16693500
2025-09-24,NBIS,113.2300033569336,25341200
2025-09-25,NBIS,107.94000244140625,19658800
2025-09-26,NBIS,107.69999694824219,14915100
2025-09-29,NBIS,110.22000122070312,12067000
2025-09-30,NBIS,112.2699966430664,20425100
2025-10-01,NBIS,115.61000061035156,12008100
2025-10-02,NBIS,125.87000274658203,26887700
2025-10-03,NBIS,127.9800033569336,21351300
2025-10-06,NBIS,124.94000244140625,16311100
2025-10-07,NBIS,117.69999694824219,19574000
2025-10-08,NBIS,122.0,18005900
2025-10-09,NBIS,132.63999938964844,18124600
2025-10-10,NBIS,129.5800018310547,28268500
2025-10-13,NBIS,135.4600067138672,12788900
2025-10-14,NBIS,128.14999389648438,13109200
2025-10-15,NBIS,125.83000183105469,11708300
2025-10-16,NBIS,123.04000091552734,14207700
2025-10-17,NBIS,113.44000244140625,21366500
2025-10-20,NBIS,109.0,17799500
2025-10-21,NBIS,104.27999877929688,18455900
2025-10-22,NBIS,98.62000274658203,26631500
2025-10-23,NBIS,106.16000366210938,15803800
2025-10-24,NBIS,117.26000213623047,17411900
2025-10-27,NBIS,125.43000030517578,16809800
2025-10-28,NBIS,121.83000183105469,13455500
2025-10-29,NBIS,125.0999984741211,13952800
2025-10-30,NBIS,124.18000030517578,12204400
2025-10-31,NBIS,130.82000732421875,13389000
2025-11-03,NBIS,120.47000122070312,17247000
2025-11-04,NBIS,110.54000091552734,17818200
2025-11-05,NBIS,117.0,13977700
2025-11-06,NBIS,109.44000244140625,17314400
2025-11-07,NBIS,111.27999877929688,17614100
2025-11-10,NBIS,109.94999694824219,21363600
2025-11-11,NBIS,102.22000122070312,45261100
2025-11-12,NBIS,94.36000061035156,35913500
2025-11-13,NBIS,88.62999725341797,41803000
2025-11-14,NBIS,83.54000091552734,31948000
2025-11-17,NBIS,85.9800033569336,23478700
2025-11-18,NBIS,90.54000091552734,26661600
2025-11-19,NBIS,95.06999969482422,22040600
2025-11-20,NBIS,84.63999938964844,35775700
2025-11-21,NBIS,83.26000213623047,34963200
2025-11-24,NBIS,91.9000015258789,51066800
2025-11-25,NBIS,88.87999725341797,15021200
2025-11-26,NBIS,94.69000244140625,13545000
2025-11-28,NBIS,94.87000274658203,6018800
2025-12-01,NBIS,100.1500015258789,14462900
2025-12-02,NBIS,96.44999694824219,11332700
2025-12-03,NBIS,98.91999816894531,11307500
2025-12-04,NBIS,102.80000305175781,11234100
2025-12-05,NBIS,98.04000091552734,13041100
2025-12-08,NBIS,100.33000183105469,8737800
2025-12-09,NBIS,96.41000366210938,10060000
2025-12-10,NBIS,93.58999633789062,10080700
2025-12-11,NBIS,94.27999877929688,11896100
2025-12-12,NBIS,87.69000244140625,14990600
2025-12-15,NBIS,81.13999938964844,17138600
2025-12-16,NBIS,80.94999694824219,13847800
2025-12-17,NBIS,75.44999694824219,17064100
2025-12-18,NBIS,78.08999633789062,10345800
2025-12-19,NBIS,89.45999908447266,17558700
2025-12-22,NBIS,93.2300033569336,11303100
2025-12-23,NBIS,90.02999877929688,8885700
2025-12-24,NBIS,91.12999725341797,3338000
2025-12-26,NBIS,87.58999633789062,6234600
2025-12-29,NBIS,86.04000091552734,8076100
2025-12-30,NBIS,85.16999816894531,5802300
2025-12-31,NBIS,83.70500183105469,7055900
2026-01-02,NBIS,89.94999694824219,9099500
2026-01-05,NBIS,92.83000183105469,10025600
2026-01-06,NBIS,100.23999786376953,18739600
2026-01-07,NBIS,96.20999908447266,10185800
2026-01-08,NBIS,97.30000305175781,12952000
2026-01-09,NBIS,97.93000030517578,11735300
2026-01-12,NBIS,107.33000183105469,16033500
2026-01-13,NBIS,105.43000030517578,10405200
2026-01-14,NBIS,101.9800033569336,10468000
2026-01-15,NBIS,103.88500213623047,11190900
2026-01-16,NBIS,108.7300033569336,15674400
2026-01-20,NBIS,99.29000091552734,16768600
2026-01-21,NBIS,98.87000274658203,15470500
2026-01-22,NBIS,96.8499984741211,10237100
2026-01-23,NBIS,94.5,10064600
2026-01-26,NBIS,91.45999908447266,14675900
2026-01-27,NBIS,97.87000274658203,11670900
2026-01-28,NBIS,100.43000030517578,11834100
2026-01-29,NBIS,94.91000366210938,13332200
2026-01-30,NBIS,85.19000244140625,18182300
2026-02-02,NBIS,88.16000366210938,10501300
2026-02-03,NBIS,89.94999694824219,9743100
2026-02-04,NBIS,82.38999938964844,15962800
2026-02-05,NBIS,73.87000274658203,17441100
2026-02-06,NBIS,86.0999984741211,16895700
2026-02-09,NBIS,92.87999725341797,13235600
2026-02-10,NBIS,91.79000091552734,10388600
2026-02-11,NBIS,88.61000061035156,13933000
2026-02-12,NBIS,89.7300033569336,25735500
2026-02-13,NBIS,98.01000213623047,20543800
2026-02-17,NBIS,97.5199966430664,11665200
2026-02-18,NBIS,101.80000305175781,13132500
2026-02-19,NBIS,107.61000061035156,17315000
2026-02-20,NBIS,97.91999816894531,17238800
2026-02-23,NBIS,100.61000061035156,8882200
2026-02-24,NBIS,102.58000183105469,7436000
2026-02-25,NBIS,106.12000274658203,8737200
2026-02-26,NBIS,104.87999725341797,8529300
2026-02-27,NBIS,91.19000244140625,22945200
2026-03-02,NBIS,91.01000213623047,11049500
2026-03-03,NBIS,86.80000305175781,10158200
2026-03-04,NBIS,97.77999877929688,12975800
2026-03-05,NBIS,95.6500015258789,8769300
2026-03-06,NBIS,89.33000183105469,7829400
2026-03-09,NBIS,94.94000244140625,9983800
2026-03-10,NBIS,96.43000030517578,7125500
2026-03-11,NBIS,111.99500274658203,34845300
2026-03-12,NBIS,108.04000091552734,13302400
2026-03-13,NBIS,112.94999694824219,15433700
2026-03-16,NBIS,129.85000610351562,34657700
2026-03-17,NBIS,116.33000183105469,57203800
2026-03-18,NBIS,118.55999755859375,35792300
2026-03-19,NBIS,121.5199966430664,14606000
2026-03-20,NBIS,117.62000274658203,17414000
2026-03-23,NBIS,114.1500015258789,13470100
2026-03-24,NBIS,114.91000366210938,11830600
2026-03-25,NBIS,115.08999633789062,12131100
2026-03-26,NBIS,105.97000122070312,13405500
2026-03-27,NBIS,100.81999969482422,11552100
2026-03-30,NBIS,92.26000213623047,16685000
2026-03-31,NBIS,103.76000213623047,21546900
2026-04-01,NBIS,101.94999694824219,14922000
2026-04-02,NBIS,108.81999969482422,13686800
2026-04-06,NBIS,112.54000091552734,10920700
2026-04-07,NBIS,117.4000015258789,13136900
2026-04-08,NBIS,125.0,18679200
2026-04-09,NBIS,136.3300018310547,20407800
2026-04-10,NBIS,144.97000122070312,25785100
2026-04-13,NBIS,154.55999755859375,23439600
2026-04-14,NBIS,161.94000244140625,21983200
2026-04-15,NBIS,166.77000427246094,14356300
2026-04-16,NBIS,165.33999633789062,13912300
2026-04-17,NBIS,157.13999938964844,17203600
2026-04-20,NBIS,159.16000366210938,12962500
2026-04-21,NBIS,156.5500030517578,10061200
2026-04-22,NBIS,156.13999938964844,12899100
2026-04-23,NBIS,157.0800018310547,13968700
2026-04-24,NBIS,147.16000366210938,18386600
2026-04-27,NBIS,144.9600067138672,14122100
2026-04-28,NBIS,135.50999450683594,16041400
2026-04-29,NBIS,141.19000244140625,14962700
2026-04-30,NBIS,138.22999572753906,12682900
2026-05-01,NBIS,154.49000549316406,15854500
2026-05-04,NBIS,176.4199981689453,24793300
2026-05-05,NBIS,175.9199981689453,11763200
2026-05-06,NBIS,195.08999633789062,19331100
2026-05-07,NBIS,184.77000427246094,19203400
2026-05-08,NBIS,177.0500030517578,12929600
2026-05-11,NBIS,186.10000610351562,14061600
2026-05-12,NBIS,179.11000061035156,11723200
2026-05-13,NBIS,207.27000427246094,38770000
2026-05-14,NBIS,221.14999389648438,29737800
2026-05-15,NBIS,219.94000244140625,22919800
2026-05-18,NBIS,199.86000061035156,21056500
2026-05-19,NBIS,197.72999572753906,16832900
2026-05-20,NBIS,191.82000732421875,13064000
2026-05-21,NBIS,219.92999267578125,23027700
2026-05-22,NBIS,214.77000427246094,10606700
2026-05-26,NBIS,208.05999755859375,11287000
2026-05-27,NBIS,208.3699951171875,13981100
2026-05-28,NBIS,226.33999633789062,26016700
2026-05-29,NBIS,231.08999633789062,23748700
2026-06-01,NBIS,264.510009765625,24248900
2026-06-02,NBIS,260.5799865722656,14040400
2026-06-03,NBIS,251.67999267578125,11532600
2026-06-04,NBIS,259.6700134277344,12304800
2026-06-05,NBIS,227.80999755859375,20874000
2026-06-08,NBIS,218.0,14008400
2026-06-09,NBIS,220.1199951171875,22699200
2026-06-10,NBIS,211.69000244140625,15356600
2026-06-11,NBIS,222.24000549316406,14297100
2026-06-12,NBIS,232.36000061035156,17131300
2026-06-15,NBIS,260.07000732421875,16699200
2026-06-16,NBIS,265.1000061035156,14643700
2026-06-17,NBIS,280.9100036621094,24392300
2026-06-18,NBIS,286.69000244140625,36625500
2026-06-22,NBIS,283.6099853515625,14697600
2026-06-23,NBIS,275.25,18767700
2026-06-24,NBIS,259.6600036621094,15286300
2026-06-25,NBIS,256.6300048828125,14495500
2026-06-26,NBIS,240.3000030517578,13155000
2026-06-29,NBIS,261.1499938964844,14299200
2026-06-30,NBIS,276.1700134277344,12870300
2026-07-01,NBIS,229.17999267578125,30684800
2026-07-02,NBIS,215.6199951171875,24804700
2026-07-06,NBIS,213.02000427246094,14918900
2026-07-07,NBIS,195.19000244140625,17160800
2026-07-08,NBIS,216.47999572753906,17925700
2026-07-09,NBIS,216.1999969482422,13994700
2026-07-10,NBIS,219.64999389648438,11490500
2026-07-13,NBIS,210.50999450683594,10842300
2026-07-14,NBIS,194.08999633789062,17928500
2026-07-15,NBIS,199.50999450683594,18844400
2026-07-16,NBIS,171.77000427246094,28410900
2026-07-17,NBIS,177.7100067138672,24912200
2026-07-20,NBIS,182.6199951171875,16901600
2026-07-21,NBIS,216.9199981689453,25632600
2026-07-22,NBIS,218.16000366210938,16921100
2026-07-23,NBIS,220.97000122070312,15309800
2026-07-24,NBIS,187.77000427246094,24095300
2026-07-27,NBIS,187.8800048828125,18169100
2026-07-28,NBIS,169.69000244140625,28902400
2026-07-29,NBIS,148.22000122070312,39775900
2026-07-30,NBIS,188.42999267578125,42302400
2026-07-31,NBIS,190.41000366210938,25703400
2026-08-03,NBIS,212.5800018310547,28630300
2026-08-04,NBIS,225.74000549316406,21356700
2026-08-05,NBIS,218.99000549316406,15769000
2026-08-06,NBIS,189.8800048828125,26723800
2026-08-07,NBIS,187.97000122070312,22822900
2026-08-10,NBIS,184.11000061035156,16165200
2026-08-11,NBIS,193.22999572753906,22528700
2026-08-12,NBIS,259.20001220703125,63538200
2026-08-13,NBIS,255.0399932861328,36239100
2026-08-14,NBIS,277.67999267578125,29024700
2026-08-17,NBIS,268.8500061035156,19722300
2026-08-18,NBIS,248.42999267578125,22824200
2026-08-19,NBIS,223.89999389648438,50438600
2026-08-20,NBIS,220.11000061035156,28477900
2026-08-21,NBIS,219.1300048828125,20239700
2026-08-24,NBIS,210.91000366210938,16882300
2026-08-25,NBIS,221.97000122070312,13547900
2026-08-26,NBIS,213.92999267578125,10562800
2026-08-27,NBIS,218.47999572753906,16068200
2026-08-28,NBIS,209.17999267578125,13122100
2026-08-31,NBIS,206.32000732421875,10556100
2026-09-01,NBIS,199.5399932861328,10855900
2026-09-02,NBIS,204.08999633789062,10817900
2026-09-03,NBIS,210.6300048828125,10679600
2026-09-04,NBIS,226.38999938964844,14890300
2025-09-05,ORCL,230.17652893066406,15386100
2025-09-08,ORCL,235.79251098632812,18803000
2025-09-09,ORCL,238.7883758544922,41178700
2025-09-10,ORCL,324.6299743652344,131618100
2025-09-11,ORCL,304.3906555175781,69986000
2025-09-12,ORCL,288.8873596191406,51781900
2025-09-15,ORCL,298.73516845703125,40004000
2025-09-16,ORCL,303.19427490234375,51923300
2025-09-17,ORCL,298.01336669921875,27707900
2025-09-18,ORCL,293.27734375,24673100
2025-09-19,ORCL,305.1816711425781,40776200
2025-09-22,ORCL,324.4519958496094,44437500
2025-09-23,ORCL,310.2933654785156,35280200
2025-09-24,ORCL,304.98388671875,33765300
2025-09-25,ORCL,288.0469055175781,39274900
2025-09-26,ORCL,280.265625,25990700
2025-09-29,ORCL,279.5735168457031,25778500
2025-09-30,ORCL,278.0706481933594,23880800
2025-10-01,ORCL,285.7530822753906,23378300
2025-10-02,ORCL,285.525634765625,16215500
2025-10-03,ORCL,282.9154357910156,13688400
2025-10-06,ORCL,288.30401611328125,14076800
2025-10-07,ORCL,281.03680419921875,31723400
2025-10-08,ORCL,285.3773498535156,18982100
2025-10-09,ORCL,294.12298583984375,26479800
2025-10-10,ORCL,290.1612243652344,28895300
2025-10-13,ORCL,305.0674743652344,21703700
2025-10-14,ORCL,296.1435241699219,17346200
2025-10-15,ORCL,300.7193603515625,13698900
2025-10-16,ORCL,310.009765625,32500900
2025-10-17,ORCL,288.5270080566406,37653000
2025-10-20,ORCL,274.531982421875,32810700
2025-10-21,ORCL,272.5213928222656,18370800
2025-10-22,ORCL,270.05517578125,16474000
2025-10-23,ORCL,277.3943786621094,16872200
2025-10-24,ORCL,280.6231994628906,13194900
2025-10-27,ORCL,278.711669921875,13855800
2025-10-28,ORCL,278.1471252441406,12448500
2025-10-29,ORCL,272.6699523925781,18007100
2025-10-30,ORCL,254.43582153320312,27954200
2025-10-31,ORCL,260.1011657714844,16898700
2025-11-03,ORCL,255.38665771484375,15709200
2025-11-04,ORCL,245.7991180419922,19772600
2025-11-05,ORCL,247.91867065429688,11991500
2025-11-06,ORCL,241.4708709716797,18678300
2025-11-07,ORCL,236.97422790527344,20969300
2025-11-10,ORCL,238.5292510986328,16698700
2025-11-11,ORCL,233.8939666748047,20686600
2025-11-12,ORCL,224.82147216796875,24195000
2025-11-13,ORCL,215.491455078125,30009000
2025-11-14,ORCL,220.7210235595703,36053800
2025-11-17,ORCL,217.75958251953125,16143800
2025-11-18,ORCL,218.38356018066406,21098300
2025-11-19,ORCL,223.37542724609375,21679500
2025-11-20,ORCL,208.6772003173828,27459600
2025-11-21,ORCL,196.8611602783203,44834100
2025-11-24,ORCL,198.36663818359375,31144700
2025-11-25,ORCL,195.14768981933594,29595000
2025-11-26,ORCL,203.00193786621094,26544100
2025-11-28,ORCL,200.02069091796875,13848500
2025-12-01,ORCL,199.0203399658203,13461200
2025-12-02,ORCL,199.17881774902344,19664500
2025-12-03,ORCL,205.74546813964844,19060500
2025-12-04,ORCL,212.2824249267578,23316900
2025-12-05,ORCL,215.50135803222656,24208700
2025-12-08,ORCL,218.43309020996094,24711200
2025-12-09,ORCL,219.41363525390625,17643600
2025-12-10,ORCL,220.87948608398438,47928000
2025-12-11,ORCL,196.95030212402344,100612700
2025-12-12,ORCL,188.15513610839844,55201600
2025-12-15,ORCL,183.1533660888672,43897500
2025-12-16,ORCL,186.84774780273438,32433500
2025-12-17,ORCL,176.75509643554688,50222000
2025-12-18,ORCL,178.3101043701172,36297300
2025-12-19,ORCL,190.13601684570312,77008600
2025-12-22,ORCL,196.48480224609375,27148000
2025-12-23,ORCL,193.4738311767578,18301600
2025-12-24,ORCL,195.60330200195312,9282700
2025-12-26,ORCL,196.09852600097656,11262000
2025-12-29,ORCL,193.51345825195312,14748100
2025-12-30,ORCL,195.3259735107422,14197400
2025-12-31,ORCL,193.04794311523438,10341500
2026-01-02,ORCL,193.84030151367188,14540700
2026-01-05,ORCL,190.75009155273438,22635500
2026-01-06,ORCL,191.89903259277344,16474500
2026-01-07,ORCL,190.99771118164062,11171200
2026-01-08,ORCL,187.8381805419922,19468500
2026-01-09,ORCL,197.14321899414062,26152700
2026-01-12,ORCL,203.26048278808594,25428500
2026-01-13,ORCL,200.88705444335938,15857400
2026-01-14,ORCL,192.26727294921875,22473200
2026-01-15,ORCL,188.53334045410156,16418600
2026-01-16,ORCL,189.76473999023438,19224700
2026-01-20,ORCL,178.6721954345703,29129500
2026-01-21,ORCL,172.67410278320312,38190000
2026-01-22,ORCL,176.9442596435547,21141900
2026-01-23,ORCL,175.9313507080078,23011300
2026-01-26,ORCL,181.17474365234375,21100400
2026-01-27,ORCL,173.68701171875,27093700
2026-01-28,ORCL,171.60157775878906,35882700
2026-01-29,ORCL,167.83786010742188,37254500
2026-01-30,ORCL,163.43858337402344,27362400
2026-02-02,ORCL,158.94993591308594,47421000
2026-02-03,ORCL,153.59732055664062,43260100
2026-02-04,ORCL,145.65280151367188,42323400
2026-02-05,ORCL,135.53347778320312,42789000
2026-02-06,ORCL,141.8295135498047,29962400
2026-02-09,ORCL,155.50399780273438,49936500
2026-02-10,ORCL,158.78111267089844,40092200
2026-02-11,ORCL,156.07005310058594,24538900
2026-02-12,ORCL,155.39476013183594,23285400
2026-02-13,ORCL,159.02938842773438,18597000
2026-02-17,ORCL,152.9021759033203,19610800
2026-02-18,ORCL,155.08692932128906,14801100
2026-02-19,ORCL,155.454345703125,14976300
2026-02-20,ORCL,147.0530242919922,29621900
2026-02-23,ORCL,140.32997131347656,31749800
2026-02-24,ORCL,145.12648010253906,21336600
2026-02-25,ORCL,146.8643341064453,27303900
2026-02-26,ORCL,149.26754760742188,20652200
2026-02-27,ORCL,144.3916015625,36425200
2026-03-02,ORCL,148.21490478515625,22418800
2026-03-03,ORCL,147.97657775878906,20120800
2026-03-04,ORCL,151.31326293945312,17585400
2026-03-05,ORCL,153.7164764404297,24094800
2026-03-06,ORCL,151.89918518066406,38000600
2026-03-09,ORCL,150.50888061523438,31173500
2026-03-10,ORCL,148.36386108398438,51544600
2026-03-11,ORCL,161.98870849609375,83247500
2026-03-12,ORCL,158.0561981201172,37133700
2026-03-13,ORCL,154.03427124023438,26350400
2026-03-16,ORCL,154.8883056640625,21607700
2026-03-17,ORCL,153.6171875,23929500
2026-03-18,ORCL,151.83958435058594,18051100
2026-03-19,ORCL,154.44143676757812,22046100
2026-03-20,ORCL,148.6419219970703,37551400
2026-03-23,ORCL,153.2696075439453,19927900
2026-03-24,ORCL,146.06988525390625,26122100
2026-03-25,ORCL,145.00732421875,20683800
2026-03-26,ORCL,141.81956481933594,16961900
2026-03-27,ORCL,138.69142150878906,17929600
2026-03-30,ORCL,137.83738708496094,20125700
2026-03-31,ORCL,146.08975219726562,24492000
2026-04-01,ORCL,144.22279357910156,20495900
2026-04-02,ORCL,145.3648223876953,14381900
2026-04-06,ORCL,144.53062438964844,12556700
2026-04-07,ORCL,142.1770782470703,17250400
2026-04-08,ORCL,142.66368103027344,23527000
2026-04-09,ORCL,137.38204956054688,30407800
2026-04-10,ORCL,137.6112518310547,26171800
2026-04-13,ORCL,155.08047485351562,49997700
2026-04-14,ORCL,162.4348907470703,59779800
2026-04-15,ORCL,169.22128295898438,43010800
2026-04-16,ORCL,177.72171020507812,46997300
2026-04-17,ORCL,174.4530792236328,45282600
2026-04-20,ORCL,176.96435546875,22330900
2026-04-21,ORCL,180.54190063476562,39638000
2026-04-22,ORCL,186.84996032714844,32448800
2026-04-23,ORCL,175.66885375976562,37084200
2026-04-24,ORCL,172.67926025390625,33215000
2026-04-27,ORCL,172.36036682128906,21616600
2026-04-28,ORCL,165.3846435546875,33716500
2026-04-29,ORCL,163.26202392578125,20587500
2026-04-30,ORCL,160.83047485351562,21016400
2026-05-01,ORCL,171.23428344726562,26318000
2026-05-04,ORCL,179.66494750976562,33504500
2026-05-05,ORCL,184.70741271972656,23497200
2026-05-06,ORCL,193.35731506347656,27685500
2026-05-07,ORCL,193.91537475585938,31803200
2026-05-08,ORCL,195.27066040039062,21158300
2026-05-11,ORCL,193.16796875,16890600
2026-05-12,ORCL,186.18228149414062,22123400
2026-05-13,ORCL,189.10211181640625,15789300
2026-05-14,ORCL,194.9318389892578,22545000
2026-05-15,ORCL,192.2810516357422,15747100
2026-05-18,ORCL,185.96304321289062,19114300
2026-05-19,ORCL,180.83090209960938,16717700
2026-05-20,ORCL,187.50767517089844,16517200
2026-05-21,ORCL,189.11209106445312,12119700
2026-05-22,ORCL,191.41407775878906,10875800
2026-05-26,ORCL,192.3906707763672,12856100
2026-05-27,ORCL,190.2979736328125,12126000
2026-05-28,ORCL,202.99378967285156,25339900
2026-05-29,ORCL,224.9972381591797,41082200
2026-06-01,ORCL,247.28968811035156,48390000
2026-06-02,ORCL,243.73207092285156,30294800
2026-06-03,ORCL,229.53146362304688,23644700
2026-06-04,ORCL,235.5206298828125,19993800
2026-06-05,ORCL,212.93917846679688,29019900
2026-06-08,ORCL,211.0856475830078,17227200
2026-06-09,ORCL,205.0964813232422,26040700
2026-06-10,ORCL,200.56224060058594,46108300
2026-06-11,ORCL,183.4617462158203,63678500
2026-06-12,ORCL,183.49163818359375,29562300
2026-06-15,ORCL,191.97213745117188,20279900
2026-06-16,ORCL,187.6770782470703,16985500
2026-06-17,ORCL,182.8937225341797,16616600
2026-06-18,ORCL,183.6510772705078,31386100
2026-06-22,ORCL,174.4630584716797,22935400
2026-06-23,ORCL,164.58740234375,33327900
2026-06-24,ORCL,156.98385620117188,38305000
2026-06-25,ORCL,151.9314422607422,36844400
2026-06-26,ORCL,148.0150604248047,36532100
2026-06-29,ORCL,147.2477264404297,34310300
2026-06-30,ORCL,146.04193115234375,35926900
2026-07-01,ORCL,142.00596618652344,45964000
2026-07-02,ORCL,139.78370666503906,44166700
2026-07-06,ORCL,143.2615966796875,36683000
2026-07-07,ORCL,141.1090850830078,47200000
2026-07-08,ORCL,140.00294494628906,34607300
2026-07-09,ORCL,143.72000122070312,35221900
2026-07-10,ORCL,140.63999938964844,29843300
2026-07-13,ORCL,131.5399932861328,56690300
2026-07-14,ORCL,127.94000244140625,52670400
2026-07-15,ORCL,132.49000549316406,48520400
2026-07-16,ORCL,124.20999908447266,54780900
2026-07-17,ORCL,126.41000366210938,39917100
2026-07-20,ORCL,121.37999725341797,36793200
2026-07-21,ORCL,127.05000305175781,27748100
2026-07-22,ORCL,125.83999633789062,21096700
2026-07-23,ORCL,120.04000091552734,30900600
2026-07-24,ORCL,114.98999786376953,46405700
2026-07-27,ORCL,119.9000015258789,36916600
2026-07-28,ORCL,119.95999908447266,32665400
2026-07-29,ORCL,117.73999786376953,28081800
2026-07-30,ORCL,127.55999755859375,41338400
2026-07-31,ORCL,129.8699951171875,34438700
2026-08-03,ORCL,141.85000610351562,49696900
2026-08-04,ORCL,145.74000549316406,43723500
2026-08-05,ORCL,144.38999938964844,23524100
2026-08-06,ORCL,143.47000122070312,23073300
2026-08-07,ORCL,147.02000427246094,22874000
2026-08-10,ORCL,151.0500030517578,24265000
2026-08-11,ORCL,145.47999572753906,28761800
2026-08-12,ORCL,153.27999877929688,43559400
2026-08-13,ORCL,156.22000122070312,25740000
2026-08-14,ORCL,150.52000427246094,21905500
2026-08-17,ORCL,146.64999389648438,20668000
2026-08-18,ORCL,142.7899932861328,19152300
2026-08-19,ORCL,143.80999755859375,26552900
2026-08-20,ORCL,142.07000732421875,15184400
2026-08-21,ORCL,146.47000122070312,19635000
2026-08-24,ORCL,142.4499969482422,14158600
2026-08-25,ORCL,144.75999450683594,13329400
2026-08-26,ORCL,148.8699951171875,18426100
2026-08-27,ORCL,151.94000244140625,30251400
2026-08-28,ORCL,150.85000610351562,17800000
2026-08-31,ORCL,149.1199951171875,16118900
2026-09-01,ORCL,141.32000732421875,25443300
2026-09-02,ORCL,145.75,21906700
2026-09-03,ORCL,154.0399932861328,25101700
2026-09-04,ORCL,158.77999877929688,26430100
2025-09-05,SOXX,245.9025421142578,17105500
2025-09-08,SOXX,247.69418334960938,10290500
2025-09-09,SOXX,247.9031982421875,9305200
2025-09-10,SOXX,252.2728271484375,13398400
2025-09-11,SOXX,254.00474548339844,10286200
2025-09-12,SOXX,254.45265197753906,7144200
2025-09-15,SOXX,256.60260009765625,7239200
2025-09-16,SOXX,257.92022705078125,7543300
2025-09-17,SOXX,257.8703918457031,6566900
2025-09-18,SOXX,266.88726806640625,12601600
2025-09-19,SOXX,265.181640625,5839100
2025-09-22,SOXX,269.1415100097656,5721400
2025-09-23,SOXX,268.82232666015625,6068300
2025-09-24,SOXX,268.41339111328125,7825500
2025-09-25,SOXX,267.5555725097656,11157800
2025-09-26,SOXX,268.1440734863281,7244300
2025-09-29,SOXX,268.2438049316406,5954900
2025-09-30,SOXX,270.42822265625,7091800
2025-10-01,SOXX,275.6349182128906,9339600
2025-10-02,SOXX,280.97125244140625,7250000
2025-10-03,SOXX,279.24566650390625,8629100
2025-10-06,SOXX,287.624267578125,11275000
2025-10-07,SOXX,281.19073486328125,9952000
2025-10-08,SOXX,290.796142578125,9301700
2025-10-09,SOXX,289.4495849609375,7603500
2025-10-10,SOXX,271.2959899902344,26691200
2025-10-13,SOXX,284.1431579589844,8703400
2025-10-14,SOXX,278.31805419921875,8476000
2025-10-15,SOXX,286.9060974121094,7595200
2025-10-16,SOXX,288.24267578125,7410400
2025-10-17,SOXX,287.4347229003906,6261500
2025-10-20,SOXX,292.2225036621094,5832300
2025-10-21,SOXX,290.5866394042969,3965200
2025-10-22,SOXX,283.405029296875,7875300
2025-10-23,SOXX,290.3173522949219,5374800
2025-10-24,SOXX,295.1051025390625,4621200
2025-10-27,SOXX,303.30413818359375,5165000
2025-10-28,SOXX,303.6731872558594,4156400
2025-10-29,SOXX,308.81005859375,4503100
2025-10-30,SOXX,304.6307373046875,4630700
2025-10-31,SOXX,305.767822265625,5163900
2025-11-03,SOXX,307.5931701660156,3750800
2025-11-04,SOXX,295.50408935546875,5288800
2025-11-05,SOXX,304.6905822753906,4949400
2025-11-06,SOXX,296.74090576171875,8548300
2025-11-07,SOXX,293.6288757324219,13798600
2025-11-10,SOXX,301.2294616699219,6030800
2025-11-11,SOXX,294.39691162109375,5877900
2025-11-12,SOXX,298.9053955078125,4145000
2025-11-13,SOXX,288.64166259765625,10980600
2025-11-14,SOXX,287.7838134765625,7142000
2025-11-17,SOXX,282.83648681640625,8188700
2025-11-18,SOXX,276.2732849121094,11103100
2025-11-19,SOXX,280.8914489746094,5108100
2025-11-20,SOXX,267.41595458984375,13398300
2025-11-21,SOXX,270.13897705078125,15355900
2025-11-24,SOXX,281.97869873046875,6424800
2025-11-25,SOXX,282.8564453125,5942800
2025-11-26,SOXX,290.64654541015625,5818300
2025-11-28,SOXX,295.98284912109375,3038000
2025-12-01,SOXX,296.16241455078125,3933000
2025-12-02,SOXX,302.0672912597656,5086900
2025-12-03,SOXX,308.5706787109375,3867100
2025-12-04,SOXX,305.49853515625,4639700
2025-12-05,SOXX,308.6105651855469,4338100
2025-12-08,SOXX,311.9620056152344,3620900
2025-12-09,SOXX,311.38348388671875,2775300
2025-12-10,SOXX,315.5228576660156,5093800
2025-12-11,SOXX,313.7174987792969,6504700
2025-12-12,SOXX,298.7159118652344,13813600
2025-12-15,SOXX,297.2496337890625,5241800
2025-12-16,SOXX,295.87713623046875,5850400
2025-12-17,SOXX,284.9190979003906,10422000
2025-12-18,SOXX,291.7216796875,6740400
2025-12-19,SOXX,299.4831848144531,5075000
2025-12-22,SOXX,303.5087890625,4019000
2025-12-23,SOXX,304.6275634765625,2708600
2025-12-24,SOXX,305.8063049316406,1723200
2025-12-26,SOXX,305.7063903808594,1860900
2025-12-29,SOXX,304.9871826171875,3620700
2025-12-30,SOXX,304.587646484375,2984800
2025-12-31,SOXX,300.82171630859375,2954200
2026-01-02,SOXX,313.3480529785156,8491300
2026-01-05,SOXX,317.7132873535156,7923200
2026-01-06,SOXX,327.9920654296875,7579900
2026-01-07,SOXX,324.5358581542969,4528500
2026-01-08,SOXX,319.23162841796875,5408300
2026-01-09,SOXX,328.421630859375,7323100
2026-01-12,SOXX,329.9898986816406,5159600
2026-01-13,SOXX,332.9366455078125,3835900
2026-01-14,SOXX,331.5382080078125,5468900
2026-01-15,SOXX,336.8524169921875,6531500
2026-01-16,SOXX,342.0966796875,5127300
2026-01-20,SOXX,336.9822998046875,6232600
2026-01-21,SOXX,347.7605285644531,7204200
2026-01-22,SOXX,348.2899475097656,4662000
2026-01-23,SOXX,344.334228515625,4335900
2026-01-26,SOXX,342.696044921875,4458700
2026-01-27,SOXX,350.6972961425781,5293600
2026-01-28,SOXX,360.0670471191406,5364000
2026-01-29,SOXX,360.7363586425781,8446200
2026-01-30,SOXX,345.9224853515625,8719100
2026-02-02,SOXX,352.3055419921875,7758000
2026-02-03,SOXX,345.26324462890625,8371200
2026-02-04,SOXX,330.0198669433594,15231400
2026-02-05,SOXX,330.4693603515625,10406500
2026-02-06,SOXX,348.130126953125,9096100
2026-02-09,SOXX,352.3854675292969,7091400
2026-02-10,SOXX,351.04693603515625,6252400
2026-02-11,SOXX,359.807373046875,7497000
2026-02-12,SOXX,351.1168518066406,9488000
2026-02-13,SOXX,354.27337646484375,5963000
2026-02-17,SOXX,353.7140197753906,4068900
2026-02-18,SOXX,357.5298767089844,5681200
2026-02-19,SOXX,355.4521179199219,5576400
2026-02-20,SOXX,359.0381774902344,6013600
2026-02-23,SOXX,356.4310607910156,6339800
2026-02-24,SOXX,361.6453857421875,6206000
2026-02-25,SOXX,367.5988464355469,4539900
2026-02-26,SOXX,356.4110412597656,13329100
2026-02-27,SOXX,351.9059753417969,6250200
2026-03-02,SOXX,351.6662292480469,7284000
2026-03-03,SOXX,334.4150695800781,17946100
2026-03-04,SOXX,341.1676940917969,10649900
2026-03-05,SOXX,337.3918151855469,7239300
2026-03-06,SOXX,323.1573791503906,8733700
2026-03-09,SOXX,336.0033264160156,9824600
2026-03-10,SOXX,338.440673828125,7471000
2026-03-11,SOXX,341.71710205078125,6215100
2026-03-12,SOXX,329.830078125,8008100
2026-03-13,SOXX,330.9588317871094,6450800
2026-03-16,SOXX,337.46173095703125,8018200
2026-03-17,SOXX,340.0885009765625,4472100
2026-03-18,SOXX,338.12945556640625,6363900
2026-03-19,SOXX,340.0385437011719,8292100
2026-03-20,SOXX,332.3522033691406,9441300
2026-03-23,SOXX,336.43023681640625,8151000
2026-03-24,SOXX,340.8581237792969,5287500
2026-03-25,SOXX,345.08612060546875,5869000
2026-03-26,SOXX,328.69390869140625,10172400
2026-03-27,SOXX,323.32647705078125,6334800
2026-03-30,SOXX,309.6429748535156,13204800
2026-03-31,SOXX,328.5039978027344,14036500
2026-04-01,SOXX,338.37933349609375,10130800
2026-04-02,SOXX,339.44879150390625,6521000
2026-04-06,SOXX,343.9366760253906,3105000
2026-04-07,SOXX,347.5949401855469,4026000
2026-04-08,SOXX,370.22418212890625,9868700
2026-04-09,SOXX,378.4502868652344,6036700
2026-04-10,SOXX,386.41650390625,5596900
2026-04-13,SOXX,393.1532897949219,4377400
2026-04-14,SOXX,401.049560546875,5202600
2026-04-15,SOXX,401.66925048828125,5570200
2026-04-16,SOXX,405.75732421875,4400500
2026-04-17,SOXX,415.5126953125,5729100
2026-04-20,SOXX,417.351806640625,3493500
2026-04-21,SOXX,420.5003356933594,3676800
2026-04-22,SOXX,431.5650634765625,6557600
2026-04-23,SOXX,440.7906799316406,10812400
2026-04-24,SOXX,461.38092041015625,9072000
2026-04-27,SOXX,455.19384765625,8924600
2026-04-28,SOXX,438.50177001953125,11014900
2026-04-29,SOXX,449.7763977050781,5972800
2026-04-30,SOXX,461.2209777832031,5170200
2026-05-01,SOXX,465.5289306640625,4155900
2026-05-04,SOXX,461.8406982421875,5233100
2026-05-05,SOXX,482.5008850097656,7203000
2026-05-06,SOXX,506.6294250488281,9768600
2026-05-07,SOXX,492.12628173828125,9913700
2026-05-08,SOXX,520.0530395507812,7754500
2026-05-11,SOXX,532.5071411132812,7492600
2026-05-12,SOXX,515.7450561523438,14660600
2026-05-13,SOXX,528.0392456054688,7346400
2026-05-14,SOXX,529.7784423828125,5212400
2026-05-15,SOXX,508.27862548828125,9388200
2026-05-18,SOXX,495.6346435546875,9999000
2026-05-19,SOXX,496.50421142578125,12217000
2026-05-20,SOXX,520.0630493164062,9457600
2026-05-21,SOXX,524.4609985351562,6749900
2026-05-22,SOXX,537.0750122070312,7671100
2026-05-26,SOXX,569.8194580078125,8926200
2026-05-27,SOXX,563.7122802734375,11412400
2026-05-28,SOXX,569.19970703125,6763900
2026-05-29,SOXX,568.8099365234375,7323900
2026-06-01,SOXX,571.6585083007812,6999500
2026-06-02,SOXX,604.7328491210938,7475400
2026-06-03,SOXX,615.3877563476562,8564700
2026-06-04,SOXX,602.4338989257812,11445300
2026-06-05,SOXX,539.5138549804688,22377300
2026-06-08,SOXX,571.1787719726562,12843000
2026-06-09,SOXX,561.8732299804688,24548100
2026-06-10,SOXX,541.2529907226562,16672200
2026-06-11,SOXX,586.6514282226562,12295400
2026-06-12,SOXX,595.9669799804688,9928200
2026-06-15,SOXX,628.4500122070312,8170800
2026-06-16,SOXX,591.239990234375,11204900
2026-06-17,SOXX,599.72998046875,8948400
2026-06-18,SOXX,639.4500122070312,9666000
2026-06-22,SOXX,655.010009765625,7782700
2026-06-23,SOXX,603.3900146484375,12712200
2026-06-24,SOXX,601.5,9230700
2026-06-25,SOXX,625.2000122070312,12713200
2026-06-26,SOXX,589.9400024414062,11017500
2026-06-29,SOXX,614.3499755859375,11036800
2026-06-30,SOXX,640.760009765625,10112600
2026-07-01,SOXX,599.7000122070312,9983000
2026-07-02,SOXX,566.3200073242188,16092600
2026-07-06,SOXX,581.510009765625,8419400
2026-07-07,SOXX,551.6900024414062,12285700
2026-07-08,SOXX,562.030029296875,7195400
2026-07-09,SOXX,581.7000122070312,10026200
2026-07-10,SOXX,581.3400268554688,5861000
2026-07-13,SOXX,553.6099853515625,8307000
2026-07-14,SOXX,567.9199829101562,7372300
2026-07-15,SOXX,555.27001953125,10199600
2026-07-16,SOXX,530.5,10343300
2026-07-17,SOXX,521.8099975585938,15576800
2026-07-20,SOXX,524.1400146484375,6533100
2026-07-21,SOXX,552.6900024414062,10079700
2026-07-22,SOXX,555.52001953125,6268400
2026-07-23,SOXX,551.239990234375,6689500
2026-07-24,SOXX,527.010009765625,10952000
2026-07-27,SOXX,516.22998046875,13472800
2026-07-28,SOXX,491.4599914550781,14904200
2026-07-29,SOXX,465.0,18817200
2026-07-30,SOXX,504.5299987792969,17477800
2026-07-31,SOXX,504.8900146484375,13113700
2026-08-03,SOXX,507.67999267578125,10302000
2026-08-04,SOXX,542.2100219726562,10898600
2026-08-05,SOXX,530.7000122070312,9649300
2026-08-06,SOXX,532.52001953125,7654700
2026-08-07,SOXX,543.27001953125,5262600
2026-08-10,SOXX,529.3900146484375,8763500
2026-08-11,SOXX,534.2000122070312,7176100
2026-08-12,SOXX,546.6099853515625,7723600
2026-08-13,SOXX,550.739990234375,5940700
2026-08-14,SOXX,550.4199829101562,4309800
2026-08-17,SOXX,559.1199951171875,5745000
2026-08-18,SOXX,531.3900146484375,9993900
2026-08-19,SOXX,519.6699829101562,8413800
2026-08-20,SOXX,522.3499755859375,6269000
2026-08-21,SOXX,520.0499877929688,6255600
2026-08-24,SOXX,506.17999267578125,7828600
2026-08-25,SOXX,514.0599975585938,6445900
2026-08-26,SOXX,515.4000244140625,4322200
2026-08-27,SOXX,525.4299926757812,9046000
2026-08-28,SOXX,508.6199951171875,8468500
2026-08-31,SOXX,511.0400085449219,6241500
2026-09-01,SOXX,500.30999755859375,8049500
2026-09-02,SOXX,501.44000244140625,5804100
2026-09-03,SOXX,502.20001220703125,6445600
2026-09-04,SOXX,519.8599853515625,9211300
2025-09-05,TSM,240.7474822998047,14056600
2025-09-08,TSM,244.48611450195312,12986600
2025-09-09,TSM,248.17532348632812,13443400
2025-09-10,TSM,257.5911865234375,18822400
2025-09-11,TSM,256.077880859375,10005000
2025-09-12,TSM,256.4932861328125,8496600
2025-09-15,TSM,258.52093505859375,8147700
2025-09-16,TSM,260.0111389160156,10381900
2025-09-17,TSM,260.7354431152344,10422000
2025-09-18,TSM,266.5397033691406,16917300
2025-09-19,TSM,262.7991943359375,17640200
2025-09-22,TSM,270.49853515625,15630300
2025-09-23,TSM,280.49969482421875,17830300
2025-09-24,TSM,278.5153503417969,10231000
2025-09-25,TSM,274.49700927734375,11863400
2025-09-26,TSM,271.2228088378906,10451900
2025-09-29,TSM,271.0938415527344,8046200
2025-09-30,TSM,277.1064758300781,8348800
2025-10-01,TSM,286.2146911621094,14620100
2025-10-02,TSM,285.8575134277344,10198000
2025-10-03,TSM,289.90557861328125,10572500
2025-10-06,TSM,300.0357971191406,15785000
2025-10-07,TSM,291.7311706542969,13081000
2025-10-08,TSM,302.13916015625,12821200
2025-10-09,TSM,297.5354919433594,10259900
2025-10-10,TSM,278.4657287597656,23398000
2025-10-13,TSM,300.52197265625,20318300
2025-10-14,TSM,293.6262512207031,16567900
2025-10-15,TSM,302.32769775390625,20788000
2025-10-16,TSM,297.49578857421875,26341500
2025-10-17,TSM,292.7729797363281,17633300
2025-10-20,TSM,295.3725280761719,13391600
2025-10-21,TSM,292.20745849609375,11190500
2025-10-22,TSM,286.6214904785156,15409100
2025-10-23,TSM,288.45703125,10379900
2025-10-24,TSM,292.6539306640625,8747000
2025-10-27,TSM,295.918212890625,13615000
2025-10-28,TSM,299.17254638671875,11804200
2025-10-29,TSM,302.7047424316406,16177300
2025-10-30,TSM,300.849365234375,14507100
2025-10-31,TSM,298.0811767578125,12667900
2025-11-03,TSM,302.47650146484375,12466600
2025-11-04,TSM,291.7510681152344,16224300
2025-11-05,TSM,291.3442687988281,10502500
2025-11-06,TSM,286.9786376953125,11516900
2025-11-07,TSM,284.26007080078125,15715700
2025-11-10,TSM,292.9615173339844,10869200
2025-11-11,TSM,288.8935546875,9666300
2025-11-12,TSM,288.347900390625,9715900
2025-11-13,TSM,279.99371337890625,13827600
2025-11-14,TSM,282.5932312011719,11486800
2025-11-17,TSM,279.8052062988281,10227100
2025-11-18,TSM,275.73724365234375,11850400
2025-11-19,TSM,280.1623840332031,11179200
2025-11-20,TSM,275.3304443359375,15747300
2025-11-21,TSM,272.9095153808594,20872800
2025-11-24,TSM,282.4146423339844,13570300
2025-11-25,TSM,282.45428466796875,13726800
2025-11-26,TSM,287.6930236816406,12220300
2025-11-28,TSM,289.23089599609375,5515400
2025-12-01,TSM,285.43084716796875,7713000
2025-12-02,TSM,289.8063659667969,10746400
2025-12-03,TSM,293.14013671875,9599200
2025-12-04,TSM,290.6398010253906,6753000
2025-12-05,TSM,292.41583251953125,10275300
2025-12-08,TSM,299.5098876953125,16643100
2025-12-09,TSM,301.0378723144531,11349100
2025-12-10,TSM,307.7153015136719,12429200
2025-12-11,TSM,303.2831726074219,15028400
2025-12-12,TSM,290.53900146484375,19306100
2025-12-15,TSM,286.2610778808594,12082400
2025-12-16,TSM,285.39556884765625,11418400
2025-12-17,TSM,275.5364990234375,16823000
2025-12-18,TSM,283.2168273925781,11260300
2025-12-19,TSM,287.4648742675781,12735800
2025-12-22,TSM,291.77264404296875,6091100
2025-12-23,TSM,295.42376708984375,6802300
2025-12-24,TSM,297.2642517089844,2753900
2025-12-26,TSM,301.2834777832031,5125900
2025-12-29,TSM,299.3733825683594,6205100
2025-12-30,TSM,298.0402526855469,6190600
2025-12-31,TSM,302.328125,8175100
2026-01-02,TSM,317.96728515625,18526900
2026-01-05,TSM,320.5937194824219,17446300
2026-01-06,TSM,325.7471008300781,15599600
2026-01-07,TSM,317.04205322265625,11744800
2026-01-08,TSM,316.37554931640625,10850800
2026-01-09,TSM,321.9666442871094,12325100
2026-01-12,TSM,330.0647888183594,12714800
2026-01-13,TSM,329.5076599121094,11473600
2026-01-14,TSM,325.4287414550781,11210800
2026-01-15,TSM,339.88409423828125,42188500
2026-01-16,TSM,340.64013671875,18246100
2026-01-20,TSM,325.4784851074219,22809900
2026-01-21,TSM,324.44384765625,16789800
2026-01-22,TSM,325.6874084472656,12801000
2026-01-23,TSM,333.14886474609375,12904400
2026-01-26,TSM,330.9999694824219,8646400
2026-01-27,TSM,336.60101318359375,11298100
2026-01-28,TSM,340.5406799316406,12140100
2026-01-29,TSM,337.8048095703125,13844800
2026-01-30,TSM,328.86102294921875,12028100
2026-02-02,TSM,339.6054992675781,12459100
2026-02-03,TSM,334.0243225097656,12540000
2026-02-04,TSM,324.0657958984375,18176000
2026-02-05,TSM,329.0301513671875,14812000
2026-02-06,TSM,347.0570373535156,17025500
2026-02-09,TSM,353.5832824707031,14594900
2026-02-10,TSM,360.0498962402344,14622100
2026-02-11,TSM,372.1672668457031,18651300
2026-02-12,TSM,366.2080993652344,16835400
2026-02-13,TSM,364.4770202636719,10468200
2026-02-17,TSM,362.328125,10063800
2026-02-18,TSM,360.3981018066406,7310500
2026-02-19,TSM,358.5377197265625,6346500
2026-02-20,TSM,368.63555908203125,9009200
2026-02-23,TSM,368.1380920410156,9550200
2026-02-24,TSM,383.7673645019531,13269500
2026-02-25,TSM,385.7371826171875,10948400
2026-02-26,TSM,374.8733215332031,14535700
2026-02-27,TSM,372.6547546386719,9186600
2026-03-02,TSM,367.2128601074219,12571600
2026-03-03,TSM,351.3150329589844,18580200
2026-03-04,TSM,355.6028747558594,12131100
2026-03-05,TSM,352.041259765625,16249800
2026-03-06,TSM,337.1482238769531,13803000
2026-03-09,TSM,346.9078063964844,19182800
2026-03-10,TSM,345.3060607910156,12985600
2026-03-11,TSM,352.7376403808594,10683300
2026-03-12,TSM,334.9794006347656,17549400
2026-03-13,TSM,336.5711669921875,17299900
2026-03-16,TSM,338.4813232421875,11123500
2026-03-17,TSM,345.1716613769531,11434600
2026-03-18,TSM,338.7766418457031,12632600
2026-03-19,TSM,337.99847412109375,15411600
2026-03-20,TSM,328.47076416015625,17424200
2026-03-23,TSM,337.6592712402344,15857200
2026-03-24,TSM,342.4480285644531,9725000
2026-03-25,TSM,346.9375305175781,12166900
2026-03-26,TSM,325.3480529785156,14560200
2026-03-27,TSM,325.9765930175781,14484500
2026-03-30,TSM,315.7605285644531,15740000
2026-03-31,TSM,337.1604309082031,18488000
2026-04-01,TSM,340.692138671875,15011600
2026-04-02,TSM,338.2478942871094,8994600
2026-04-06,TSM,340.9615173339844,5884800
2026-04-07,TSM,344.5132141113281,6823500
2026-04-08,TSM,365.04510498046875,16356900
2026-04-09,TSM,364.6360778808594,9246000
2026-04-10,TSM,369.734130859375,13168200
2026-04-13,TSM,368.70654296875,9596300
2026-04-14,TSM,379.00244140625,12859500
2026-04-15,TSM,374.2236328125,14955500
2026-04-16,TSM,362.5010681152344,26405800
2026-04-17,TSM,369.6343688964844,18419400
2026-04-20,TSM,365.3843078613281,11638300
2026-04-21,TSM,367.2200012207031,9808200
2026-04-22,TSM,386.5347900390625,16317200
2026-04-23,TSM,381.7659606933594,12224900
2026-04-24,TSM,401.5196838378906,21603600
2026-04-27,TSM,404.0338134765625,16561200
2026-04-28,TSM,391.42333984375,14715800
2026-04-29,TSM,392.90985107421875,10313000
2026-04-30,TSM,395.1346435546875,12788100
2026-05-01,TSM,396.74090576171875,9926400
2026-05-04,TSM,400.6716613769531,9978500
2026-05-05,TSM,393.488525390625,14579000
2026-05-06,TSM,418.5198974609375,17736400
2026-05-07,TSM,413.182373046875,13403200
2026-05-08,TSM,410.7181396484375,18531200
2026-05-11,TSM,403.5948486328125,14680000
2026-05-12,TSM,396.351806640625,18121800
2026-05-13,TSM,398.86590576171875,13127800
2026-05-14,TSM,416.7440490722656,18577100
2026-05-15,TSM,403.4053039550781,11868600
2026-05-18,TSM,395.0249328613281,12117200
2026-05-19,TSM,391.69268798828125,14083000
2026-05-20,TSM,400.6816711425781,10254300
2026-05-21,TSM,406.19873046875,8937900
2026-05-22,TSM,403.57489013671875,7111900
2026-05-26,TSM,411.3566589355469,10132000
2026-05-27,TSM,421.7423400878906,14695600
2026-05-28,TSM,423.8673400878906,8905800
2026-05-29,TSM,417.47235107421875,11232300
2026-06-01,TSM,434.6122131347656,18040400
2026-06-02,TSM,445.6463623046875,10147900
2026-06-03,TSM,435.66973876953125,10245200
2026-06-04,TSM,443.8805236816406,10974100
2026-06-05,TSM,414.20001220703125,19644200
2026-06-08,TSM,425.8028259277344,11245400
2026-06-09,TSM,426.92022705078125,21199500
2026-06-10,TSM,407.7950134277344,13139700
2026-06-11,TSM,421.07000732421875,13826500
2026-06-12,TSM,423.92999267578125,10362500
2026-06-15,TSM,441.3999938964844,11184900
2026-06-16,TSM,425.8299865722656,10943500
2026-06-17,TSM,432.1499938964844,10934100
2026-06-18,TSM,462.1199951171875,25817100
2026-06-22,TSM,467.6700134277344,13686200
2026-06-23,TSM,436.3900146484375,20364500
2026-06-24,TSM,440.8299865722656,9991200
2026-06-25,TSM,434.989990234375,14769500
2026-06-26,TSM,432.3500061035156,17974100
2026-06-29,TSM,455.1000061035156,14881400
2026-06-30,TSM,477.57000732421875,15074300
2026-07-01,TSM,444.2300109863281,18534800
2026-07-02,TSM,434.1600036621094,18375000
2026-07-06,TSM,451.7900085449219,12788500
2026-07-07,TSM,432.57000732421875,14898400
2026-07-08,TSM,436.9800109863281,11411200
2026-07-09,TSM,436.9599914550781,11455600
2026-07-10,TSM,434.1099853515625,9595100
2026-07-13,TSM,421.5799865722656,14329800
2026-07-14,TSM,420.3900146484375,14279000
2026-07-15,TSM,419.4800109863281,17012300
2026-07-16,TSM,409.739990234375,24891300
2026-07-17,TSM,398.3699951171875,20986500
2026-07-20,TSM,402.29998779296875,11653600
2026-07-21,TSM,424.6099853515625,18210100
2026-07-22,TSM,421.2099914550781,10259500
2026-07-23,TSM,415.5799865722656,11048800
2026-07-24,TSM,403.4100036621094,11525100
2026-07-27,TSM,399.0899963378906,17932300
2026-07-28,TSM,392.30999755859375,18276300
2026-07-29,TSM,374.6700134277344,21700200
2026-07-30,TSM,403.30999755859375,17474200
2026-07-31,TSM,404.25,11956100
2026-08-03,TSM,406.1099853515625,12676900
2026-08-04,TSM,417.1700134277344,13929100
2026-08-05,TSM,414.0,12790400
2026-08-06,TSM,418.20001220703125,10628900
2026-08-07,TSM,420.0400085449219,9159600
2026-08-10,TSM,418.4700012207031,11776100
2026-08-11,TSM,422.05999755859375,9703600
2026-08-12,TSM,429.1499938964844,9534200
2026-08-13,TSM,430.489990234375,8194000
2026-08-14,TSM,426.3500061035156,6324700
2026-08-17,TSM,430.9700012207031,9479400
2026-08-18,TSM,413.4100036621094,14030100
2026-08-19,TSM,412.0899963378906,8424700
2026-08-20,TSM,416.0,10447900
2026-08-21,TSM,418.95001220703125,8947200
2026-08-24,TSM,410.1199951171875,10645600
2026-08-25,TSM,417.4100036621094,7049800
2026-08-26,TSM,417.69000244140625,7449300
2026-08-27,TSM,427.29998779296875,12749800
2026-08-28,TSM,417.5199890136719,8896900
2026-08-31,TSM,415.32000732421875,6748000
2026-09-01,TSM,414.0,7920800
2026-09-02,TSM,415.5,6301000
2026-09-03,TSM,417.010009765625,7827800
2026-09-04,TSM,428.9100036621094,12276300
2025-09-05,KLAC,90.02336120605469,11556000
2025-09-08,KLAC,90.41027069091797,8865000
2025-09-09,KLAC,91.28058624267578,6778000
2025-09-10,KLAC,92.76258850097656,7128000
2025-09-11,KLAC,95.41328430175781,10221000
2025-09-12,KLAC,95.8847427368164,5839000
2025-09-15,KLAC,98.3603744506836,8456000
2025-09-16,KLAC,98.52549743652344,7761000
2025-09-17,KLAC,98.45586395263672,7239000
2025-09-18,KLAC,104.10737609863281,18247000
2025-09-19,KLAC,103.9203872680664,15869000
2025-09-22,KLAC,106.55020904541016,10207000
2025-09-23,KLAC,106.54524230957031,8295000
2025-09-24,KLAC,106.29358673095703,8680000
2025-09-25,KLAC,105.34172821044922,7105000
2025-09-26,KLAC,105.85794067382812,5054000
2025-09-29,KLAC,105.84203338623047,7697000
2025-09-30,KLAC,107.28125762939453,8863000
2025-10-01,KLAC,112.28128051757812,11881000
2025-10-02,KLAC,113.31471252441406,9249000
2025-10-03,KLAC,109.56394958496094,9536000
2025-10-06,KLAC,113.3594741821289,9460000
2025-10-07,KLAC,107.8919677734375,8784000
2025-10-08,KLAC,105.68885803222656,14760000
2025-10-09,KLAC,104.78174591064453,12477000
2025-10-10,KLAC,97.74769592285156,15760000
2025-10-13,KLAC,101.95001983642578,12270000
2025-10-14,KLAC,102.02063751220703,10557000
2025-10-15,KLAC,108.11774444580078,13137000
2025-10-16,KLAC,109.29041290283203,10311000
2025-10-17,KLAC,110.07220458984375,8791000
2025-10-20,KLAC,114.67040252685547,10785000
2025-10-21,KLAC,114.12732696533203,7447000
2025-10-22,KLAC,110.83409118652344,13614000
2025-10-23,KLAC,115.27812194824219,9466000
2025-10-24,KLAC,117.6473388671875,8255000
2025-10-27,KLAC,120.86100006103516,9711000
2025-10-28,KLAC,119.95687103271484,6654000
2025-10-29,KLAC,122.86519622802734,14635000
2025-10-30,KLAC,120.78939819335938,20377000
2025-10-31,KLAC,120.22542572021484,8852000
2025-11-03,KLAC,121.25984954833984,9055000
2025-11-04,KLAC,118.70861053466797,12014000
2025-11-05,KLAC,122.05158233642578,9011000
2025-11-06,KLAC,119.99268341064453,11788000
2025-11-07,KLAC,118.6966781616211,11421000
2025-11-10,KLAC,121.1414794921875,9481000
2025-11-11,KLAC,118.45099639892578,9118000
2025-11-12,KLAC,119.25367736816406,8246000
2025-11-13,KLAC,115.54866027832031,12035000
2025-11-14,KLAC,112.8233642578125,14446000
2025-11-17,KLAC,112.95088958740234,13265000
2025-11-18,KLAC,111.89381408691406,11519000
2025-11-19,KLAC,116.31441497802734,9593000
2025-11-20,KLAC,109.83744049072266,11719000
2025-11-21,KLAC,109.30641174316406,14384000
2025-11-24,KLAC,113.25276947021484,15796000
2025-11-25,KLAC,114.1653823852539,9442000
2025-11-26,KLAC,115.47850036621094,11257000
2025-11-28,KLAC,117.1124496459961,3893000
2025-12-01,KLAC,115.29020690917969,6091000
2025-12-02,KLAC,118.54612731933594,9533000
2025-12-03,KLAC,120.72703552246094,8104000
2025-12-04,KLAC,120.36139678955078,7032000
2025-12-05,KLAC,120.99703216552734,6819000
2025-12-08,KLAC,122.00628662109375,8198000
2025-12-09,KLAC,122.10791015625,7827000
2025-12-10,KLAC,123.43299865722656,7119000
2025-12-11,KLAC,124.15730285644531,9223000
2025-12-12,KLAC,118.95063018798828,11439000
2025-12-15,KLAC,122.05809783935547,12584000
2025-12-16,KLAC,121.8847427368164,7355000
2025-12-17,KLAC,116.76873016357422,9138000
2025-12-18,KLAC,121.78709411621094,10565000
2025-12-19,KLAC,124.10649871826172,21561000
2025-12-22,KLAC,126.09810638427734,6045000
2025-12-23,KLAC,126.40596008300781,6007000
2025-12-24,KLAC,127.22692108154297,2103000
2025-12-26,KLAC,127.48695373535156,3374000
2025-12-29,KLAC,125.57305908203125,6415000
2025-12-30,KLAC,123.90524291992188,3843000
2025-12-31,KLAC,121.0588150024414,6080000
2026-01-02,KLAC,126.9758529663086,8321000
2026-01-05,KLAC,134.74501037597656,13199000
2026-01-06,KLAC,138.9842987060547,11414000
2026-01-07,KLAC,135.46633911132812,9045000
2026-01-08,KLAC,131.97032165527344,9485000
2026-01-09,KLAC,139.48245239257812,11024000
2026-01-12,KLAC,142.28903198242188,8556000
2026-01-13,KLAC,143.64898681640625,9966000
2026-01-14,KLAC,142.919677734375,8965000
2026-01-15,KLAC,153.9248504638672,16576000
2026-01-16,KLAC,156.202392578125,15317000
2026-01-20,KLAC,148.06858825683594,17340000
2026-01-21,KLAC,151.43807983398438,14999000
2026-01-22,KLAC,149.4454803466797,10260000
2026-01-23,KLAC,150.71875,10102000
2026-01-26,KLAC,153.73255920410156,12599000
2026-01-27,KLAC,161.03546142578125,11742000
2026-01-28,KLAC,162.1184539794922,10915000
2026-01-29,KLAC,167.84817504882812,15064000
2026-01-30,KLAC,142.26612854003906,27881000
2026-02-02,KLAC,140.52357482910156,16038000
2026-02-03,KLAC,135.05288696289062,20559000
2026-02-04,KLAC,130.23873901367188,15838000
2026-02-05,KLAC,132.61094665527344,13017000
2026-02-06,KLAC,143.76156616210938,15711000
2026-02-09,KLAC,143.48361206054688,16392000
2026-02-10,KLAC,142.55503845214844,8432000
2026-02-11,KLAC,147.40304565429688,10928000
2026-02-12,KLAC,144.54864501953125,10491000
2026-02-13,KLAC,145.87171936035156,10122000
2026-02-17,KLAC,146.6658172607422,6231000
2026-02-18,KLAC,147.67440795898438,6510000
2026-02-19,KLAC,146.6368865966797,6257000
2026-02-20,KLAC,149.24063110351562,6841000
2026-02-23,KLAC,148.40863037109375,8499000
2026-02-24,KLAC,150.30307006835938,6669000
2026-02-25,KLAC,154.29644775390625,8762000
2026-02-26,KLAC,152.0648193359375,11840000
2026-02-27,KLAC,152.08876037597656,11069000
2026-03-02,KLAC,153.1262664794922,7591000
2026-03-03,KLAC,143.78875732421875,12669000
2026-03-04,KLAC,147.2364501953125,7982000
2026-03-05,KLAC,142.59263610839844,10777000
2026-03-06,KLAC,134.1320037841797,11179000
2026-03-09,KLAC,142.5666961669922,11207000
2026-03-10,KLAC,144.94497680664062,8912000
2026-03-11,KLAC,146.1480712890625,8164000
2026-03-12,KLAC,140.61839294433594,12596000
2026-03-13,KLAC,141.52320861816406,12718000
2026-03-16,KLAC,143.478515625,9557000
2026-03-17,KLAC,147.77914428710938,8535000
2026-03-18,KLAC,147.8798828125,8830000
2026-03-19,KLAC,150.7888946533203,9997000
2026-03-20,KLAC,149.50698852539062,21884000
2026-03-23,KLAC,150.77992248535156,11738000
2026-03-24,KLAC,156.24276733398438,7823000
2026-03-25,KLAC,154.0111541748047,7694000
2026-03-26,KLAC,144.764404296875,10917000
2026-03-27,KLAC,143.97430419921875,8115000
2026-03-30,KLAC,137.92587280273438,10012000
2026-03-31,KLAC,146.88729858398438,11081000
2026-04-01,KLAC,151.618896484375,8799000
2026-04-02,KLAC,151.3196258544922,6615000
2026-04-06,KLAC,153.6360321044922,4118000
2026-04-07,KLAC,154.51292419433594,5273000
2026-04-08,KLAC,166.83226013183594,10201000
2026-04-09,KLAC,172.31106567382812,9395000
2026-04-10,KLAC,173.31065368652344,6864000
2026-04-13,KLAC,176.45309448242188,8301000
2026-04-14,KLAC,179.15957641601562,8713000
2026-04-15,KLAC,174.3910675048828,11639000
2026-04-16,KLAC,173.06825256347656,8323000
2026-04-17,KLAC,178.71363830566406,7254000
2026-04-20,KLAC,180.09832763671875,6231000
2026-04-21,KLAC,178.1081085205078,6761000
2026-04-22,KLAC,180.77069091796875,6840000
2026-04-23,KLAC,181.1068878173828,9285000
2026-04-24,KLAC,193.03515625,11431000
2026-04-27,KLAC,189.54356384277344,11196000
2026-04-28,KLAC,180.4624481201172,13398000
2026-04-29,KLAC,181.18470764160156,10921000
2026-04-30,KLAC,174.61451721191406,18906000
2026-05-01,KLAC,172.21131896972656,7892000
2026-05-04,KLAC,170.92041015625,7916000
2026-05-05,KLAC,172.87371826171875,11941000
2026-05-06,KLAC,181.19268798828125,13409000
2026-05-07,KLAC,175.90142822265625,12416000
2026-05-08,KLAC,186.46998596191406,12894000
2026-05-11,KLAC,184.07574462890625,12129000
2026-05-12,KLAC,180.69985961914062,10294000
2026-05-13,KLAC,184.52664184570312,9381000
2026-05-14,KLAC,188.83926391601562,8100000
2026-05-15,KLAC,179.99856567382812,9804000
2026-05-18,KLAC,175.4467010498047,9469000
2026-05-19,KLAC,173.8614959716797,11170000
2026-05-20,KLAC,182.74046325683594,9000000
2026-05-21,KLAC,184.01002502441406,8205000
2026-05-22,KLAC,188.6248016357422,7231000
2026-05-26,KLAC,200.91192626953125,11503000
2026-05-27,KLAC,195.49803161621094,9502000
2026-05-28,KLAC,192.54537963867188,8855000
2026-05-29,KLAC,191.9540557861328,11457000
2026-06-01,KLAC,193.78497314453125,7359000
2026-06-02,KLAC,204.2891082763672,10611000
2026-06-03,KLAC,212.27108764648438,10200000
2026-06-04,KLAC,212.86940002441406,8253000
2026-06-05,KLAC,192.7021942138672,18586000
2026-06-08,KLAC,210.56800842285156,11659000
2026-06-09,KLAC,213.69546508789062,16366000
2026-06-10,KLAC,213.32289123535156,16030000
2026-06-11,KLAC,240.89173889160156,17694000
2026-06-12,KLAC,254.25262451171875,10056600
2026-06-15,KLAC,256.1305236816406,18368200
2026-06-16,KLAC,237.0620574951172,14048600
2026-06-17,KLAC,238.46047973632812,13213500
2026-06-18,KLAC,259.2669677734375,26167300
2026-06-22,KLAC,268.85614013671875,11719800
2026-06-23,KLAC,244.2139892578125,18703800
2026-06-24,KLAC,240.20849609375,11543700
2026-06-25,KLAC,258.5078125,11963400
2026-06-26,KLAC,248.3592987060547,21394400
2026-06-29,KLAC,278.0757141113281,14628600
2026-06-30,KLAC,301.3693542480469,19909300
2026-07-01,KLAC,265.8894958496094,24163600
2026-07-02,KLAC,235.28407287597656,23622500
2026-07-06,KLAC,233.04660034179688,12130800
2026-07-07,KLAC,216.22561645507812,17710900
2026-07-08,KLAC,220.93028259277344,13082600
2026-07-09,KLAC,229.26087951660156,13066400
2026-07-10,KLAC,231.2586212158203,7447800
2026-07-13,KLAC,221.99908447265625,9947500
2026-07-14,KLAC,230.1099090576172,9033100
2026-07-15,KLAC,224.24655151367188,10625500
2026-07-16,KLAC,219.12232971191406,14957000
2026-07-17,KLAC,212.5098114013672,13061800
2026-07-20,KLAC,207.36563110351562,8396400
2026-07-21,KLAC,217.3143768310547,9947400
2026-07-22,KLAC,214.44761657714844,9051200
2026-07-23,KLAC,218.48306274414062,8774000
2026-07-24,KLAC,210.28233337402344,11304900
2026-07-27,KLAC,203.1304168701172,14194900
2026-07-28,KLAC,190.5845947265625,17199200
2026-07-29,KLAC,169.99786376953125,20427600
2026-07-30,KLAC,180.1264190673828,17485100
2026-07-31,KLAC,182.6136016845703,13512400
2026-08-03,KLAC,182.54368591308594,10263000
2026-08-04,KLAC,195.22933959960938,13251400
2026-08-05,KLAC,192.58233642578125,10017200
2026-08-06,KLAC,193.00186157226562,13257400
2026-08-07,KLAC,197.88633728027344,8974100
2026-08-10,KLAC,192.52239990234375,10318300
2026-08-11,KLAC,200.24368286132812,8098400
2026-08-12,KLAC,208.014892578125,11951900
2026-08-13,KLAC,209.1336212158203,8543100
2026-08-14,KLAC,203.49000549316406,7357900
2026-08-17,KLAC,205.75999450683594,9479000
2026-08-18,KLAC,194.7899932861328,13530000
2026-08-19,KLAC,187.27000427246094,9701600
2026-08-20,KLAC,185.86000061035156,7330100
2026-08-21,KLAC,183.99000549316406,8906400
2026-08-24,KLAC,181.57000732421875,9867600
2026-08-25,KLAC,183.33999633789062,8897400
2026-08-26,KLAC,183.8300018310547,5962800
2026-08-27,KLAC,183.77000427246094,6553000
2026-08-28,KLAC,175.5399932861328,9970500
2026-08-31,KLAC,175.4499969482422,7602800
2026-09-01,KLAC,170.88999938964844,10479000
2026-09-02,KLAC,172.25999450683594,6466900
2026-09-03,KLAC,172.94000244140625,6859500
2026-09-04,KLAC,185.60000610351562,12720000
2025-09-05,GEV,580.76123046875,3477700
2025-09-08,GEV,598.8701171875,2513700
2025-09-09,GEV,604.3277587890625,1863900
2025-09-10,GEV,642.1019287109375,3878700
2025-09-11,GEV,632.7133178710938,4099900
2025-09-12,GEV,624.1327514648438,2640400
2025-09-15,GEV,627.2556762695312,1851900
2025-09-16,GEV,616.5100708007812,3104100
2025-09-17,GEV,613.3971557617188,2058400
2025-09-18,GEV,609.6156616210938,2245600
2025-09-19,GEV,622.755859375,4107300
2025-09-22,GEV,642.91015625,2566000
2025-09-23,GEV,631.9749145507812,2427200
2025-09-24,GEV,627.5449829101562,1617200
2025-09-25,GEV,606.1436767578125,3202500
2025-09-26,GEV,603.7988891601562,1845300
2025-09-29,GEV,601.0651245117188,2188700
2025-09-30,GEV,613.5069580078125,1818700
2025-10-01,GEV,604.7766723632812,2423600
2025-10-02,GEV,604.8565063476562,2044600
2025-10-03,GEV,593.6419677734375,2668500
2025-10-06,GEV,601.8533325195312,1950800
2025-10-07,GEV,604.746826171875,2161700
2025-10-08,GEV,624.0330200195312,2286500
2025-10-09,GEV,632.8330688476562,2414000
2025-10-10,GEV,603.1903076171875,3003600
2025-10-13,GEV,646.78125,3406800
2025-10-14,GEV,642.9500122070312,2890500
2025-10-15,GEV,614.5545043945312,3246000
2025-10-16,GEV,600.6361083984375,3500600
2025-10-17,GEV,598.640625,2747700
2025-10-20,GEV,592.97119140625,2634400
2025-10-21,GEV,584.247314453125,3956400
2025-10-22,GEV,574.9346313476562,10333100
2025-10-23,GEV,594.0491943359375,3952700
2025-10-24,GEV,583.3091430664062,3694200
2025-10-27,GEV,583.3091430664062,2842400
2025-10-28,GEV,569.9238891601562,3589300
2025-10-29,GEV,576.90087890625,2808500
2025-10-30,GEV,573.0081787109375,2305100
2025-10-31,GEV,584.0577392578125,2789500
2025-11-03,GEV,580.1848754882812,1853200
2025-11-04,GEV,546.9464721679688,3994900
2025-11-05,GEV,558.6647338867188,2844700
2025-11-06,GEV,549.1524047851562,2215300
2025-11-07,GEV,574.066162109375,2823800
2025-11-10,GEV,578.7275390625,2555800
2025-11-11,GEV,575.0144653320312,1748500
2025-11-12,GEV,574.3357543945312,2026300
2025-11-13,GEV,557.1375732421875,5166900
2025-11-14,GEV,577.2403564453125,4037300
2025-11-17,GEV,575.9526977539062,2998000
2025-11-18,GEV,553.903564453125,2986000
2025-11-19,GEV,594.2687377929688,4212100
2025-11-20,GEV,556.9978637695312,4874600
2025-11-21,GEV,554.8118896484375,4872800
2025-11-24,GEV,579.416259765625,2748900
2025-11-25,GEV,571.5009765625,2356500
2025-11-26,GEV,588.629150390625,2223800
2025-11-28,GEV,598.6605834960938,1006600
2025-12-01,GEV,575.8329467773438,2302500
2025-12-02,GEV,600.4673461914062,2890800
2025-12-03,GEV,600.8565673828125,2754500
2025-12-04,GEV,627.9463500976562,3698500
2025-12-05,GEV,630.1522827148438,2348000
2025-12-08,GEV,620.7496948242188,2540100
2025-12-09,GEV,624.1434326171875,3017500
2025-12-10,GEV,721.6627197265625,11396400
2025-12-11,GEV,702.8974609375,4830900
2025-12-12,GEV,670.4675903320312,5225700
2025-12-15,GEV,680.0897827148438,3529600
2025-12-16,GEV,684.95068359375,3572200
2025-12-17,GEV,613.0540161132812,6770100
2025-12-18,GEV,638.247314453125,4426500
2025-12-19,GEV,657.0623779296875,4489100
2025-12-22,GEV,660.5858764648438,2694300
2025-12-23,GEV,660.2265625,1997600
2025-12-24,GEV,666.0857543945312,1110900
2025-12-26,GEV,662.2328491210938,1155300
2025-12-29,GEV,662.2328491210938,2186100
2025-12-30,GEV,658.419921875,1207000
2025-12-31,GEV,652.3611450195312,1259900
2026-01-02,GEV,678.2930908203125,2741800
2026-01-05,GEV,680.10107421875,2446600
2026-01-06,GEV,685.56494140625,2490800
2026-01-07,GEV,661.5817260742188,2601100
2026-01-08,GEV,627.6995239257812,4310100
2026-01-09,GEV,621.8060913085938,3105800
2026-01-12,GEV,639.0568237304688,2828900
2026-01-13,GEV,651.3630981445312,2090200
2026-01-14,GEV,643.4619140625,2396200
2026-01-15,GEV,641.5140991210938,2394900
2026-01-16,GEV,680.790283203125,4986800
2026-01-20,GEV,684.0965576171875,3901900
2026-01-21,GEV,667.1455078125,4022700
2026-01-22,GEV,660.9324340820312,2858800
2026-01-23,GEV,657.0468139648438,2009600
2026-01-26,GEV,665.2476196289062,2662100
2026-01-27,GEV,691.9278564453125,4714700
2026-01-28,GEV,710.7968139648438,5776300
2026-01-29,GEV,716.59033203125,3491000
2026-01-30,GEV,725.560302734375,3865700
2026-02-02,GEV,754.12841796875,4074400
2026-02-03,GEV,779.3801879882812,3856200
2026-02-04,GEV,745.3881225585938,5058000
2026-02-05,GEV,736.7078857421875,3608600
2026-02-06,GEV,778.481201171875,3283900
2026-02-09,GEV,800.646484375,3105800
2026-02-10,GEV,789.908447265625,2458300
2026-02-11,GEV,822.7518310546875,2821000
2026-02-12,GEV,815.6497802734375,2677700
2026-02-13,GEV,801.23583984375,2020900
2026-02-17,GEV,818.2368774414062,2221600
2026-02-18,GEV,816.638671875,1808900
2026-02-19,GEV,833.6796264648438,1655600
2026-02-20,GEV,829.4144287109375,1709100
2026-02-23,GEV,830.7728881835938,1438200
2026-02-24,GEV,878.7493286132812,2305300
2026-02-25,GEV,875.0335083007812,2293100
2026-02-26,GEV,875.4830322265625,2796700
2026-02-27,GEV,872.6261596679688,2456200
2026-03-02,GEV,880.1976928710938,2421400
2026-03-03,GEV,841.0614013671875,3558100
2026-03-04,GEV,840.3322143554688,1817500
2026-03-05,GEV,814.1015014648438,3203700
2026-03-06,GEV,788.3502197265625,2678600
2026-03-09,GEV,829.1746826171875,2878000
2026-03-10,GEV,838.2645263671875,2393600
2026-03-11,GEV,846.7051391601562,1706700
2026-03-12,GEV,831.1824340820312,2142900
2026-03-13,GEV,804.1226196289062,2271100
2026-03-16,GEV,826.4476928710938,2361400
2026-03-17,GEV,843.6189575195312,2259300
2026-03-18,GEV,858.0315551757812,2193100
2026-03-19,GEV,876.9419555664062,2509500
2026-03-20,GEV,850.6353759765625,4438100
2026-03-23,GEV,882.1892700195312,3353900
2026-03-24,GEV,908.945556640625,2777700
2026-03-25,GEV,923.21826171875,2864900
2026-03-26,GEV,872.674072265625,3000700
2026-03-27,GEV,852.7242431640625,2494700
2026-03-30,GEV,816.9325561523438,2830800
2026-03-31,GEV,872.4542236328125,3469200
2026-04-01,GEV,894.3230590820312,2467700
2026-04-02,GEV,898.111083984375,1944100
2026-04-06,GEV,896.9017333984375,1386300
2026-04-07,GEV,910.284912109375,1399100
2026-04-08,GEV,935.5919799804688,2336900
2026-04-09,GEV,967.525634765625,2061300
2026-04-10,GEV,990.813720703125,2164600
2026-04-13,GEV,990.6138305664062,1636200
2026-04-14,GEV,986.9956665039062,2028300
2026-04-15,GEV,985.41650390625,2306900
2026-04-16,GEV,977.8203735351562,1402700
2026-04-17,GEV,1002.2379150390625,2328800
2026-04-20,GEV,989.67431640625,1804900
2026-04-21,GEV,990.7937622070312,2111100
2026-04-22,GEV,1126.9842529296875,4184700
2026-04-23,GEV,1148.9429931640625,3073200
2026-04-24,GEV,1148.60302734375,3633800
2026-04-27,GEV,1119.6578369140625,3845800
2026-04-28,GEV,1088.3739013671875,4206000
2026-04-29,GEV,1062.5670166015625,3721100
2026-04-30,GEV,1082.9066162109375,3533200
2026-05-01,GEV,1062.4071044921875,1890400
2026-05-04,GEV,1073.4014892578125,1923200
2026-05-05,GEV,1094.650634765625,2075600
2026-05-06,GEV,1118.3885498046875,2282800
2026-05-07,GEV,1045.0960693359375,2588300
2026-05-08,GEV,1039.6187744140625,1828700
2026-05-11,GEV,1072.531982421875,2510000
2026-05-12,GEV,1071.4324951171875,2102800
2026-05-13,GEV,1062.02734375,1588400
2026-05-14,GEV,1089.97314453125,1690600
2026-05-15,GEV,1048.694091796875,2445800
2026-05-18,GEV,1011.7330322265625,3116500
2026-05-19,GEV,1011.2832641601562,2246700
2026-05-20,GEV,1023.996826171875,2564600
2026-05-21,GEV,1043.286865234375,1633700
2026-05-22,GEV,1038.20947265625,1472300
2026-05-26,GEV,1069.92333984375,1877300
2026-05-27,GEV,1031.363037109375,2264800
2026-05-28,GEV,995.4913330078125,3007000
2026-05-29,GEV,967.8255004882812,5276800
2026-06-01,GEV,950.0545654296875,2679300
2026-06-02,GEV,969.1748046875,2248200
2026-06-03,GEV,958.8700561523438,2079500
2026-06-04,GEV,962.8380737304688,2180400
2026-06-05,GEV,933.1331787109375,3053500
2026-06-08,GEV,933.373046875,1842200
2026-06-09,GEV,919.6801147460938,3842700
2026-06-10,GEV,866.647216796875,5302800
2026-06-11,GEV,906.326904296875,4261200
2026-06-12,GEV,940.1795654296875,2787700
2026-06-15,GEV,978.5700073242188,3428200
2026-06-16,GEV,982.3499755859375,2761100
2026-06-17,GEV,1048.8599853515625,3996000
2026-06-18,GEV,1109.72998046875,4344700
2026-06-22,GEV,1127.5899658203125,3916300
2026-06-23,GEV,1034.97998046875,3919200
2026-06-24,GEV,1057.6500244140625,2948100
2026-06-25,GEV,1085.469970703125,2750900
2026-06-26,GEV,1045.1700439453125,3654200
2026-06-29,GEV,1102.510009765625,3180500
2026-06-30,GEV,1174.8599853515625,3096200
2026-07-01,GEV,1134.3499755859375,2359600
2026-07-02,GEV,1113.1099853515625,2360300
2026-07-06,GEV,1152.0400390625,2882900
2026-07-07,GEV,1077.0799560546875,4223700
2026-07-08,GEV,1070.989990234375,2804200
2026-07-09,GEV,1075.260009765625,2327800
2026-07-10,GEV,1091.5699462890625,1738800
2026-07-13,GEV,1042.5999755859375,2258500
2026-07-14,GEV,1066.010009765625,1771500
2026-07-15,GEV,1055.280029296875,2693400
2026-07-16,GEV,1036.219970703125,2829500
2026-07-17,GEV,1057.8399658203125,3285000
2026-07-20,GEV,1079.1800537109375,2542100
2026-07-21,GEV,1078.81005859375,3536500
2026-07-22,GEV,985.030029296875,4903800
2026-07-23,GEV,1031.18994140625,3560100
2026-07-24,GEV,1014.75,2489400
2026-07-27,GEV,996.5700073242188,3580000
2026-07-28,GEV,943.3800048828125,3897400
2026-07-29,GEV,900.280029296875,3697300
2026-07-30,GEV,981.97998046875,3134700
2026-07-31,GEV,990.2899780273438,2357600
2026-08-03,GEV,1006.760009765625,2011400
2026-08-04,GEV,1018.530029296875,2187700
2026-08-05,GEV,1017.9600219726562,1704200
2026-08-06,GEV,1000.2999877929688,1763700
2026-08-07,GEV,990.3200073242188,2477400
2026-08-10,GEV,990.8499755859375,1587500
2026-08-11,GEV,1011.8800048828125,1631900
2026-08-12,GEV,1039.9000244140625,1497900
2026-08-13,GEV,1049.4200439453125,1709100
2026-08-14,GEV,1063.25,1491000
2026-08-17,GEV,1079.0,2091100
2026-08-18,GEV,1004.530029296875,2821500
2026-08-19,GEV,987.4600219726562,2056100
2026-08-20,GEV,966.010009765625,2658100
2026-08-21,GEV,956.8499755859375,1714000
2026-08-24,GEV,942.0999755859375,1893600
2026-08-25,GEV,926.72998046875,2022400
2026-08-26,GEV,953.0900268554688,2267400
2026-08-27,GEV,953.8300170898438,1582400
2026-08-28,GEV,911.9299926757812,1887000
2026-08-31,GEV,898.530029296875,3570300
2026-09-01,GEV,898.530029296875,2333800
2026-09-02,GEV,921.9400024414062,2653000
2026-09-03,GEV,941.8400268554688,1762400
2026-09-04,GEV,941.9500122070312,1236500
2025-09-05,MSFT,490.9605407714844,31994800
2025-09-08,MSFT,494.1344299316406,16771000
2025-09-09,MSFT,494.3426818847656,14410500
2025-09-10,MSFT,496.2867431640625,21611800
2025-09-11,MSFT,496.9214782714844,18881600
2025-09-12,MSFT,505.7389221191406,23624900
2025-09-15,MSFT,511.1543884277344,17143800
2025-09-16,MSFT,504.885986328125,19711900
2025-09-17,MSFT,505.8579406738281,15816600
2025-09-18,MSFT,504.30078125,18913700
2025-09-19,MSFT,513.7034301757812,52474100
2025-09-22,MSFT,510.2518615722656,20009300
2025-09-23,MSFT,505.0744323730469,19799600
2025-09-24,MSFT,505.98687744140625,13533700
2025-09-25,MSFT,502.8923645019531,15786500
2025-09-26,MSFT,507.28619384765625,16213100
2025-09-29,MSFT,510.4004821777344,17617800
2025-09-30,MSFT,513.7233276367188,19728200
2025-10-01,MSFT,515.4688720703125,22632300
2025-10-02,MSFT,511.53125,21222900
2025-10-03,MSFT,513.1281127929688,15112300
2025-10-06,MSFT,524.256591796875,21388600
2025-10-07,MSFT,519.7039794921875,14615200
2025-10-08,MSFT,520.56689453125,13363400
2025-10-09,MSFT,518.1369018554688,18343600
2025-10-10,MSFT,506.7903137207031,24133800
2025-10-13,MSFT,509.8550720214844,14284200
2025-10-14,MSFT,509.3790283203125,14684300
2025-10-15,MSFT,509.2401428222656,14694700
2025-10-16,MSFT,507.43499755859375,15559600
2025-10-17,MSFT,509.3889465332031,19867800
2025-10-20,MSFT,512.5726928710938,14665600
2025-10-21,MSFT,513.4356079101562,15586200
2025-10-22,MSFT,516.2920532226562,18962700
2025-10-23,MSFT,516.3119506835938,14023500
2025-10-24,MSFT,519.3370361328125,15532400
2025-10-27,MSFT,527.1825561523438,18734700
2025-10-28,MSFT,537.6464233398438,29986700
2025-10-29,MSFT,537.130615234375,36023000
2025-10-30,MSFT,521.469482421875,41023100
2025-10-31,MSFT,513.5844116210938,34006400
2025-11-03,MSFT,512.810791015625,22374700
2025-11-04,MSFT,510.1328430175781,20958700
2025-11-05,MSFT,503.02130126953125,23024300
2025-11-06,MSFT,493.04339599609375,27406500
2025-11-07,MSFT,492.76568603515625,24019800
2025-11-10,MSFT,501.87078857421875,26101500
2025-11-11,MSFT,504.5289001464844,17980000
2025-11-12,MSFT,506.9688415527344,26574900
2025-11-13,MSFT,499.1828918457031,25273100
2025-11-14,MSFT,506.0166320800781,28505700
2025-11-17,MSFT,503.34857177734375,19092800
2025-11-18,MSFT,489.7604064941406,33815100
2025-11-19,MSFT,483.14483642578125,23245300
2025-11-20,MSFT,475.41387939453125,26802500
2025-11-21,MSFT,469.1436462402344,31769200
2025-11-24,MSFT,471.0118103027344,34421000
2025-11-25,MSFT,473.9829406738281,28019800
2025-11-26,MSFT,482.4393310546875,25709100
2025-11-28,MSFT,488.9082946777344,14386700
2025-12-01,MSFT,483.6714782714844,23964000
2025-12-02,MSFT,486.91094970703125,19562700
2025-12-03,MSFT,474.7182922363281,34615100
2025-12-04,MSFT,477.8087158203125,22318200
2025-12-05,MSFT,480.11407470703125,22608700
2025-12-08,MSFT,487.9245300292969,21965900
2025-12-09,MSFT,488.9181823730469,14696100
2025-12-10,MSFT,475.5430908203125,35756200
2025-12-11,MSFT,480.422119140625,24669200
2025-12-12,MSFT,475.51324462890625,21248100
2025-12-15,MSFT,471.82666015625,23727700
2025-12-16,MSFT,473.38677978515625,20705600
2025-12-17,MSFT,473.1184387207031,24527200
2025-12-18,MSFT,480.92889404296875,28573500
2025-12-19,MSFT,482.8566589355469,70836100
2025-12-22,MSFT,481.8630065917969,16963000
2025-12-23,MSFT,483.7807922363281,14683600
2025-12-24,MSFT,484.94342041015625,5855900
2025-12-26,MSFT,484.6353759765625,8842200
2025-12-29,MSFT,484.02923583984375,10893400
2025-12-30,MSFT,484.4068298339844,13944500
2025-12-31,MSFT,480.5711669921875,15601600
2026-01-02,MSFT,469.95849609375,25571600
2026-01-05,MSFT,469.8691101074219,25250300
2026-01-06,MSFT,475.493408203125,23037700
2026-01-07,MSFT,480.422119140625,25564200
2026-01-08,MSFT,475.09588623046875,18162600
2026-01-09,MSFT,476.2585144042969,18491000
2026-01-12,MSFT,474.1717529296875,23519900
2026-01-13,MSFT,467.70281982421875,28545800
2026-01-14,MSFT,456.4839782714844,28184300
2026-01-15,MSFT,453.7811279296875,23225800
2026-01-16,MSFT,456.9609375,34246700
2026-01-20,MSFT,451.6546325683594,26130000
2026-01-21,MSFT,441.31024169921875,37980500
2026-01-22,MSFT,448.2959289550781,25349400
2026-01-23,MSFT,463.0125732421875,38000200
2026-01-26,MSFT,467.3152770996094,29291200
2026-01-27,MSFT,477.5503234863281,29213900
2026-01-28,MSFT,478.5937194824219,36875400
2026-01-29,MSFT,430.76715087890625,128855300
2026-01-30,MSFT,427.577392578125,58566800
2026-02-02,MSFT,420.7010192871094,42219900
2026-02-03,MSFT,408.6176452636719,61424100
2026-02-04,MSFT,411.578857421875,45012400
2026-02-05,MSFT,391.188232421875,66289200
2026-02-06,MSFT,398.61114501953125,53515300
2026-02-09,MSFT,410.9925842285156,45480500
2026-02-10,MSFT,410.6646728515625,44857900
2026-02-11,MSFT,401.8207702636719,42491000
2026-02-12,MSFT,399.30670166015625,40802400
2026-02-13,MSFT,398.7900085449219,34091600
2026-02-17,MSFT,394.3581237792969,32078800
2026-02-18,MSFT,397.08087158203125,23223400
2026-02-19,MSFT,396.8517761230469,28234000
2026-02-20,MSFT,395.6267395019531,34015200
2026-02-23,MSFT,382.918212890625,43238300
2026-02-24,MSFT,387.4299621582031,33884700
2026-02-25,MSFT,398.9831237792969,43625500
2026-02-26,MSFT,400.0986022949219,34405900
2026-02-27,MSFT,391.15484619140625,51367200
2026-03-02,MSFT,396.9413757324219,35474900
2026-03-03,MSFT,402.2996826171875,38199200
2026-03-04,MSFT,403.5645751953125,35808000
2026-03-05,MSFT,409.0224304199219,39001300
2026-03-06,MSFT,407.30938720703125,31123900
2026-03-09,MSFT,407.757568359375,30131900
2026-03-10,MSFT,404.122314453125,31706400
2026-03-11,MSFT,403.245849609375,25512100
2026-03-12,MSFT,400.238037109375,27263900
2026-03-13,MSFT,393.9534912109375,26848000
2026-03-16,MSFT,398.33575439453125,27733700
2026-03-17,MSFT,397.79791259765625,26228300
2026-03-18,MSFT,390.2087097167969,25908500
2026-03-19,MSFT,387.4498596191406,25138800
2026-03-20,MSFT,380.3287353515625,50853200
2026-03-23,MSFT,381.4541931152344,29680100
2026-03-24,MSFT,371.2355651855469,42733600
2026-03-25,MSFT,369.5424499511719,31181200
2026-03-26,MSFT,364.492919921875,36836600
2026-03-27,MSFT,355.33001708984375,37883400
2026-03-30,MSFT,357.51116943359375,44797000
2026-03-31,MSFT,368.67596435546875,45244400
2026-04-01,MSFT,367.8791809082031,29417200
2026-04-02,MSFT,371.9526672363281,24099100
2026-04-06,MSFT,371.375,16146600
2026-04-07,MSFT,370.78741455078125,21443300
2026-04-08,MSFT,372.81915283203125,33064800
2026-04-09,MSFT,371.56427001953125,30435300
2026-04-10,MSFT,369.3731384277344,28111100
2026-04-13,MSFT,382.8186340332031,35745800
2026-04-14,MSFT,391.5233459472656,37504500
2026-04-15,MSFT,409.5602722167969,45063400
2026-04-16,MSFT,418.56378173828125,41642400
2026-04-17,MSFT,421.0835876464844,48568200
2026-04-20,MSFT,416.38262939453125,27582200
2026-04-21,MSFT,422.44805908203125,32048500
2026-04-22,MSFT,431.1726989746094,29378200
2026-04-23,MSFT,414.07196044921875,38308000
2026-04-24,MSFT,422.90618896484375,27457400
2026-04-27,MSFT,423.1053771972656,30867300
2026-04-28,MSFT,427.5174865722656,30438100
2026-04-29,MSFT,422.7467956542969,38288300
2026-04-30,MSFT,406.1341552734375,70909400
2026-05-01,MSFT,412.76727294921875,31372400
2026-05-04,MSFT,411.9505615234375,28066500
2026-05-05,MSFT,409.7196350097656,25700900
2026-05-06,MSFT,412.2891845703125,30285900
2026-05-07,MSFT,419.07171630859375,34942400
2026-05-08,MSFT,413.44451904296875,33383800
2026-05-11,MSFT,410.99444580078125,35657900
2026-05-12,MSFT,406.1241760253906,38594200
2026-05-13,MSFT,403.57452392578125,29667100
2026-05-14,MSFT,407.7774963378906,27077500
2026-05-15,MSFT,420.2170715332031,50771200
2026-05-18,MSFT,421.83056640625,32564100
2026-05-19,MSFT,415.7352600097656,33018700
2026-05-20,MSFT,419.36053466796875,27864000
2026-05-21,MSFT,418.3025207519531,31393500
2026-05-22,MSFT,417.7835388183594,22390300
2026-05-26,MSFT,415.248291015625,30398000
2026-05-27,MSFT,411.8946228027344,28901500
2026-05-28,MSFT,426.18768310546875,47250500
2026-05-29,MSFT,449.3940124511719,79654400
2026-06-01,MSFT,459.6546936035156,53628900
2026-06-02,MSFT,440.48077392578125,37036800
2026-06-03,MSFT,426.53704833984375,39037000
2026-06-04,MSFT,427.2456970214844,26899500
2026-06-05,MSFT,415.8870849609375,34782200
2026-06-08,MSFT,410.9663391113281,32086700
2026-06-09,MSFT,402.6520080566406,35317300
2026-06-10,MSFT,396.61334228515625,32576000
2026-06-11,MSFT,389.6065673828125,47224100
2026-06-12,MSFT,390.00579833984375,34865800
2026-06-15,MSFT,399.0088806152344,32266400
2026-06-16,MSFT,393.0899963378906,31506800
2026-06-17,MSFT,378.1980285644531,41987800
2026-06-18,MSFT,378.6871032714844,59714200
2026-06-22,MSFT,366.6497802734375,45171100
2026-06-23,MSFT,373.23736572265625,40647600
2026-06-24,MSFT,364.7733154296875,44509900
2026-06-25,MSFT,352.1670227050781,66179000
2026-06-26,MSFT,372.2691955566406,186201600
2026-06-29,MSFT,367.8774719238281,51229900
2026-06-30,MSFT,372.319091796875,44945700
2026-07-01,MSFT,383.5579528808594,48065800
2026-07-02,MSFT,389.7562561035156,42128900
2026-07-06,MSFT,386.0133056640625,34224500
2026-07-07,MSFT,388.109375,29297500
2026-07-08,MSFT,382.6197204589844,25908300
2026-07-09,MSFT,383.6377868652344,31083200
2026-07-10,MSFT,384.37640380859375,24644600
2026-07-13,MSFT,390.2553405761719,28914900
2026-07-14,MSFT,384.20672607421875,27863900
2026-07-15,MSFT,394.8866271972656,36253700
2026-07-16,MSFT,400.3463439941406,37047400
2026-07-17,MSFT,393.08001708984375,33049800
2026-07-20,MSFT,401.53411865234375,27915800
2026-07-21,MSFT,397.00262451171875,24126600
2026-07-22,MSFT,389.6065673828125,28142500
2026-07-23,MSFT,380.8630065917969,30351800
2026-07-24,MSFT,380.9828186035156,27659400
2026-07-27,MSFT,388.368896484375,27856200
2026-07-28,MSFT,392.61090087890625,32367500
2026-07-29,MSFT,389.8061828613281,47209000
2026-07-30,MSFT,450.2524108886719,110160700
2026-07-31,MSFT,463.8468017578125,60846000
2026-08-03,MSFT,486.73370361328125,66762100
2026-08-04,MSFT,491.884033203125,50455500
2026-08-05,MSFT,486.5440673828125,33388900
2026-08-06,MSFT,498.9207458496094,36441500
2026-08-07,MSFT,499.0505065917969,28846200
2026-08-10,MSFT,505.109130859375,31206100
2026-08-11,MSFT,502.86334228515625,23049800
2026-08-12,MSFT,491.5047302246094,29001500
2026-08-13,MSFT,495.9463806152344,23039000
2026-08-14,MSFT,494.4691467285156,16217600
2026-08-17,MSFT,479.44744873046875,29635800
2026-08-18,MSFT,480.72503662109375,24087600
2026-08-19,MSFT,483.3999938964844,19961900
2026-08-20,MSFT,481.1499938964844,20020800
2026-08-21,MSFT,483.239990234375,22510800
2026-08-24,MSFT,487.30999755859375,17230800
2026-08-25,MSFT,491.7099914550781,19519000
2026-08-26,MSFT,496.3699951171875,20758900
2026-08-27,MSFT,505.05999755859375,28688800
2026-08-28,MSFT,513.530029296875,29207300
2026-08-31,MSFT,507.2900085449219,27208900
2026-09-01,MSFT,501.0199890136719,21046900
2026-09-02,MSFT,496.82000732421875,15336100
2026-09-03,MSFT,510.1199951171875,24125900
2026-09-04,MSFT,499.70001220703125,18074400
2025-09-05,LQD,106.1873779296875,36249000
2025-09-08,LQD,106.55989837646484,28998000
2025-09-09,LQD,106.36885070800781,24412500
2025-09-10,LQD,106.6840591430664,30188100
2025-09-11,LQD,107.18075561523438,28405600
2025-09-12,LQD,106.98973083496094,26728500
2025-09-15,LQD,107.32405090332031,21863600
2025-09-16,LQD,107.22852325439453,28232600
2025-09-17,LQD,107.03748321533203,34969800
2025-09-18,LQD,106.81778717041016,37159300
2025-09-19,LQD,106.73182678222656,26845400
2025-09-22,LQD,106.49303436279297,25908600
2025-09-23,LQD,106.70317077636719,31575400
2025-09-24,LQD,106.27334594726562,34756700
2025-09-25,LQD,106.08230590820312,36991200
2025-09-26,LQD,106.22557830810547,31962100
2025-09-29,LQD,106.5790023803711,31961900
2025-09-30,LQD,106.47392272949219,34939700
2025-10-01,LQD,106.90150451660156,30262700
2025-10-02,LQD,107.07405090332031,18259400
2025-10-03,LQD,106.93984985351562,19971200
2025-10-06,LQD,106.5947265625,19553600
2025-10-07,LQD,106.79605865478516,29459500
2025-10-08,LQD,106.66183471679688,22462100
2025-10-09,LQD,106.45092010498047,29660700
2025-10-10,LQD,106.74809265136719,39146400
2025-10-13,LQD,107.11239624023438,11235900
2025-10-14,LQD,107.46712493896484,43975300
2025-10-15,LQD,107.46712493896484,45017200
2025-10-16,LQD,107.77388763427734,39858400
2025-10-17,LQD,107.56297302246094,35433500
2025-10-20,LQD,107.88893127441406,26361100
2025-10-21,LQD,107.90809631347656,27353800
2025-10-22,LQD,108.0135498046875,41003600
2025-10-23,LQD,107.87933349609375,27558500
2025-10-24,LQD,108.06149291992188,29474600
2025-10-27,LQD,108.24363708496094,23513400
2025-10-28,LQD,108.25323486328125,34236300
2025-10-29,LQD,107.6396713256836,36236000
2025-10-30,LQD,107.06446838378906,46045200
2025-10-31,LQD,106.63307189941406,57255300
2025-11-03,LQD,106.34635162353516,53372100
2025-11-04,LQD,106.49067687988281,62636700
2025-11-05,LQD,106.17317199707031,43258300
2025-11-06,LQD,106.73120880126953,37814800
2025-11-07,LQD,106.51953887939453,42671600
2025-11-10,LQD,106.5772705078125,45229000
2025-11-11,LQD,107.0006103515625,11282600
2025-11-12,LQD,106.89476776123047,39067900
2025-11-13,LQD,106.36558532714844,34125900
2025-11-14,LQD,106.07694244384766,31437600
2025-11-17,LQD,106.14430236816406,34343300
2025-11-18,LQD,106.1924057006836,30566000
2025-11-19,LQD,106.2020263671875,29144800
2025-11-20,LQD,106.34635162353516,49362200
2025-11-21,LQD,106.72157287597656,41000500
2025-11-24,LQD,107.14495086669922,28437900
2025-11-25,LQD,107.44319915771484,47560900
2025-11-26,LQD,107.8088150024414,24585400
2025-11-28,LQD,107.62600708007812,25471200
2025-12-01,LQD,107.04947662353516,24610100
2025-12-02,LQD,107.1170654296875,34955000
2025-12-03,LQD,107.3584976196289,20997800
2025-12-04,LQD,107.16536712646484,29846500
2025-12-05,LQD,107.05912017822266,25470000
2025-12-08,LQD,106.8370132446289,28815200
2025-12-09,LQD,106.70182037353516,29239900
2025-12-10,LQD,107.1943359375,34019300
2025-12-11,LQD,107.03981018066406,41927200
2025-12-12,LQD,106.39278411865234,39040100
2025-12-15,LQD,106.5183334350586,22151200
2025-12-16,LQD,106.759765625,31692600
2025-12-17,LQD,106.64386749267578,22248000
2025-12-18,LQD,107.04947662353516,31844300
2025-12-19,LQD,106.77413177490234,28594900
2025-12-22,LQD,106.75473022460938,17335000
2025-12-23,LQD,106.86138153076172,16137300
2025-12-24,LQD,107.27828979492188,6400600
2025-12-26,LQD,107.26860046386719,10589300
2025-12-29,LQD,107.41401672363281,18943900
2025-12-30,LQD,107.28797912597656,21486400
2025-12-31,LQD,106.8322982788086,19124600
2026-01-02,LQD,106.80321502685547,25676200
2026-01-05,LQD,107.10377502441406,27771000
2026-01-06,LQD,107.10377502441406,31037300
2026-01-07,LQD,107.18132781982422,28107400
2026-01-08,LQD,106.88077545166016,26395600
2026-01-09,LQD,107.26860046386719,29660300
2026-01-12,LQD,107.14256286621094,28990100
2026-01-13,LQD,107.375244140625,31139200
2026-01-14,LQD,107.6467056274414,27251900
2026-01-15,LQD,107.51097106933594,34534800
2026-01-16,LQD,107.20071411132812,38762100
2026-01-20,LQD,106.55113983154297,43500200
2026-01-21,LQD,107.19102478027344,38616500
2026-01-22,LQD,107.3946304321289,36342900
2026-01-23,LQD,107.46247863769531,30615300
2026-01-26,LQD,107.54974365234375,23629800
2026-01-27,LQD,107.43340301513672,27166000
2026-01-28,LQD,107.27828979492188,31045900
2026-01-29,LQD,107.307373046875,45815500
2026-01-30,LQD,107.20071411132812,39631400
2026-02-02,LQD,107.10145568847656,35480300
2026-02-03,LQD,107.15010833740234,32761700
2026-02-04,LQD,107.01387786865234,31344400
2026-02-05,LQD,107.52962493896484,23929700
2026-02-06,LQD,107.58802032470703,29022200
2026-02-09,LQD,107.58802032470703,27356900
2026-02-10,LQD,107.84103393554688,34509800
2026-02-11,LQD,107.72425079345703,29955300
2026-02-12,LQD,108.23028564453125,39724200
2026-02-13,LQD,108.59032440185547,33609900
2026-02-17,LQD,108.69737243652344,33132600
2026-02-18,LQD,108.59032440185547,40087000
2026-02-19,LQD,108.67791748046875,30394400
2026-02-20,LQD,108.59032440185547,44837400
2026-02-23,LQD,108.70710754394531,33323600
2026-02-24,LQD,108.67791748046875,37797100
2026-02-25,LQD,108.64872741699219,33682200
2026-02-26,LQD,108.71683502197266,33031800
2026-02-27,LQD,108.67791748046875,48343700
2026-03-02,LQD,108.30977630615234,54854600
2026-03-03,LQD,108.2609634399414,78775000
2026-03-04,LQD,108.35861206054688,49023300
2026-03-05,LQD,107.928955078125,47318400
2026-03-06,LQD,107.56767272949219,58242900
2026-03-09,LQD,108.2121353149414,44312100
2026-03-10,LQD,107.47001647949219,71501200
2026-03-11,LQD,106.5912094116211,66523500
2026-03-12,LQD,106.01507568359375,72750200
2026-03-13,LQD,105.62449645996094,54605100
2026-03-16,LQD,106.13225555419922,65430000
2026-03-17,LQD,106.7279052734375,53953900
2026-03-18,LQD,106.15178680419922,60360000
2026-03-19,LQD,106.62049102783203,60271200
2026-03-20,LQD,105.31202697753906,66608900
2026-03-23,LQD,106.00531005859375,54512800
2026-03-24,LQD,105.79048919677734,46515300
2026-03-25,LQD,106.17131805419922,48616300
2026-03-26,LQD,105.34131622314453,42072700
2026-03-27,LQD,105.08744812011719,42578500
2026-03-30,LQD,105.76119995117188,42677000
2026-03-31,LQD,106.42520141601562,57883800
2026-04-01,LQD,106.5389404296875,37445300
2026-04-02,LQD,106.98995971679688,27148600
2026-04-06,LQD,106.8232650756836,29080500
2026-04-07,LQD,106.94092559814453,41258900
2026-04-08,LQD,107.35272216796875,63694700
2026-04-09,LQD,107.35272216796875,39122000
2026-04-10,LQD,107.0683822631836,22857000
2026-04-13,LQD,107.48019409179688,19904200
2026-04-14,LQD,107.83316802978516,29507800
2026-04-15,LQD,107.79395294189453,30074300
2026-04-16,LQD,107.29390716552734,25833300
2026-04-17,LQD,107.89199829101562,44767700
2026-04-20,LQD,107.88219451904297,19935900
2026-04-21,LQD,107.47039031982422,26008100
2026-04-22,LQD,107.67628479003906,17815000
2026-04-23,LQD,107.38214111328125,25668600
2026-04-24,LQD,107.46058654785156,23212600
2026-04-27,LQD,107.1566390991211,21833200
2026-04-28,LQD,107.20565032958984,25603500
2026-04-29,LQD,106.6075668334961,21800900
2026-04-30,LQD,106.72522735595703,45530700
2026-05-01,LQD,106.8974838256836,34755500
2026-05-04,LQD,106.55296325683594,21983900
2026-05-05,LQD,106.94670104980469,33609700
2026-05-06,LQD,107.47823333740234,28417400
2026-05-07,LQD,107.0352783203125,24184900
2026-05-08,LQD,107.48806762695312,17503300
2026-05-11,LQD,107.22230529785156,23050600
2026-05-12,LQD,106.85810089111328,26579400
2026-05-13,LQD,106.91716766357422,19083000
2026-05-14,LQD,106.84827423095703,18038000
2026-05-15,LQD,106.16908264160156,49718000
2026-05-18,LQD,105.97222137451172,31145200
2026-05-19,LQD,105.44068145751953,36965500
2026-05-20,LQD,106.2576675415039,34281700
2026-05-21,LQD,106.4742202758789,25440400
2026-05-22,LQD,106.67108917236328,19668800
2026-05-26,LQD,107.07465362548828,23730300
2026-05-27,LQD,107.22230529785156,16208400
2026-05-28,LQD,107.5471420288086,24176800
2026-05-29,LQD,107.64556884765625,26551200
2026-06-01,LQD,107.6287612915039,19298000
2026-06-02,LQD,107.61888885498047,14394700
2026-06-03,LQD,107.32247161865234,24018700
2026-06-04,LQD,107.54972076416016,17881600
2026-06-05,LQD,106.87784576416016,30790300
2026-06-08,LQD,106.76915740966797,21944000
2026-06-09,LQD,107.11498260498047,37925400
2026-06-10,LQD,106.86797332763672,20870100
2026-06-11,LQD,107.7769775390625,34849400
2026-06-12,LQD,107.70780944824219,23423000
2026-06-15,LQD,107.68804931640625,27040500
2026-06-16,LQD,107.81649780273438,24297100
2026-06-17,LQD,107.47067260742188,31079300
2026-06-18,LQD,107.76708984375,41725500
2026-06-22,LQD,107.48056030273438,22557300
2026-06-23,LQD,107.60900115966797,27509300
2026-06-24,LQD,108.10303497314453,31462200
2026-06-25,LQD,108.19196319580078,33772500
2026-06-26,LQD,108.19196319580078,26033500
2026-06-29,LQD,108.38957214355469,43883300
2026-06-30,LQD,107.76708984375,32665400
2026-07-01,LQD,107.54102325439453,25563100
2026-07-02,LQD,107.71949768066406,18406000
2026-07-06,LQD,107.74923706054688,17471600
2026-07-07,LQD,106.96593475341797,32025000
2026-07-08,LQD,106.7577133178711,31080600
2026-07-09,LQD,106.79737854003906,24612700
2026-07-10,LQD,106.54949188232422,34114000
2026-07-13,LQD,106.0537338256836,29936100
2026-07-14,LQD,106.3016128540039,33688900
2026-07-15,LQD,106.6684799194336,27178700
2026-07-16,LQD,106.58914947509766,33413200
2026-07-17,LQD,106.64865112304688,25761500
2026-07-20,LQD,106.24211883544922,29445700
2026-07-21,LQD,105.94466400146484,26033300
2026-07-22,LQD,105.76618194580078,20115500
2026-07-23,LQD,105.35966491699219,35690700
2026-07-24,LQD,105.32991790771484,27980000
2026-07-27,LQD,105.60755157470703,33698100
2026-07-28,LQD,105.92483520507812,23347600
2026-07-29,LQD,105.32000732421875,44523200
2026-07-30,LQD,105.50839233398438,30975700
2026-07-31,LQD,105.34974670410156,40904000
2026-08-03,LQD,105.66641998291016,30003200
2026-08-04,LQD,106.31370544433594,30075900
2026-08-05,LQD,106.29378509521484,24602300
2026-08-06,LQD,105.91537475585938,32079900
2026-08-07,LQD,106.10458374023438,22803900
2026-08-10,LQD,105.51704406738281,26021600
2026-08-11,LQD,105.54692077636719,24716700
2026-08-12,LQD,105.67638397216797,23031500
2026-08-13,LQD,106.10458374023438,25741000
2026-08-14,LQD,105.67638397216797,29528400
2026-08-17,LQD,105.25813293457031,25578600
2026-08-18,LQD,105.39754486083984,33979400
2026-08-19,LQD,106.12449645996094,37259700
2026-08-20,LQD,105.61663055419922,26597500
2026-08-21,LQD,105.47721099853516,24263700
2026-08-24,LQD,105.73612976074219,23581900
2026-08-25,LQD,106.41328430175781,30966800
2026-08-26,LQD,106.3336181640625,19195700
2026-08-27,LQD,106.28382873535156,21807300
2026-08-28,LQD,105.9054183959961,27002300
2026-08-31,LQD,105.76599884033203,29345400
2026-09-01,LQD,105.22000122070312,34399700
2026-09-02,LQD,105.3499984741211,26691200
2026-09-03,LQD,105.5,16263200
2026-09-04,LQD,105.4800033569336,20428600
2025-09-05,AAPL,238.80784606933594,54870400
2025-09-08,AAPL,237.0045166015625,48999500
2025-09-09,AAPL,233.48751831054688,66313900
2025-09-10,AAPL,225.955322265625,83440800
2025-09-11,AAPL,229.18341064453125,50208600
2025-09-12,AAPL,233.20855712890625,55824200
2025-09-15,AAPL,235.828857421875,42699500
2025-09-16,AAPL,237.2735137939453,63421100
2025-09-17,AAPL,238.11044311523438,46508000
2025-09-18,AAPL,237.0045166015625,44249600
2025-09-19,AAPL,244.59646606445312,163741300
2025-09-22,AAPL,255.13751220703125,105517400
2025-09-23,AAPL,253.4936065673828,60275200
2025-09-24,AAPL,251.38140869140625,42303700
2025-09-25,AAPL,255.9246063232422,55202100
2025-09-26,AAPL,254.5198211669922,46076300
2025-09-29,AAPL,253.4936065673828,40127700
2025-09-30,AAPL,253.69287109375,37704300
2025-10-01,AAPL,254.5098419189453,48713900
2025-10-02,AAPL,256.18365478515625,42630200
2025-10-03,AAPL,257.07037353515625,49155600
2025-10-06,AAPL,255.74530029296875,44664100
2025-10-07,AAPL,255.53607177734375,31955800
2025-10-08,AAPL,257.1102294921875,36496900
2025-10-09,AAPL,253.10501098632812,38322000
2025-10-10,AAPL,244.3673095703125,61999100
2025-10-13,AAPL,246.74851989746094,38142900
2025-10-14,AAPL,246.8581085205078,35478000
2025-10-15,AAPL,248.42233276367188,33893600
2025-10-16,AAPL,246.53927612304688,39777000
2025-10-17,AAPL,251.36146545410156,49147000
2025-10-20,AAPL,261.27484130859375,90483000
2025-10-21,AAPL,261.8028869628906,46695900
2025-10-22,AAPL,257.49884033203125,45015300
2025-10-23,AAPL,258.6246337890625,32754900
2025-10-24,AAPL,261.85272216796875,38253700
2025-10-27,AAPL,267.8206481933594,44888200
2025-10-28,AAPL,268.00994873046875,41534800
2025-10-29,AAPL,268.7073974609375,51086700
2025-10-30,AAPL,270.401123046875,69886500
2025-10-31,AAPL,269.3749084472656,86167100
2025-11-03,AAPL,268.0597839355469,50194600
2025-11-04,AAPL,269.0461730957031,49274800
2025-11-05,AAPL,269.1457824707031,43683100
2025-11-06,AAPL,268.7771301269531,51204000
2025-11-07,AAPL,267.48193359375,48227400
2025-11-10,AAPL,268.6985778808594,41312400
2025-11-11,AAPL,274.5028076171875,46208300
2025-11-12,AAPL,272.7276916503906,48398000
2025-11-13,AAPL,272.20904541015625,49602800
2025-11-14,AAPL,271.6705322265625,47431300
2025-11-17,AAPL,266.73394775390625,45018300
2025-11-18,AAPL,266.7139892578125,45677300
2025-11-19,AAPL,267.83099365234375,40424500
2025-11-20,AAPL,265.5272521972656,45823600
2025-11-21,AAPL,270.75299072265625,59030800
2025-11-24,AAPL,275.1710205078125,65585800
2025-11-25,AAPL,276.2181396484375,46914200
2025-11-26,AAPL,276.7966003417969,33431400
2025-11-28,AAPL,278.0930480957031,20135600
2025-12-01,AAPL,282.3315124511719,46587700
2025-12-02,AAPL,285.4131164550781,53669500
2025-12-03,AAPL,283.378662109375,43538700
2025-12-04,AAPL,279.9380187988281,43989100
2025-12-05,AAPL,278.0232238769531,47265800
2025-12-08,AAPL,277.1356506347656,38211800
2025-12-09,AAPL,276.4275817871094,32193300
2025-12-10,AAPL,278.0232238769531,33038300
2025-12-11,AAPL,277.2752685546875,33248000
2025-12-12,AAPL,277.5245666503906,39532900
2025-12-15,AAPL,273.3658752441406,50409100
2025-12-16,AAPL,273.8645324707031,37648600
2025-12-17,AAPL,271.10205078125,50138700
2025-12-18,AAPL,271.4511413574219,51630700
2025-12-19,AAPL,272.9271240234375,144632000
2025-12-22,AAPL,270.23443603515625,36571800
2025-12-23,AAPL,271.62066650390625,29642000
2025-12-24,AAPL,273.06671142578125,17910600
2025-12-26,AAPL,272.6578674316406,21521800
2025-12-29,AAPL,273.0168762207031,23715200
2025-12-30,AAPL,272.33868408203125,22139600
2025-12-31,AAPL,271.12200927734375,27293600
2026-01-02,AAPL,270.27435302734375,37838100
2026-01-05,AAPL,266.5345458984375,45647200
2026-01-06,AAPL,261.6478271484375,52352100
2026-01-07,AAPL,259.6233215332031,48309800
2026-01-08,AAPL,258.3368225097656,50419300
2026-01-09,AAPL,258.6659240722656,39997000
2026-01-12,AAPL,259.54351806640625,45263800
2026-01-13,AAPL,260.34136962890625,45730800
2026-01-14,AAPL,259.2543029785156,40019400
2026-01-15,AAPL,257.50909423828125,39388600
2026-01-16,AAPL,254.83633422851562,72142800
2026-01-20,AAPL,246.0303192138672,80267500
2026-01-21,AAPL,246.9777374267578,54641700
2026-01-22,AAPL,247.67584228515625,39708300
2026-01-23,AAPL,247.36666870117188,41689000
2026-01-26,AAPL,254.71669006347656,55969200
2026-01-27,AAPL,257.56890869140625,49648300
2026-01-28,AAPL,255.74388122558594,41288000
2026-01-29,AAPL,257.5788879394531,67253000
2026-01-30,AAPL,258.7756652832031,92443400
2026-02-02,AAPL,269.27703857421875,73913400
2026-02-03,AAPL,268.7485046386719,64394700
2026-02-04,AAPL,275.7394104003906,90545700
2026-02-05,AAPL,275.1610412597656,52977400
2026-02-06,AAPL,277.364990234375,50453400
2026-02-09,AAPL,274.13079833984375,44623400
2026-02-10,AAPL,273.19244384765625,34376900
2026-02-11,AAPL,275.00921630859375,51931300
2026-02-12,AAPL,261.2637939453125,81077200
2026-02-13,AAPL,255.32435607910156,56290700
2026-02-17,AAPL,263.4099426269531,58469100
2026-02-18,AAPL,263.8791198730469,34203300
2026-02-19,AAPL,260.11578369140625,30845300
2026-02-20,AAPL,264.1086730957031,42070500
2026-02-23,AAPL,265.705810546875,37308200
2026-02-24,AAPL,271.6552429199219,47014600
2026-02-25,AAPL,273.74151611328125,33714300
2026-02-26,AAPL,272.4637756347656,32345100
2026-02-27,AAPL,263.7093811035156,72366500
2026-03-02,AAPL,264.2484130859375,41827900
2026-03-03,AAPL,263.2801818847656,38568900
2026-03-04,AAPL,262.0523376464844,39803100
2026-03-05,AAPL,259.8263244628906,49658600
2026-03-06,AAPL,257.0013427734375,41120000
2026-03-09,AAPL,259.41705322265625,38218500
2026-03-10,AAPL,260.3653564453125,30590800
2026-03-11,AAPL,260.3453674316406,26218900
2026-03-12,AAPL,255.30438232421875,40794000
2026-03-13,AAPL,249.6744384765625,36930000
2026-03-16,AAPL,252.36964416503906,32074200
2026-03-17,AAPL,253.77711486816406,32361600
2026-03-18,AAPL,249.49476623535156,35757900
2026-03-19,AAPL,248.5165252685547,34864100
2026-03-20,AAPL,247.54823303222656,88331100
2026-03-23,AAPL,251.04200744628906,40546100
2026-03-24,AAPL,251.1917266845703,45152300
2026-03-25,AAPL,252.16998291015625,28476700
2026-03-26,AAPL,252.43951416015625,41796700
2026-03-27,AAPL,248.35679626464844,47900000
2026-03-30,AAPL,246.19065856933594,39446200
2026-03-31,AAPL,253.337890625,49598100
2026-04-01,AAPL,255.17462158203125,40059400
2026-04-02,AAPL,255.464111328125,31289400
2026-04-06,AAPL,258.3988342285156,29329900
2026-04-07,AAPL,253.0484161376953,62148000
2026-04-08,AAPL,258.43878173828125,41032800
2026-04-09,AAPL,260.02593994140625,28121600
2026-04-10,AAPL,260.0159912109375,31291500
2026-04-13,AAPL,258.73828125,36234700
2026-04-14,AAPL,258.368896484375,48370700
2026-04-15,AAPL,265.95538330078125,49913500
2026-04-16,AAPL,262.9307556152344,43323100
2026-04-17,AAPL,269.7486267089844,61436200
2026-04-20,AAPL,272.5635681152344,36590200
2026-04-21,AAPL,265.69586181640625,50209800
2026-04-22,AAPL,272.68341064453125,43249200
2026-04-23,AAPL,272.9429016113281,33399600
2026-04-24,AAPL,270.5771179199219,38157100
2026-04-27,AAPL,267.1332702636719,41466800
2026-04-28,AAPL,270.2277526855469,40018900
2026-04-29,AAPL,269.688720703125,30047900
2026-04-30,AAPL,270.86663818359375,91848200
2026-05-01,AAPL,279.6409606933594,79915400
2026-05-04,AAPL,276.33685302734375,46668400
2026-05-05,AAPL,283.67376708984375,49311700
2026-05-06,AAPL,286.9978332519531,58336100
2026-05-07,AAPL,286.9279479980469,45224300
2026-05-08,AAPL,292.7974853515625,52692800
2026-05-11,AAPL,292.42779541015625,42247300
2026-05-12,AAPL,294.54595947265625,45748100
2026-05-13,AAPL,298.6124572753906,52684300
2026-05-14,AAPL,297.9530334472656,35324900
2026-05-15,AAPL,299.9713134765625,54862800
2026-05-18,AAPL,297.5833435058594,34483000
2026-05-19,AAPL,298.7123718261719,42243600
2026-05-20,AAPL,301.98956298828125,38229800
2026-05-21,AAPL,304.7271728515625,42965100
2026-05-22,AAPL,308.55389404296875,43670200
2026-05-26,AAPL,308.0643005371094,48000500
2026-05-27,AAPL,310.5821533203125,50430900
2026-05-28,AAPL,312.24072265625,48220400
2026-05-29,AAPL,311.7911071777344,70026800
2026-06-01,AAPL,306.0460510253906,48849900
2026-06-02,AAPL,314.92840576171875,44534700
2026-06-03,AAPL,309.9926452636719,50836700
2026-06-04,AAPL,310.9618225097656,44869100
2026-06-05,AAPL,307.0751647949219,65310500
2026-06-08,AAPL,301.2801818847656,77949100
2026-06-09,AAPL,290.29962158203125,70108800
2026-06-10,AAPL,291.3287353515625,52793300
2026-06-11,AAPL,295.375244140625,42572500
2026-06-12,AAPL,290.879150390625,38742100
2026-06-15,AAPL,296.1645812988281,45732600
2026-06-16,AAPL,298.9821472167969,39874400
2026-06-17,AAPL,295.6949768066406,42745100
2026-06-18,AAPL,297.7532043457031,85962200
2026-06-22,AAPL,296.75408935546875,44879900
2026-06-23,AAPL,294.04638671875,52010900
2026-06-24,AAPL,292.8274230957031,53081900
2026-06-25,AAPL,274.91290283203125,107013700
2026-06-26,AAPL,283.53546142578125,261775500
2026-06-29,AAPL,281.4972229003906,66427000
2026-06-30,AAPL,289.11065673828125,65100200
2026-07-01,AAPL,294.1263427734375,50164200
2026-07-02,AAPL,308.3640441894531,75352800
2026-07-06,AAPL,312.3905944824219,53590000
2026-07-07,AAPL,310.3923034667969,42490000
2026-07-08,AAPL,313.1199645996094,41323500
2026-07-09,AAPL,315.947509765625,48124500
2026-07-10,AAPL,315.0483093261719,34132300
2026-07-13,AAPL,317.03656005859375,43257800
2026-07-14,AAPL,314.58868408203125,36336800
2026-07-15,AAPL,327.2178039550781,60957600
2026-07-16,AAPL,332.97283935546875,62970600
2026-07-17,AAPL,333.452392578125,63407100
2026-07-20,AAPL,326.3085632324219,53468000
2026-07-21,AAPL,327.45758056640625,41338900
2026-07-22,AAPL,325.60919189453125,38755900
2026-07-23,AAPL,321.3828430175781,40840800
2026-07-24,AAPL,332.7330322265625,47489400
2026-07-27,AAPL,336.61968994140625,49604300
2026-07-28,AAPL,339.78692626953125,51859000
2026-07-29,AAPL,337.8985900878906,56090800
2026-07-30,AAPL,333.1426696777344,74817800
2026-07-31,AAPL,308.6438293457031,132489100
2026-08-03,AAPL,303.1585693359375,75052000
2026-08-04,AAPL,309.1134033203125,68001000
2026-08-05,AAPL,310.7320251464844,49438800
2026-08-06,AAPL,312.14080810546875,46139900
2026-08-07,AAPL,313.05999755859375,34437200
2026-08-10,AAPL,308.260009765625,44812500
2026-08-11,AAPL,304.9100036621094,37476700
2026-08-12,AAPL,302.25,41657800
2026-08-13,AAPL,305.260009765625,40349300
2026-08-14,AAPL,305.92999267578125,28229400
2026-08-17,AAPL,305.5899963378906,38169300
2026-08-18,AAPL,310.0299987792969,53424500
2026-08-19,AAPL,316.8299865722656,50505600
2026-08-20,AAPL,311.29998779296875,40959200
2026-08-21,AAPL,309.3500061035156,46876800
2026-08-24,AAPL,310.3399963378906,34673600
2026-08-25,AAPL,309.8999938964844,25869800
2026-08-26,AAPL,313.45001220703125,34024500
2026-08-27,AAPL,314.5799865722656,32419200
2026-08-28,AAPL,319.70001220703125,38649400
2026-08-31,AAPL,316.8500061035156,41242700
2026-09-01,AAPL,325.1300048828125,53167400
2026-09-02,AAPL,324.9599914550781,33776400
2026-09-03,AAPL,328.2099914550781,37225800
2026-09-04,AAPL,319.9700012207031,39551800
2025-09-05,COHR,97.83999633789062,7214700
2025-09-08,COHR,98.66999816894531,2941200
2025-09-09,COHR,99.22000122070312,2790100
2025-09-10,COHR,103.48999786376953,5020100
2025-09-11,COHR,103.51000213623047,3944100
2025-09-12,COHR,102.98999786376953,3475300
2025-09-15,COHR,106.33999633789062,4235200
2025-09-16,COHR,104.47000122070312,3712600
2025-09-17,COHR,103.41000366210938,3901100
2025-09-18,COHR,108.05000305175781,3659700
2025-09-19,COHR,109.11000061035156,3427000
2025-09-22,COHR,114.5999984741211,4579000
2025-09-23,COHR,109.29000091552734,3488300
2025-09-24,COHR,106.5199966430664,3291700
2025-09-25,COHR,106.56999969482422,2602600
2025-09-26,COHR,106.98999786376953,2968500
2025-09-29,COHR,107.97000122070312,2411700
2025-09-30,COHR,107.72000122070312,2331000
2025-10-01,COHR,114.6500015258789,3101700
2025-10-02,COHR,112.79000091552734,3007500
2025-10-03,COHR,113.58000183105469,3016800
2025-10-06,COHR,114.7699966430664,3775500
2025-10-07,COHR,113.55999755859375,3932300
2025-10-08,COHR,116.66999816894531,2378700
2025-10-09,COHR,122.3499984741211,3574600
2025-10-10,COHR,111.0999984741211,3883700
2025-10-13,COHR,115.12999725341797,2868300
2025-10-14,COHR,109.37000274658203,2641100
2025-10-15,COHR,110.41000366210938,3175500
2025-10-16,COHR,115.95999908447266,3368300
2025-10-17,COHR,116.3499984741211,2405500
2025-10-20,COHR,120.19999694824219,3075800
2025-10-21,COHR,120.79000091552734,2993200
2025-10-22,COHR,115.37000274658203,3602300
2025-10-23,COHR,121.5199966430664,2603300
2025-10-24,COHR,129.33999633789062,5477100
2025-10-27,COHR,134.99000549316406,4588800
2025-10-28,COHR,134.24000549316406,3008400
2025-10-29,COHR,138.05999755859375,3712000
2025-10-30,COHR,132.7100067138672,3002500
2025-10-31,COHR,131.9600067138672,4537100
2025-11-03,COHR,132.0,3782700
2025-11-04,COHR,128.6999969482422,4230900
2025-11-05,COHR,134.6300048828125,9063100
2025-11-06,COHR,159.3000030517578,10803400
2025-11-07,COHR,154.50999450683594,7985100
2025-11-10,COHR,166.72000122070312,6874700
2025-11-11,COHR,158.00999450683594,4184700
2025-11-12,COHR,156.6699981689453,3716900
2025-11-13,COHR,139.97000122070312,7205800
2025-11-14,COHR,139.3300018310547,4134900
2025-11-17,COHR,139.07000732421875,3523500
2025-11-18,COHR,138.14999389648438,3108900
2025-11-19,COHR,142.94000244140625,3658500
2025-11-20,COHR,135.61000061035156,5688700
2025-11-21,COHR,139.50999450683594,5003000
2025-11-24,COHR,151.80999755859375,5471200
2025-11-25,COHR,148.85000610351562,6559700
2025-11-26,COHR,154.0,3664300
2025-11-28,COHR,164.25999450683594,4781500
2025-12-01,COHR,163.5,4136200
2025-12-02,COHR,164.88999938964844,4572600
2025-12-03,COHR,170.9600067138672,4085700
2025-12-04,COHR,177.35000610351562,6568600
2025-12-05,COHR,181.7899932861328,5181700
2025-12-08,COHR,185.86000061035156,5857200
2025-12-09,COHR,192.72999572753906,3995700
2025-12-10,COHR,197.4499969482422,4188500
2025-12-11,COHR,198.5,5474400
2025-12-12,COHR,178.33999633789062,7353000
2025-12-15,COHR,178.4499969482422,4507400
2025-12-16,COHR,175.1999969482422,4319600
2025-12-17,COHR,170.44000244140625,4582800
2025-12-18,COHR,175.7100067138672,4707800
2025-12-19,COHR,185.8300018310547,4441000
2025-12-22,COHR,190.97999572753906,3380000
2025-12-23,COHR,191.8699951171875,2052300
2025-12-24,COHR,191.3699951171875,1566300
2025-12-26,COHR,191.72000122070312,1707600
2025-12-29,COHR,189.02000427246094,2023200
2025-12-30,COHR,186.80999755859375,1259500
2025-12-31,COHR,184.57000732421875,2170000
2026-01-02,COHR,194.3300018310547,3515100
2026-01-05,COHR,186.36000061035156,5235400
2026-01-06,COHR,194.11000061035156,4647500
2026-01-07,COHR,191.6199951171875,3064300
2026-01-08,COHR,173.14999389648438,5985000
2026-01-09,COHR,178.05999755859375,5456500
2026-01-12,COHR,185.17999267578125,5984600
2026-01-13,COHR,190.02999877929688,4541300
2026-01-14,COHR,184.11000061035156,2882800
2026-01-15,COHR,195.9600067138672,7028800
2026-01-16,COHR,191.0399932861328,3592300
2026-01-20,COHR,193.4600067138672,4305500
2026-01-21,COHR,201.4600067138672,5978400
2026-01-22,COHR,202.72000122070312,4101300
2026-01-23,COHR,196.94000244140625,2564900
2026-01-26,COHR,197.75999450683594,3097000
2026-01-27,COHR,214.0,4140200
2026-01-28,COHR,221.13999938964844,4303500
2026-01-29,COHR,215.86000061035156,4535800
2026-01-30,COHR,212.17999267578125,7083200
2026-02-02,COHR,222.44000244140625,5212000
2026-02-03,COHR,229.17999267578125,6938800
2026-02-04,COHR,211.0,13363100
2026-02-05,COHR,209.24000549316406,12867100
2026-02-06,COHR,227.67999267578125,6589900
2026-02-09,COHR,242.4600067138672,5940600
2026-02-10,COHR,228.3699951171875,7514100
2026-02-11,COHR,223.69000244140625,5608400
2026-02-12,COHR,216.10000610351562,6733700
2026-02-13,COHR,217.22999572753906,4052200
2026-02-17,COHR,219.9600067138672,4616600
2026-02-18,COHR,223.88999938964844,3227100
2026-02-19,COHR,232.47999572753906,4084700
2026-02-20,COHR,248.17999267578125,6285900
2026-02-23,COHR,248.88999938964844,4712700
2026-02-24,COHR,254.86000061035156,4618900
2026-02-25,COHR,267.8999938964844,7096800
2026-02-26,COHR,250.13999938964844,7894000
2026-02-27,COHR,258.92999267578125,15226100
2026-03-02,COHR,298.9100036621094,10243400
2026-03-03,COHR,280.80999755859375,8099500
2026-03-04,COHR,274.8599853515625,10520100
2026-03-05,COHR,253.8699951171875,8812300
2026-03-06,COHR,235.72000122070312,8055900
2026-03-09,COHR,252.32000732421875,10589700
2026-03-10,COHR,260.6400146484375,7866100
2026-03-11,COHR,251.41000366210938,6806900
2026-03-12,COHR,241.27000427246094,5718800
2026-03-13,COHR,242.75999450683594,3932600
2026-03-16,COHR,247.3699951171875,6165200
2026-03-17,COHR,245.8000030517578,7599900
2026-03-18,COHR,257.2099914550781,9952700
2026-03-19,COHR,275.57000732421875,9382800
2026-03-20,COHR,253.6300048828125,51484800
2026-03-23,COHR,255.0500030517578,9205200
2026-03-24,COHR,272.3299865722656,9338800
2026-03-25,COHR,272.0400085449219,5314100
2026-03-26,COHR,243.2899932861328,6390900
2026-03-27,COHR,243.47999572753906,5433500
2026-03-30,COHR,219.64999389648438,8235200
2026-03-31,COHR,238.2100067138672,6152000
2026-04-01,COHR,247.8000030517578,6927800
2026-04-02,COHR,258.1600036621094,5188100
2026-04-06,COHR,253.22000122070312,3772200
2026-04-07,COHR,255.10000610351562,4027500
2026-04-08,COHR,281.7900085449219,7230100
2026-04-09,COHR,284.1700134277344,6374700
2026-04-10,COHR,307.5,7969000
2026-04-13,COHR,307.92999267578125,4516800
2026-04-14,COHR,313.4200134277344,4500100
2026-04-15,COHR,308.20001220703125,4953400
2026-04-16,COHR,328.0,6805400
2026-04-17,COHR,345.0199890136719,5628900
2026-04-20,COHR,347.510009765625,3872500
2026-04-21,COHR,343.7900085449219,5115900
2026-04-22,COHR,350.4700012207031,5202300
2026-04-23,COHR,337.67999267578125,6064200
2026-04-24,COHR,336.0899963378906,5294900
2026-04-27,COHR,321.5299987792969,6217500
2026-04-28,COHR,303.9700012207031,6393400
2026-04-29,COHR,304.92999267578125,6884400
2026-04-30,COHR,319.7099914550781,6165400
2026-05-01,COHR,329.5,4620100
2026-05-04,COHR,329.8900146484375,6539000
2026-05-05,COHR,335.7300109863281,5601200
2026-05-06,COHR,344.6700134277344,9720600
2026-05-07,COHR,319.19000244140625,12673300
2026-05-08,COHR,335.260009765625,7901600
2026-05-11,COHR,379.69000244140625,9856100
2026-05-12,COHR,374.010009765625,5990300
2026-05-13,COHR,403.7099914550781,6758900
2026-05-14,COHR,404.94000244140625,4791300
2026-05-15,COHR,382.45001220703125,6627000
2026-05-18,COHR,362.8299865722656,6342100
2026-05-19,COHR,353.6300048828125,5779000
2026-05-20,COHR,358.5,5065900
2026-05-21,COHR,378.0,4366200
2026-05-22,COHR,377.57000732421875,3980200
2026-05-26,COHR,381.3500061035156,4081200
2026-05-27,COHR,380.17999267578125,3989500
2026-05-28,COHR,376.95001220703125,3698100
2026-05-29,COHR,361.4700012207031,11073100
2026-06-01,COHR,362.8999938964844,6065900
2026-06-02,COHR,426.8900146484375,9124000
2026-06-03,COHR,417.42999267578125,5393600
2026-06-04,COHR,421.8999938964844,6032700
2026-06-05,COHR,376.989990234375,6418700
2026-06-08,COHR,401.92999267578125,5558400
2026-06-09,COHR,355.94000244140625,8180300
2026-06-10,COHR,354.7699890136719,5666800
2026-06-11,COHR,363.5799865722656,6489500
2026-06-12,COHR,385.0299987792969,5386600
2026-06-15,COHR,413.8399963378906,5158700
2026-06-16,COHR,382.80999755859375,5594400
2026-06-17,COHR,378.8500061035156,5707600
2026-06-18,COHR,389.57000732421875,7520600
2026-06-22,COHR,425.4800109863281,9178100
2026-06-23,COHR,381.2200012207031,5954800
2026-06-24,COHR,392.5,4641200
2026-06-25,COHR,407.25,4530200
2026-06-26,COHR,380.55999755859375,7103900
2026-06-29,COHR,391.2200012207031,7860000
2026-06-30,COHR,394.4700012207031,4428300
2026-07-01,COHR,368.6499938964844,4316200
2026-07-02,COHR,333.3599853515625,6965900
2026-07-06,COHR,335.70001220703125,3258300
2026-07-07,COHR,314.1300048828125,5475000
2026-07-08,COHR,317.04998779296875,3873700
2026-07-09,COHR,327.239990234375,4158600
2026-07-10,COHR,324.5,4030200
2026-07-13,COHR,307.3900146484375,3218900
2026-07-14,COHR,310.7699890136719,3093700
2026-07-15,COHR,299.3800048828125,5188100
2026-07-16,COHR,276.9599914550781,4962600
2026-07-17,COHR,277.6000061035156,5956400
2026-07-20,COHR,285.3999938964844,3606800
2026-07-21,COHR,317.2200012207031,4531800
2026-07-22,COHR,312.19000244140625,2769700
2026-07-23,COHR,313.2200012207031,2853300
2026-07-24,COHR,282.3900146484375,3765800
2026-07-27,COHR,271.30999755859375,4637800
2026-07-28,COHR,243.3300018310547,8375000
2026-07-29,COHR,222.0500030517578,6900600
2026-07-30,COHR,249.05999755859375,6357000
2026-07-31,COHR,262.8900146484375,5475200
2026-08-03,COHR,288.1400146484375,5547900
2026-08-04,COHR,323.7300109863281,8958000
2026-08-05,COHR,328.2200012207031,5780900
2026-08-06,COHR,334.2200012207031,6037000
2026-08-07,COHR,379.1300048828125,11257200
2026-08-10,COHR,325.1499938964844,9845600
2026-08-11,COHR,328.57000732421875,6507100
2026-08-12,COHR,355.6400146484375,12452800
2026-08-13,COHR,327.2300109863281,13072500
2026-08-14,COHR,325.8299865722656,8757800
2026-08-17,COHR,351.2200012207031,8609600
2026-08-18,COHR,306.42999267578125,9644600
2026-08-19,COHR,287.4700012207031,7421700
2026-08-20,COHR,290.0299987792969,4979500
2026-08-21,COHR,289.5199890136719,6000800
2026-08-24,COHR,275.489990234375,6919700
2026-08-25,COHR,288.1400146484375,4738900
2026-08-26,COHR,294.3699951171875,5468200
2026-08-27,COHR,295.3900146484375,4907600
2026-08-28,COHR,279.20001220703125,5240200
2026-08-31,COHR,277.8299865722656,5049000
2026-09-01,COHR,272.0299987792969,5509600
2026-09-02,COHR,268.6400146484375,4189500
2026-09-03,COHR,264.4100036621094,4212500
2026-09-04,COHR,281.8599853515625,5035800
2025-09-05,CEG,299.90350341796875,2821200
2025-09-08,CEG,297.15887451171875,2333700
2025-09-09,CEG,299.1477355957031,2081600
2025-09-10,CEG,318.2210998535156,4040700
2025-09-11,CEG,316.2322082519531,2263800
2025-09-12,CEG,321.6817932128906,1414800
2025-09-15,CEG,328.58319091796875,2049300
2025-09-16,CEG,321.11492919921875,2374000
2025-09-17,CEG,319.489013671875,2171800
2025-09-18,CEG,320.9160461425781,1732400
2025-09-19,CEG,329.06048583984375,3416400
2025-09-22,CEG,345.19036865234375,2879900
2025-09-23,CEG,334.7785339355469,2522700
2025-09-24,CEG,337.2447814941406,1735200
2025-09-25,CEG,324.5158996582031,2447800
2025-09-26,CEG,329.41851806640625,1263500
2025-09-29,CEG,332.4068298339844,2286700
2025-09-30,CEG,327.2406921386719,2159600
2025-10-01,CEG,348.9493408203125,2818400
2025-10-02,CEG,355.472900390625,2161800
2025-10-03,CEG,357.9987487792969,3355200
2025-10-06,CEG,362.0759582519531,2159900
2025-10-07,CEG,356.1689758300781,2167700
2025-10-08,CEG,368.9375915527344,3342800
2025-10-09,CEG,381.099609375,2888800
2025-10-10,CEG,366.4415283203125,3084600
2025-10-13,CEG,378.79248046875,3270500
2025-10-14,CEG,387.3944091796875,3110900
2025-10-15,CEG,401.7044677734375,3537700
2025-10-16,CEG,394.3256530761719,3062300
2025-10-17,CEG,384.3514404296875,2882900
2025-10-20,CEG,367.94317626953125,3072900
2025-10-21,CEG,356.7955017089844,2753700
2025-10-22,CEG,348.114013671875,3571800
2025-10-23,CEG,363.7664794921875,2317500
2025-10-24,CEG,387.0264892578125,2999900
2025-10-27,CEG,388.9755859375,2642300
2025-10-28,CEG,382.81005859375,2865600
2025-10-29,CEG,399.19842529296875,2615900
2025-10-30,CEG,380.35382080078125,2218200
2025-10-31,CEG,374.9042663574219,2383800
2025-11-03,CEG,375.61029052734375,2506700
2025-11-04,CEG,360.8030700683594,3192200
2025-11-05,CEG,361.2306823730469,3228300
2025-11-06,CEG,349.3470764160156,3909800
2025-11-07,CEG,356.397705078125,5775300
2025-11-10,CEG,358.923583984375,2436300
2025-11-11,CEG,349.715087890625,1830100
2025-11-12,CEG,352.052001953125,1994300
2025-11-13,CEG,333.87359619140625,3604300
2025-11-14,CEG,336.63812255859375,2732800
2025-11-17,CEG,337.1737976074219,2129500
2025-11-18,CEG,337.85076904296875,3209900
2025-11-19,CEG,355.90069580078125,3337700
2025-11-20,CEG,344.25238037109375,4415000
2025-11-21,CEG,336.6162414550781,2948300
2025-11-24,CEG,352.54058837890625,2388300
2025-11-25,CEG,350.04168701171875,1635800
2025-11-26,CEG,357.5035705566406,1396100
2025-11-28,CEG,362.7502746582031,1073000
2025-12-01,CEG,357.4637451171875,2012500
2025-12-02,CEG,362.0633239746094,1974000
2025-12-03,CEG,359.6639709472656,1559500
2025-12-04,CEG,366.991455078125,2029800
2025-12-05,CEG,358.2303466796875,2018200
2025-12-08,CEG,356.08984375,1637900
2025-12-09,CEG,357.56329345703125,1359900
2025-12-10,CEG,360.47039794921875,2382200
2025-12-11,CEG,376.9273681640625,2530300
2025-12-12,CEG,350.42498779296875,3778600
2025-12-15,CEG,355.56219482421875,2628800
2025-12-16,CEG,364.00970458984375,2496800
2025-12-17,CEG,339.463623046875,4598000
2025-12-18,CEG,359.45489501953125,3773200
2025-12-19,CEG,353.829833984375,5429500
2025-12-22,CEG,356.2292175292969,1390300
2025-12-23,CEG,359.7336730957031,1404300
2025-12-24,CEG,362.34210205078125,628400
2025-12-26,CEG,358.8675231933594,758100
2025-12-29,CEG,356.7469177246094,1575600
2025-12-30,CEG,355.5422668457031,1198700
2025-12-31,CEG,351.7092590332031,1234600
2026-01-02,CEG,364.63189697265625,2330100
2026-01-05,CEG,353.37188720703125,3097300
2026-01-06,CEG,353.0134582519531,2448400
2026-01-07,CEG,337.13397216796875,2812100
2026-01-08,CEG,321.11505126953125,4114300
2026-01-09,CEG,341.0067443847656,5908000
2026-01-12,CEG,334.3761901855469,2485200
2026-01-13,CEG,332.0564880371094,2754400
2026-01-14,CEG,328.92041015625,2448400
2026-01-15,CEG,339.6925964355469,3054000
2026-01-16,CEG,306.3505554199219,9206900
2026-01-20,CEG,294.0949401855469,6079600
2026-01-21,CEG,293.06951904296875,5711800
2026-01-22,CEG,286.08050537109375,4771600
2026-01-23,CEG,287.782958984375,3785200
2026-01-26,CEG,284.0096740722656,3344100
2026-01-27,CEG,287.4842834472656,5963900
2026-01-28,CEG,286.6778869628906,3279700
2026-01-29,CEG,286.1800842285156,3141900
2026-01-30,CEG,279.43994140625,2756300
2026-02-02,CEG,269.6832580566406,4044500
2026-02-03,CEG,267.2640075683594,3584200
2026-02-04,CEG,249.35348510742188,7172000
2026-02-05,CEG,245.96849060058594,4001600
2026-02-06,CEG,260.26507568359375,6306500
2026-02-09,CEG,270.9476623535156,4182000
2026-02-10,CEG,269.942138671875,4603800
2026-02-11,CEG,275.6269226074219,3862100
2026-02-12,CEG,274.900146484375,4893400
2026-02-13,CEG,287.1557312011719,5450300
2026-02-17,CEG,301.67132568359375,5259200
2026-02-18,CEG,292.75091552734375,3794400
2026-02-19,CEG,290.3714599609375,2550000
2026-02-20,CEG,293.53741455078125,3134000
2026-02-23,CEG,292.5019836425781,3223200
2026-02-24,CEG,311.2588195800781,4652100
2026-02-25,CEG,324.40045166015625,4999700
2026-02-26,CEG,322.13055419921875,3960900
2026-02-27,CEG,328.4226379394531,3439500
2026-03-02,CEG,325.71466064453125,3539400
2026-03-03,CEG,323.43475341796875,4260300
2026-03-04,CEG,321.4236755371094,2342500
2026-03-05,CEG,330.60296630859375,3129200
2026-03-06,CEG,317.6504211425781,3432400
2026-03-09,CEG,321.99395751953125,2736900
2026-03-10,CEG,316.1121520996094,2316600
2026-03-11,CEG,299.76275634765625,4343200
2026-03-12,CEG,300.6200866699219,2750500
2026-03-13,CEG,300.83941650390625,1988600
2026-03-16,CEG,304.6376647949219,2208300
2026-03-17,CEG,306.74114990234375,2007400
2026-03-18,CEG,316.24176025390625,2634700
2026-03-19,CEG,315.49407958984375,2386900
2026-03-20,CEG,281.1203918457031,6107400
2026-03-23,CEG,288.8664855957031,2717900
2026-03-24,CEG,293.9407653808594,2405900
2026-03-25,CEG,302.3846435546875,2424400
2026-03-26,CEG,294.2796936035156,3129200
2026-03-27,CEG,300.5602722167969,2495200
2026-03-30,CEG,297.6891174316406,2675000
2026-03-31,CEG,278.38885498046875,6205200
2026-04-01,CEG,278.59820556640625,3560400
2026-04-02,CEG,271.97869873046875,3256700
2026-04-06,CEG,274.3114929199219,2470900
2026-04-07,CEG,271.7394104003906,2829300
2026-04-08,CEG,283.39337158203125,2584900
2026-04-09,CEG,279.3857727050781,3002400
2026-04-10,CEG,285.61651611328125,2691800
2026-04-13,CEG,290.8204040527344,2696000
2026-04-14,CEG,295.6953125,2284800
2026-04-15,CEG,293.8211364746094,1930300
2026-04-16,CEG,298.217529296875,2897400
2026-04-17,CEG,295.2965393066406,2266600
2026-04-20,CEG,286.6732177734375,2479700
2026-04-21,CEG,276.8436584472656,3395800
2026-04-22,CEG,286.2744445800781,2581900
2026-04-23,CEG,291.8671569824219,2767900
2026-04-24,CEG,312.5631408691406,3609900
2026-04-27,CEG,314.1981201171875,2372600
2026-04-28,CEG,304.7672424316406,2631200
2026-04-29,CEG,296.0841064453125,2732900
2026-04-30,CEG,312.0347900390625,2906400
2026-05-01,CEG,306.86077880859375,2102500
2026-05-04,CEG,320.0599365234375,2833800
2026-05-05,CEG,319.4319152832031,1895500
2026-05-06,CEG,321.7846374511719,3062200
2026-05-07,CEG,310.320068359375,2630200
2026-05-08,CEG,302.6936950683594,2948600
2026-05-11,CEG,298.7658386230469,6274200
2026-05-12,CEG,292.6946105957031,3761500
2026-05-13,CEG,274.04229736328125,6653700
2026-05-14,CEG,274.4111633300781,3655500
2026-05-15,CEG,266.7898864746094,3835700
2026-05-18,CEG,261.5978698730469,3435800
2026-05-19,CEG,260.2699279785156,3935800
2026-05-20,CEG,280.82830810546875,4095600
2026-05-21,CEG,285.3912658691406,2366000
2026-05-22,CEG,293.61865234375,2877600
2026-05-26,CEG,301.1071472167969,3606900
2026-05-27,CEG,288.2369079589844,3345800
2026-05-28,CEG,285.87054443359375,2378300
2026-05-29,CEG,287.308349609375,2491200
2026-06-01,CEG,265.2922058105469,11480600
2026-06-02,CEG,272.23150634765625,7774700
2026-06-03,CEG,266.8298034667969,4373100
2026-06-04,CEG,264.1838684082031,3467200
2026-06-05,CEG,254.43887329101562,4130700
2026-06-08,CEG,250.28524780273438,3629400
2026-06-09,CEG,251.2637481689453,3546000
2026-06-10,CEG,241.9281005859375,4071700
2026-06-11,CEG,246.33132934570312,5104100
2026-06-12,CEG,253.37049865722656,3409500
2026-06-15,CEG,261.94732666015625,3832700
2026-06-16,CEG,267.5886535644531,3798600
2026-06-17,CEG,266.75994873046875,3356300
2026-06-18,CEG,273.63934326171875,6986000
2026-06-22,CEG,275.1070861816406,2749100
2026-06-23,CEG,269.8451843261719,3387400
2026-06-24,CEG,267.5586853027344,2677100
2026-06-25,CEG,268.277587890625,3541200
2026-06-26,CEG,263.61474609375,3922200
2026-06-29,CEG,258.9219970703125,3031600
2026-06-30,CEG,247.98878479003906,5108300
2026-07-01,CEG,236.1370086669922,8689500
2026-07-02,CEG,238.88278198242188,4267000
2026-07-06,CEG,245.49261474609375,3362900
2026-07-07,CEG,239.3420867919922,3586400
2026-07-08,CEG,244.1446990966797,2784000
2026-07-09,CEG,250.3551483154297,2807000
2026-07-10,CEG,250.99417114257812,2002900
2026-07-13,CEG,257.1746826171875,2754200
2026-07-14,CEG,256.0364074707031,3217100
2026-07-15,CEG,257.71881103515625,2119800
2026-07-16,CEG,251.38356018066406,2858300
2026-07-17,CEG,252.0026092529297,2317000
2026-07-20,CEG,253.11090087890625,2234000
2026-07-21,CEG,261.8175354003906,2494700
2026-07-22,CEG,274.4780578613281,3305600
2026-07-23,CEG,275.177001953125,2574400
2026-07-24,CEG,273.9289245605469,2670000
2026-07-27,CEG,269.5855712890625,3081700
2026-07-28,CEG,259.42120361328125,2966200
2026-07-29,CEG,257.5540771484375,2855000
2026-07-30,CEG,263.15545654296875,3262100
2026-07-31,CEG,262.3467102050781,1852800
2026-08-03,CEG,273.2898864746094,2329800
2026-08-04,CEG,266.8398132324219,3817900
2026-08-05,CEG,264.71307373046875,3154700
2026-08-06,CEG,260.6992492675781,4860000
2026-08-07,CEG,269.47576904296875,2606100
2026-08-10,CEG,270.0149230957031,1931300
2026-08-11,CEG,277.9327392578125,2717700
2026-08-12,CEG,278.25225830078125,2931000
2026-08-13,CEG,278.21234130859375,2264000
2026-08-14,CEG,282.06640625,2021300
2026-08-17,CEG,277.77301025390625,2196400
2026-08-18,CEG,266.8299865722656,3755800
2026-08-19,CEG,274.1700134277344,2431900
2026-08-20,CEG,272.9200134277344,2175700
2026-08-21,CEG,272.8800048828125,2034000
2026-08-24,CEG,273.42999267578125,2623400
2026-08-25,CEG,278.4200134277344,2513500
2026-08-26,CEG,279.5199890136719,1942500
2026-08-27,CEG,282.4100036621094,1771000
2026-08-28,CEG,276.75,1771800
2026-08-31,CEG,274.7699890136719,2574100
2026-09-01,CEG,280.30999755859375,2411800
2026-09-02,CEG,290.0400085449219,2929000
2026-09-03,CEG,285.04998779296875,3137200
2026-09-04,CEG,298.9599914550781,2896300
2025-09-05,NVDA,166.79786682128906,224441400
2025-09-08,NVDA,168.08612060546875,163769100
2025-09-09,NVDA,170.53285217285156,157548400
2025-09-10,NVDA,177.09413146972656,226852000
2025-09-11,NVDA,176.9443359375,151159300
2025-09-12,NVDA,177.59349060058594,124911000
2025-09-15,NVDA,177.52357482910156,147061600
2025-09-16,NVDA,174.65724182128906,140737800
2025-09-17,NVDA,170.0730743408203,211843800
2025-09-18,NVDA,176.01551818847656,191763300
2025-09-19,NVDA,176.4449462890625,237182100
2025-09-22,NVDA,183.37611389160156,269637000
2025-09-23,NVDA,178.2027130126953,192559600
2025-09-24,NVDA,176.74456787109375,143564100
2025-09-25,NVDA,177.4636688232422,191586700
2025-09-26,NVDA,177.96302795410156,148573700
2025-09-29,NVDA,181.61837768554688,193063500
2025-09-30,NVDA,186.3423309326172,236981000
2025-10-01,NVDA,187.00149536132812,173844900
2025-10-02,NVDA,188.64939880371094,136805800
2025-10-03,NVDA,187.38099670410156,137596900
2025-10-06,NVDA,185.30364990234375,157678100
2025-10-07,NVDA,184.80429077148438,140088000
2025-10-08,NVDA,188.86911010742188,130168900
2025-10-09,NVDA,192.32470703125,182997200
2025-10-10,NVDA,182.92669677734375,268774400
2025-10-13,NVDA,188.0801239013672,153482800
2025-10-14,NVDA,179.8006591796875,205641400
2025-10-15,NVDA,179.60093688964844,214450500
2025-10-16,NVDA,181.5784149169922,179723300
2025-10-17,NVDA,182.9866180419922,173135200
2025-10-20,NVDA,182.4073486328125,128544700
2025-10-21,NVDA,180.92922973632812,124240200
2025-10-22,NVDA,180.05035400390625,162249600
2025-10-23,NVDA,181.92796325683594,111363700
2025-10-24,NVDA,186.02272033691406,131296700
2025-10-27,NVDA,191.24607849121094,153452700
2025-10-28,NVDA,200.77394104003906,297986200
2025-10-29,NVDA,206.77627563476562,308829600
2025-10-30,NVDA,202.63156127929688,178864400
2025-10-31,NVDA,202.23207092285156,179802200
2025-11-03,NVDA,206.61647033691406,180267300
2025-11-04,NVDA,198.43690490722656,188919300
2025-11-05,NVDA,194.9613494873047,171350300
2025-11-06,NVDA,187.84042358398438,223029800
2025-11-07,NVDA,187.91033935546875,264942300
2025-11-10,NVDA,198.7964630126953,198897100
2025-11-11,NVDA,192.91395568847656,176483300
2025-11-12,NVDA,193.5531463623047,154935300
2025-11-13,NVDA,186.62196350097656,207423100
2025-11-14,NVDA,189.92776489257812,186591900
2025-11-17,NVDA,186.3623046875,173628900
2025-11-18,NVDA,181.1289825439453,213598900
2025-11-19,NVDA,186.2823944091797,247246400
2025-11-20,NVDA,180.40989685058594,343504800
2025-11-21,NVDA,178.6521453857422,346926200
2025-11-24,NVDA,182.31747436523438,256618300
2025-11-25,NVDA,177.59349060058594,320600300
2025-11-26,NVDA,180.03038024902344,183852000
2025-11-28,NVDA,176.7745361328125,121332800
2025-12-01,NVDA,179.69082641601562,188131000
2025-12-02,NVDA,181.22885131835938,182632200
2025-12-03,NVDA,179.36123657226562,165138000
2025-12-04,NVDA,183.1566162109375,167364900
2025-12-05,NVDA,182.1877899169922,143971100
2025-12-08,NVDA,185.323974609375,204378100
2025-12-09,NVDA,184.7446746826172,144719700
2025-12-10,NVDA,183.55612182617188,162785400
2025-12-11,NVDA,180.70957946777344,182136600
2025-12-12,NVDA,174.80679321289062,204274900
2025-12-15,NVDA,176.0752410888672,164775600
2025-12-16,NVDA,177.50350952148438,148588100
2025-12-17,NVDA,170.7317657470703,222775500
2025-12-18,NVDA,173.9278564453125,176096000
2025-12-19,NVDA,180.76951599121094,324925900
2025-12-22,NVDA,183.4662322998047,129064400
2025-12-23,NVDA,188.97950744628906,174873600
2025-12-24,NVDA,188.38023376464844,65528500
2025-12-26,NVDA,190.2978973388672,139740300
2025-12-29,NVDA,187.99070739746094,120006100
2025-12-30,NVDA,187.31153869628906,97687300
2025-12-31,NVDA,186.27281188964844,120100500
2026-01-02,NVDA,188.6199493408203,148240500
2026-01-05,NVDA,187.89083862304688,183529700
2026-01-06,NVDA,187.0119171142578,176862600
2026-01-07,NVDA,188.87962341308594,153543200
2026-01-08,NVDA,184.81459045410156,172457000
2026-01-09,NVDA,184.63479614257812,131327500
2026-01-12,NVDA,184.71470642089844,137968500
2026-01-13,NVDA,185.58364868164062,160128900
2026-01-14,NVDA,182.91688537597656,159586100
2026-01-15,NVDA,186.8221435546875,206188600
2026-01-16,NVDA,186.0031280517578,187967200
2026-01-20,NVDA,177.8530731201172,223345300
2026-01-21,NVDA,183.09669494628906,200381000
2026-01-22,NVDA,184.6148223876953,139636600
2026-01-23,NVDA,187.44137573242188,142748100
2026-01-26,NVDA,186.2428436279297,124799600
2026-01-27,NVDA,188.29034423828125,143711600
2026-01-28,NVDA,191.2866973876953,148552700
2026-01-29,NVDA,192.27548217773438,171764400
2026-01-30,NVDA,190.8971710205078,179489500
2026-02-02,NVDA,185.38389587402344,165794100
2026-02-03,NVDA,180.12030029296875,204019600
2026-02-04,NVDA,173.97779846191406,207014100
2026-02-05,NVDA,171.6706085205078,206312900
2026-02-06,NVDA,185.1841278076172,231346200
2026-02-09,NVDA,189.80848693847656,196387400
2026-02-10,NVDA,188.31031799316406,136764800
2026-02-11,NVDA,189.8184814453125,144192700
2026-02-12,NVDA,186.7122802734375,189932500
2026-02-13,NVDA,182.58731079101562,161888000
2026-02-17,NVDA,184.7446746826172,162276900
2026-02-18,NVDA,187.75099182128906,164749100
2026-02-19,NVDA,187.6710968017578,126554500
2026-02-20,NVDA,189.58877563476562,178422300
2026-02-23,NVDA,191.31666564941406,171584800
2026-02-24,NVDA,192.61508178710938,175123600
2026-02-25,NVDA,195.32176208496094,250637100
2026-02-26,NVDA,184.66476440429688,360807900
2026-02-27,NVDA,176.97415161132812,311636500
2026-03-02,NVDA,182.25770568847656,209095300
2026-03-03,NVDA,179.83065795898438,178099400
2026-03-04,NVDA,182.8170166015625,177731200
2026-03-05,NVDA,183.1166534423828,198779700
2026-03-06,NVDA,177.60337829589844,189021900
2026-03-09,NVDA,182.427490234375,177213600
2026-03-10,NVDA,184.544921875,179118500
2026-03-11,NVDA,185.8134307861328,145280400
2026-03-12,NVDA,182.9268035888672,155762700
2026-03-13,NVDA,180.0401611328125,160988400
2026-03-16,NVDA,183.0067138671875,217307400
2026-03-17,NVDA,181.71820068359375,182497800
2026-03-18,NVDA,180.1899871826172,156683100
2026-03-19,NVDA,178.3521270751953,170968500
2026-03-20,NVDA,172.4989471435547,241323500
2026-03-23,NVDA,175.43553161621094,182836300
2026-03-24,NVDA,174.99603271484375,147667800
2026-03-25,NVDA,178.47198486328125,162602100
2026-03-26,NVDA,171.04066467285156,186152200
2026-03-27,NVDA,167.32498168945312,196212700
2026-03-30,NVDA,164.97772216796875,185627000
2026-03-31,NVDA,174.1969757080078,226181300
2026-04-01,NVDA,175.54541015625,168132000
2026-04-02,NVDA,177.18348693847656,143143200
2026-04-06,NVDA,177.43319702148438,107564300
2026-04-07,NVDA,177.89266967773438,132534900
2026-04-08,NVDA,181.8680419921875,147732700
2026-04-09,NVDA,183.69590759277344,116428500
2026-04-10,NVDA,188.41041564941406,160459500
2026-04-13,NVDA,189.08961486816406,133648200
2026-04-14,NVDA,196.28123474121094,161307000
2026-04-15,NVDA,198.63848876953125,185338400
2026-04-16,NVDA,198.1190948486328,134012900
2026-04-17,NVDA,201.44520568847656,160324400
2026-04-20,NVDA,201.82476806640625,119381400
2026-04-21,NVDA,199.64732360839844,107945300
2026-04-22,NVDA,202.26426696777344,107501000
2026-04-23,NVDA,199.4075927734375,113561800
2026-04-24,NVDA,208.0275421142578,214134400
2026-04-27,NVDA,216.3578338623047,187172400
2026-04-28,NVDA,212.92184448242188,180275400
2026-04-29,NVDA,209.00640869140625,123711800
2026-04-30,NVDA,199.33767700195312,225239200
2026-05-01,NVDA,198.21897888183594,128647000
2026-05-04,NVDA,198.24893188476562,125368100
2026-05-05,NVDA,196.271240234375,113406600
2026-05-06,NVDA,207.5880584716797,188362800
2026-05-07,NVDA,211.2537841796875,168307900
2026-05-08,NVDA,214.94947814941406,136421400
2026-05-11,NVDA,219.18453979492188,160685800
2026-05-12,NVDA,220.52297973632812,159176600
2026-05-13,NVDA,225.56710815429688,150405400
2026-05-14,NVDA,235.465576171875,180782900
2026-05-15,NVDA,225.05770874023438,180977600
2026-05-18,NVDA,222.0612030029297,146280900
2026-05-19,NVDA,220.35317993164062,140948200
2026-05-20,NVDA,223.20985412597656,184201600
2026-05-21,NVDA,219.25445556640625,203381800
2026-05-22,NVDA,215.07933044433594,169275700
2026-05-26,NVDA,214.60987854003906,187202600
2026-05-27,NVDA,212.35250854492188,167601200
2026-05-28,NVDA,214.00057983398438,143996000
2026-05-29,NVDA,210.8942108154297,289410600
2026-06-01,NVDA,224.09881591796875,212850700
2026-06-02,NVDA,222.56060791015625,193362900
2026-06-03,NVDA,214.5,160907000
2026-06-04,NVDA,218.66000366210938,169022200
2026-06-05,NVDA,205.10000610351562,219655500
2026-06-08,NVDA,208.63999938964844,138372800
2026-06-09,NVDA,208.19000244140625,180962500
2026-06-10,NVDA,200.4199981689453,161746600
2026-06-11,NVDA,204.8699951171875,158643200
2026-06-12,NVDA,205.19000244140625,112001800
2026-06-15,NVDA,212.4499969482422,149936700
2026-06-16,NVDA,207.41000366210938,125694100
2026-06-17,NVDA,204.64999389648438,128363500
2026-06-18,NVDA,210.69000244140625,241272000
2026-06-22,NVDA,208.64999389648438,122041400
2026-06-23,NVDA,200.0399932861328,153496200
2026-06-24,NVDA,199.0,151810700
2026-06-25,NVDA,195.74000549316406,149550000
2026-06-26,NVDA,192.52999877929688,179304100
2026-06-29,NVDA,194.97000122070312,148835700
2026-06-30,NVDA,200.08999633789062,166476700
2026-07-01,NVDA,197.5800018310547,146147600
2026-07-02,NVDA,194.8300018310547,142068700
2026-07-06,NVDA,195.5500030517578,108999000
2026-07-07,NVDA,196.92999267578125,124154600
2026-07-08,NVDA,204.1199951171875,147419100
2026-07-09,NVDA,202.77999877929688,132037400
2026-07-10,NVDA,210.9600067138672,148421000
2026-07-13,NVDA,203.52999877929688,121411000
2026-07-14,NVDA,211.8000030517578,124379600
2026-07-15,NVDA,212.5,124797200
2026-07-16,NVDA,207.39999389648438,122986100
2026-07-17,NVDA,202.80999755859375,144281900
2026-07-20,NVDA,203.27999877929688,88701500
2026-07-21,NVDA,207.2899932861328,108685600
2026-07-22,NVDA,212.05999755859375,137645600
2026-07-23,NVDA,208.75999450683594,110505300
2026-07-24,NVDA,206.83999633789062,114836800
2026-07-27,NVDA,196.50999450683594,154353700
2026-07-28,NVDA,197.00999450683594,134111500
2026-07-29,NVDA,190.00999450683594,147680800
2026-07-30,NVDA,195.0399932861328,129010200
2026-07-31,NVDA,200.75,139961200
2026-08-03,NVDA,206.63999938964844,128406900
2026-08-04,NVDA,211.94000244140625,134922000
2026-08-05,NVDA,219.22000122070312,158187400
2026-08-06,NVDA,218.99000549316406,113940600
2026-08-07,NVDA,223.9600067138672,105669400
2026-08-10,NVDA,217.5500030517578,115846600
2026-08-11,NVDA,217.5,101273100
2026-08-12,NVDA,224.08999633789062,108783600
2026-08-13,NVDA,225.3000030517578,98867200
2026-08-14,NVDA,225.16000366210938,75680900
2026-08-17,NVDA,225.00999450683594,93678700
2026-08-18,NVDA,219.74000549316406,103128200
2026-08-19,NVDA,217.55999755859375,96797300
2026-08-20,NVDA,216.85000610351562,92457000
2026-08-21,NVDA,214.72000122070312,98869300
2026-08-24,NVDA,208.47999572753906,135187300
2026-08-25,NVDA,213.0500030517578,122309000
2026-08-26,NVDA,209.66000366210938,179900000
2026-08-27,NVDA,227.97999572753906,298909800
2026-08-28,NVDA,217.5500030517578,195116400
2026-08-31,NVDA,220.77999877929688,124702700
2026-09-01,NVDA,217.44000244140625,109756200
2026-09-02,NVDA,224.41000366210938,157104700
2026-09-03,NVDA,228.4499969482422,134681600
2026-09-04,NVDA,230.36000061035156,134946800
2025-09-05,LITE,149.4600067138672,6409700
2025-09-08,LITE,149.39999389648438,3453200
2025-09-09,LITE,151.72999572753906,2154100
2025-09-10,LITE,164.8800048828125,5794000
2025-09-11,LITE,164.8800048828125,3672400
2025-09-12,LITE,163.02000427246094,2954300
2025-09-15,LITE,168.77000427246094,3859200
2025-09-16,LITE,170.89999389648438,2925000
2025-09-17,LITE,163.33999633789062,4947600
2025-09-18,LITE,171.5,3518000
2025-09-19,LITE,168.72999572753906,4448300
2025-09-22,LITE,164.7100067138672,4080300
2025-09-23,LITE,163.99000549316406,3052000
2025-09-24,LITE,152.75,5478400
2025-09-25,LITE,159.11000061035156,4751700
2025-09-26,LITE,160.75,2310000
2025-09-29,LITE,162.5800018310547,2385200
2025-09-30,LITE,162.7100067138672,1709600
2025-10-01,LITE,171.39999389648438,3262200
2025-10-02,LITE,169.75,2194600
2025-10-03,LITE,163.80999755859375,3197400
2025-10-06,LITE,160.60000610351562,3114100
2025-10-07,LITE,157.14999389648438,2523900
2025-10-08,LITE,163.08999633789062,2258200
2025-10-09,LITE,159.75999450683594,1854400
2025-10-10,LITE,149.61000061035156,3375900
2025-10-13,LITE,160.55999755859375,2837900
2025-10-14,LITE,156.77999877929688,2444000
2025-10-15,LITE,156.57000732421875,2393300
2025-10-16,LITE,163.22999572753906,2608200
2025-10-17,LITE,164.77000427246094,2075300
2025-10-20,LITE,161.0,2675000
2025-10-21,LITE,162.9499969482422,2416700
2025-10-22,LITE,158.05999755859375,2407300
2025-10-23,LITE,168.5,2404400
2025-10-24,LITE,179.3000030517578,4055500
2025-10-27,LITE,193.8000030517578,5437800
2025-10-28,LITE,198.38999938964844,3168800
2025-10-29,LITE,214.27999877929688,6030200
2025-10-30,LITE,200.1300048828125,4242400
2025-10-31,LITE,201.55999755859375,3449900
2025-11-03,LITE,199.5800018310547,5246900
2025-11-04,LITE,188.36000061035156,5864300
2025-11-05,LITE,232.75,11152700
2025-11-06,LITE,239.67999267578125,7209900
2025-11-07,LITE,240.11000061035156,5621300
2025-11-10,LITE,259.8900146484375,7156800
2025-11-11,LITE,252.47000122070312,3518500
2025-11-12,LITE,253.80999755859375,4959800
2025-11-13,LITE,226.86000061035156,5436500
2025-11-14,LITE,232.14999389648438,4483900
2025-11-17,LITE,242.07000732421875,4212300
2025-11-18,LITE,247.42999267578125,5416400
2025-11-19,LITE,268.9200134277344,6481800
2025-11-20,LITE,233.24000549316406,7680900
2025-11-21,LITE,255.58999633789062,7714600
2025-11-24,LITE,299.3599853515625,7586200
2025-11-25,LITE,291.2699890136719,6371900
2025-11-26,LITE,308.2799987792969,4184500
2025-11-28,LITE,325.1600036621094,2194000
2025-12-01,LITE,317.92999267578125,4932900
2025-12-02,LITE,302.80999755859375,5794700
2025-12-03,LITE,302.9800109863281,3207400
2025-12-04,LITE,327.8500061035156,4444500
2025-12-05,LITE,331.4100036621094,3542600
2025-12-08,LITE,342.55999755859375,3269700
2025-12-09,LITE,360.3299865722656,4494300
2025-12-10,LITE,366.0,5333100
2025-12-11,LITE,372.0899963378906,3394000
2025-12-12,LITE,324.3500061035156,6869100
2025-12-15,LITE,334.69000244140625,4708500
2025-12-16,LITE,316.1499938964844,4921000
2025-12-17,LITE,320.25,4164200
2025-12-18,LITE,337.1300048828125,3966400
2025-12-19,LITE,371.42999267578125,4410200
2025-12-22,LITE,389.8800048828125,3125500
2025-12-23,LITE,387.4100036621094,1627000
2025-12-24,LITE,395.9200134277344,1522400
2025-12-26,LITE,390.7699890136719,1585300
2025-12-29,LITE,372.6099853515625,2965700
2025-12-30,LITE,371.17999267578125,1610100
2025-12-31,LITE,368.5899963378906,1595000
2026-01-02,LITE,386.1099853515625,2819300
2026-01-05,LITE,357.04998779296875,5787800
2026-01-06,LITE,397.4200134277344,5619700
2026-01-07,LITE,392.8800048828125,4716300
2026-01-08,LITE,348.260009765625,5137300
2026-01-09,LITE,351.4200134277344,5914400
2026-01-12,LITE,339.8699951171875,5803900
2026-01-13,LITE,361.3299865722656,3834500
2026-01-14,LITE,331.6199951171875,3665000
2026-01-15,LITE,343.2699890136719,3651700
2026-01-16,LITE,324.25,3780700
2026-01-20,LITE,356.8299865722656,5318000
2026-01-21,LITE,362.44000244140625,4969400
2026-01-22,LITE,354.489990234375,4465600
2026-01-23,LITE,339.19000244140625,3469400
2026-01-26,LITE,332.45001220703125,2726800
2026-01-27,LITE,370.6600036621094,3618600
2026-01-28,LITE,385.0,4356800
2026-01-29,LITE,381.44000244140625,4006600
2026-01-30,LITE,391.8399963378906,7098800
2026-02-02,LITE,423.4200134277344,5799100
2026-02-03,LITE,435.1000061035156,8109400
2026-02-04,LITE,465.5400085449219,12144900
2026-02-05,LITE,504.4200134277344,8673000
2026-02-06,LITE,551.989990234375,6735500
2026-02-09,LITE,577.1500244140625,5903800
2026-02-10,LITE,561.1300048828125,4787700
2026-02-11,LITE,574.1099853515625,4011200
2026-02-12,LITE,583.4600219726562,4605700
2026-02-13,LITE,562.739990234375,4973000
2026-02-17,LITE,600.4199829101562,5625000
2026-02-18,LITE,594.260009765625,2995100
2026-02-19,LITE,635.6400146484375,4206200
2026-02-20,LITE,667.77001953125,4289500
2026-02-23,LITE,674.72998046875,4493000
2026-02-24,LITE,688.27001953125,3573400
2026-02-25,LITE,723.3900146484375,4667700
2026-02-26,LITE,677.0,5468000
2026-02-27,LITE,700.9099731445312,8912200
2026-03-02,LITE,783.25,6888700
2026-03-03,LITE,694.4299926757812,7208700
2026-03-04,LITE,680.7999877929688,7905300
2026-03-05,LITE,650.8200073242188,6743800
2026-03-06,LITE,558.4400024414062,8754300
2026-03-09,LITE,640.6900024414062,7822700
2026-03-10,LITE,672.0,7129000
2026-03-11,LITE,672.0,4080600
2026-03-12,LITE,616.0900268554688,4922500
2026-03-13,LITE,622.5,3849700
2026-03-16,LITE,624.8400268554688,5036600
2026-03-17,LITE,649.5599975585938,9003700
2026-03-18,LITE,700.8099975585938,9636400
2026-03-19,LITE,772.1300048828125,7567000
2026-03-20,LITE,706.3499755859375,22868800
2026-03-23,LITE,728.9500122070312,7352900
2026-03-24,LITE,801.989990234375,6993700
2026-03-25,LITE,777.1699829101562,4969400
2026-03-26,LITE,688.7999877929688,6305600
2026-03-27,LITE,702.72998046875,5275100
2026-03-30,LITE,654.7899780273438,7436400
2026-03-31,LITE,702.760009765625,6115900
2026-04-01,LITE,764.6500244140625,6911900
2026-04-02,LITE,826.8800048828125,7886200
2026-04-06,LITE,772.280029296875,5809700
2026-04-07,LITE,815.75,5486600
2026-04-08,LITE,896.02001953125,7025400
2026-04-09,LITE,894.1300048828125,7034600
2026-04-10,LITE,897.2999877929688,7136100
2026-04-13,LITE,871.1799926757812,6558600
2026-04-14,LITE,852.7899780273438,5461900
2026-04-15,LITE,824.010009765625,5994400
2026-04-16,LITE,891.219970703125,6115700
2026-04-17,LITE,894.0700073242188,4343900
2026-04-20,LITE,895.1099853515625,3337500
2026-04-21,LITE,836.9199829101562,5725500
2026-04-22,LITE,873.5999755859375,4635200
2026-04-23,LITE,846.8900146484375,3756400
2026-04-24,LITE,881.6400146484375,4205800
2026-04-27,LITE,859.6799926757812,5289700
2026-04-28,LITE,791.3699951171875,5547700
2026-04-29,LITE,858.3200073242188,6179900
2026-04-30,LITE,902.3200073242188,6148500
2026-05-01,LITE,949.9299926757812,4774700
2026-05-04,LITE,976.1799926757812,5445800
2026-05-05,LITE,994.5599975585938,6588100
2026-05-06,LITE,944.280029296875,9902100
2026-05-07,LITE,892.5800170898438,7268200
2026-05-08,LITE,903.7999877929688,6727600
2026-05-11,LITE,1053.0899658203125,9550900
2026-05-12,LITE,992.3699951171875,7562700
2026-05-13,LITE,1030.3699951171875,4398500
2026-05-14,LITE,1001.8099975585938,3557100
2026-05-15,LITE,970.7000122070312,10141800
2026-05-18,LITE,884.97998046875,7197500
2026-05-19,LITE,890.0900268554688,5025800
2026-05-20,LITE,868.0700073242188,5195000
2026-05-21,LITE,964.5,5781900
2026-05-22,LITE,946.9000244140625,3076900
2026-05-26,LITE,910.8099975585938,5212200
2026-05-27,LITE,902.3099975585938,4236000
2026-05-28,LITE,860.6199951171875,6128600
2026-05-29,LITE,854.9600219726562,6364000
2026-06-01,LITE,905.0,7932700
2026-06-02,LITE,1029.1500244140625,8154600
2026-06-03,LITE,938.0,6202200
2026-06-04,LITE,945.0800170898438,6060900
2026-06-05,LITE,863.6599731445312,7543900
2026-06-08,LITE,895.4000244140625,5097100
2026-06-09,LITE,821.760009765625,7966100
2026-06-10,LITE,853.260009765625,5839500
2026-06-11,LITE,889.5900268554688,4672200
2026-06-12,LITE,921.5599975585938,4553700
2026-06-15,LITE,957.239990234375,5266100
2026-06-16,LITE,875.3599853515625,6070800
2026-06-17,LITE,869.97998046875,5148200
2026-06-18,LITE,850.0,8360800
2026-06-22,LITE,893.9299926757812,6909900
2026-06-23,LITE,827.9199829101562,4817100
2026-06-24,LITE,842.530029296875,4452700
2026-06-25,LITE,861.969970703125,4522200
2026-06-26,LITE,816.97998046875,9122000
2026-06-29,LITE,851.4000244140625,5604200
2026-06-30,LITE,858.0599975585938,4246600
2026-07-01,LITE,801.1599731445312,4202800
2026-07-02,LITE,728.3200073242188,5217800
2026-07-06,LITE,731.25,3805500
2026-07-07,LITE,698.9099731445312,3750800
2026-07-08,LITE,707.0999755859375,2586200
2026-07-09,LITE,785.77001953125,5520000
2026-07-10,LITE,802.010009765625,3675800
2026-07-13,LITE,768.1500244140625,3694400
2026-07-14,LITE,814.7999877929688,3768900
2026-07-15,LITE,752.0,4205400
2026-07-16,LITE,706.22998046875,3984900
2026-07-17,LITE,732.8200073242188,4940200
2026-07-20,LITE,765.5499877929688,4428700
2026-07-21,LITE,837.5599975585938,4043600
2026-07-22,LITE,829.7000122070312,3876200
2026-07-23,LITE,833.6400146484375,4547400
2026-07-24,LITE,762.989990234375,3651200
2026-07-27,LITE,711.9600219726562,3744200
2026-07-28,LITE,651.9299926757812,5642300
2026-07-29,LITE,602.3499755859375,6388600
2026-07-30,LITE,693.239990234375,5621200
2026-07-31,LITE,713.9400024414062,4550400
2026-08-03,LITE,779.8900146484375,4198400
2026-08-04,LITE,849.469970703125,6642900
2026-08-05,LITE,826.260009765625,3421900
2026-08-06,LITE,838.0599975585938,4140200
2026-08-07,LITE,890.1699829101562,5818800
2026-08-10,LITE,813.510009765625,6155000
2026-08-11,LITE,820.5900268554688,5985700
2026-08-12,LITE,932.469970703125,11774600
2026-08-13,LITE,880.4099731445312,4646000
2026-08-14,LITE,926.1400146484375,4251900
2026-08-17,LITE,968.9000244140625,5388200
2026-08-18,LITE,873.3099975585938,6012800
2026-08-19,LITE,827.5999755859375,4409400
2026-08-20,LITE,879.280029296875,4260100
2026-08-21,LITE,866.7100219726562,3660700
2026-08-24,LITE,830.1699829101562,3919000
2026-08-25,LITE,885.5650024414062,3240600
2026-08-26,LITE,939.030029296875,4511400
2026-08-27,LITE,956.1400146484375,4119600
2026-08-28,LITE,895.0,3442100
2026-08-31,LITE,914.760009765625,3206500
2026-09-01,LITE,868.9500122070312,3834300
2026-09-02,LITE,870.5800170898438,2791300
2026-09-03,LITE,847.3699951171875,3301500
2026-09-04,LITE,881.2550048828125,3558500
2025-09-05,SPY,640.14697265625,85178900
2025-09-08,SPY,641.7195434570312,63133100
2025-09-09,SPY,643.203125,66133900
2025-09-10,SPY,645.0625610351562,78034500
2025-09-11,SPY,650.4231567382812,69934400
2025-09-12,SPY,650.2054443359375,72780100
2025-09-15,SPY,653.6671142578125,63772400
2025-09-16,SPY,652.7671508789062,61169000
2025-09-17,SPY,651.9561157226562,101952200
2025-09-18,SPY,655.00244140625,90459200
2025-09-19,SPY,658.2465209960938,97945600
2025-09-22,SPY,661.3607788085938,69452200
2025-09-23,SPY,657.7606201171875,81708900
2025-09-24,SPY,655.6678466796875,68082200
2025-09-25,SPY,652.6429443359375,89622100
2025-09-26,SPY,656.3820190429688,69179200
2025-09-29,SPY,658.2266845703125,73499000
2025-09-30,SPY,660.7061157226562,86288000
2025-10-01,SPY,662.9574584960938,72545400
2025-10-02,SPY,663.7210693359375,56896000
2025-10-03,SPY,663.7112426757812,70494400
2025-10-06,SPY,666.0914916992188,54623300
2025-10-07,SPY,663.6219482421875,72020100
2025-10-08,SPY,667.5791625976562,60702200
2025-10-09,SPY,665.6452026367188,66501900
2025-10-10,SPY,647.6542358398438,159422600
2025-10-13,SPY,657.5919189453125,79560500
2025-10-14,SPY,656.78857421875,88779600
2025-10-15,SPY,659.7044067382812,81702600
2025-10-16,SPY,655.2116088867188,110563300
2025-10-17,SPY,658.9308471679688,96500900
2025-10-20,SPY,665.7840576171875,60493400
2025-10-21,SPY,665.7741088867188,56249000
2025-10-22,SPY,662.3128051757812,80564000
2025-10-23,SPY,666.2402954101562,65604500
2025-10-24,SPY,671.6851806640625,74356500
2025-10-27,SPY,679.6094970703125,63339800
2025-10-28,SPY,681.41455078125,61738100
2025-10-29,SPY,681.7418823242188,85657100
2025-10-30,SPY,674.2440185546875,76335800
2025-10-31,SPY,676.45556640625,87164100
2025-11-03,SPY,677.7251586914062,57315000
2025-11-04,SPY,669.6917114257812,78427000
2025-11-05,SPY,672.012451171875,74402400
2025-11-06,SPY,664.8021850585938,85035300
2025-11-07,SPY,665.4567260742188,100592400
2025-11-10,SPY,675.8406982421875,75842900
2025-11-11,SPY,677.3878784179688,58953400
2025-11-12,SPY,677.7648315429688,62312500
2025-11-13,SPY,666.5180053710938,103457800
2025-11-14,SPY,666.4088745117188,96846700
2025-11-17,SPY,660.2003173828125,90456100
2025-11-18,SPY,654.65625,114467500
2025-11-19,SPY,657.185302734375,94703000
2025-11-20,SPY,647.1683349609375,165293500
2025-11-21,SPY,653.6149291992188,123956200
2025-11-24,SPY,663.235107421875,80437900
2025-11-25,SPY,669.4735107421875,81077100
2025-11-26,SPY,674.09521484375,71879600
2025-11-28,SPY,677.7747192382812,49212000
2025-12-01,SPY,674.6802978515625,61201200
2025-12-02,SPY,675.9300537109375,62953800
2025-12-03,SPY,678.2706298828125,57238500
2025-12-04,SPY,678.7664794921875,61970300
2025-12-05,SPY,680.0557861328125,79241000
2025-12-08,SPY,678.0127563476562,55231500
2025-12-09,SPY,677.4275512695312,58310100
2025-12-10,SPY,681.92041015625,85671300
2025-12-11,SPY,683.5072021484375,86173700
2025-12-12,SPY,676.1581420898438,113160300
2025-12-15,SPY,675.1365356445312,90811000
2025-12-16,SPY,673.2918701171875,122030600
2025-12-17,SPY,665.8832397460938,110625200
2025-12-18,SPY,670.9114990234375,108650100
2025-12-19,SPY,676.9923095703125,103599500
2025-12-22,SPY,681.2098999023438,69556700
2025-12-23,SPY,684.3233032226562,64840000
2025-12-24,SPY,686.7305297851562,39445600
2025-12-26,SPY,686.660888671875,41613300
2025-12-29,SPY,684.2138671875,62559500
2025-12-30,SPY,683.3783569335938,47160700
2025-12-31,SPY,678.3152465820312,74144800
2026-01-02,SPY,679.55859375,89377200
2026-01-05,SPY,684.0845336914062,71927200
2026-01-06,SPY,688.1529541015625,69273800
2026-01-07,SPY,685.9347534179688,75588300
2026-01-08,SPY,685.8651123046875,64019200
2026-01-09,SPY,690.4010009765625,80125500
2026-01-12,SPY,691.4852294921875,63976000
2026-01-13,SPY,690.1026000976562,78309700
2026-01-14,SPY,686.7106323242188,94676700
2026-01-15,SPY,688.5806884765625,77862000
2026-01-16,SPY,688.0037231445312,79289200
2026-01-20,SPY,673.9981689453125,111623300
2026-01-21,SPY,681.77685546875,127844500
2026-01-22,SPY,685.3379516601562,77112200
2026-01-23,SPY,685.5865478515625,63059600
2026-01-26,SPY,689.0680541992188,60473800
2026-01-27,SPY,691.8134765625,55506100
2026-01-28,SPY,691.7438354492188,61172200
2026-01-29,SPY,690.3711547851562,97486200
2026-01-30,SPY,688.3120727539062,101835100
2026-02-02,SPY,691.7339477539062,79286500
2026-02-03,SPY,685.885009765625,107904600
2026-02-04,SPY,682.5626831054688,105204600
2026-02-05,SPY,674.0379638671875,113610800
2026-02-06,SPY,686.96923828125,89127600
2026-02-09,SPY,690.2816772460938,73885200
2026-02-10,SPY,688.4613037109375,65185700
2026-02-11,SPY,688.3021850585938,76353900
2026-02-12,SPY,677.668701171875,118829000
2026-02-13,SPY,678.1461181640625,96267500
2026-02-17,SPY,679.2402954101562,81354700
2026-02-18,SPY,682.662109375,73570300
2026-02-19,SPY,680.8616333007812,58649400
2026-02-20,SPY,685.7855834960938,100034000
2026-02-23,SPY,678.7827758789062,90558100
2026-02-24,SPY,683.7164916992188,73798700
2026-02-25,SPY,689.4859008789062,56369500
2026-02-26,SPY,685.6561889648438,71671000
2026-02-27,SPY,682.3637084960938,83308900
2026-03-02,SPY,682.751708984375,87477200
2026-03-03,SPY,676.7337036132812,105003100
2026-03-04,SPY,681.5082397460938,79182200
2026-03-05,SPY,677.70849609375,106606500
2026-03-06,SPY,668.82568359375,100687000
2026-03-09,SPY,674.6845703125,102667700
2026-03-10,SPY,673.6002807617188,81505300
2026-03-11,SPY,672.7548217773438,68441700
2026-03-12,SPY,662.5390625,108882200
2026-03-13,SPY,658.7890014648438,97200200
2026-03-16,SPY,665.493408203125,82023100
2026-03-17,SPY,667.2440185546875,87128000
2026-03-18,SPY,657.9335327148438,82062600
2026-03-19,SPY,656.3121948242188,111272500
2026-03-20,SPY,646.9034423828125,163617500
2026-03-23,SPY,653.6959228515625,134802700
2026-03-24,SPY,651.5015869140625,96457500
2026-03-25,SPY,655.1322021484375,90653800
2026-03-26,SPY,643.432373046875,96494400
2026-03-27,SPY,632.4606323242188,103649400
2026-03-30,SPY,630.3460693359375,99275900
2026-03-31,SPY,648.6688842773438,152534100
2026-04-01,SPY,653.5562744140625,97841500
2026-04-02,SPY,654.144775390625,68358700
2026-04-06,SPY,657.23681640625,39105800
2026-04-07,SPY,657.5260009765625,69980400
2026-04-08,SPY,674.27294921875,93606100
2026-04-09,SPY,678.162841796875,57134400
2026-04-10,SPY,677.7140502929688,42253500
2026-04-13,SPY,684.3369750976562,54185800
2026-04-14,SPY,692.675537109375,63480500
2026-04-15,SPY,698.1414184570312,58240400
2026-04-16,SPY,699.8569946289062,49972400
2026-04-17,SPY,708.3152465820312,70661900
2026-04-20,SPY,706.8988037109375,43546800
2026-04-21,SPY,702.2708129882812,58941400
2026-04-22,SPY,709.3825073242188,42518500
2026-04-23,SPY,706.6295776367188,56174000
2026-04-24,SPY,712.10546875,45182000
2026-04-27,SPY,713.332275390625,33135900
2026-04-28,SPY,709.8612060546875,43117400
2026-04-29,SPY,709.7515258789062,41859200
2026-04-30,SPY,716.8132934570312,67240900
2026-05-01,SPY,718.7982177734375,43049800
2026-05-04,SPY,716.1649780273438,51950600
2026-05-05,SPY,721.9102172851562,36933200
2026-05-06,SPY,731.9443359375,53288900
2026-05-07,SPY,729.7001342773438,51724600
2026-05-08,SPY,735.724609375,47227100
2026-05-11,SPY,737.4002685546875,44024000
2026-05-12,SPY,736.2831420898438,54185300
2026-05-13,SPY,740.4025268554688,44200200
2026-05-14,SPY,746.2474975585938,45307600
2026-05-15,SPY,737.2706298828125,60410800
2026-05-18,SPY,736.751953125,47843900
2026-05-19,SPY,731.8446044921875,54255900
2026-05-20,SPY,739.3452758789062,45768000
2026-05-21,SPY,740.8114624023438,43332200
2026-05-22,SPY,743.7239990234375,41762000
2026-05-26,SPY,748.6613159179688,41123600
2026-05-27,SPY,748.5316162109375,42106300
2026-05-28,SPY,752.6609497070312,41562600
2026-05-29,SPY,754.5361328125,55075700
2026-06-01,SPY,756.5908203125,43634900
2026-06-02,SPY,757.6182250976562,31581900
2026-06-03,SPY,752.3018798828125,51402500
2026-06-04,SPY,755.1445922851562,49923000
2026-06-05,SPY,735.65478515625,93989400
2026-06-08,SPY,737.3204345703125,49319100
2026-06-09,SPY,735.1560668945312,87683500
2026-06-10,SPY,723.56591796875,60341300
2026-06-11,SPY,735.8642578125,86330500
2026-06-12,SPY,739.843994140625,57079500
2026-06-15,SPY,752.890380859375,60176400
2026-06-16,SPY,748.4019775390625,67093100
2026-06-17,SPY,739.0560302734375,85945200
2026-06-18,SPY,746.739990234375,80875700
2026-06-22,SPY,744.3900146484375,46628100
2026-06-23,SPY,733.5800170898438,66846800
2026-06-24,SPY,733.239990234375,57439500
2026-06-25,SPY,734.2999877929688,53934400
2026-06-26,SPY,728.989990234375,71034000
2026-06-29,SPY,741.0,58035200
2026-06-30,SPY,746.77001953125,55626000
2026-07-01,SPY,745.760009765625,47100900
2026-07-02,SPY,744.780029296875,57447800
2026-07-06,SPY,751.280029296875,50673300
2026-07-07,SPY,747.7100219726562,43721500
2026-07-08,SPY,745.4000244140625,43767400
2026-07-09,SPY,751.7100219726562,41441700
2026-07-10,SPY,754.9500122070312,42191300
2026-07-13,SPY,749.1699829101562,44013600
2026-07-14,SPY,751.8300170898438,35143100
2026-07-15,SPY,754.8099975585938,43844800
2026-07-16,SPY,750.719970703125,46409800
2026-07-17,SPY,743.2899780273438,62651000
2026-07-20,SPY,742.0900268554688,50422300
2026-07-21,SPY,748.280029296875,34324300
2026-07-22,SPY,747.4099731445312,32836200
2026-07-23,SPY,738.1799926757812,55437300
2026-07-24,SPY,738.9299926757812,44782000
2026-07-27,SPY,739.0900268554688,41461200
2026-07-28,SPY,740.8599853515625,47322200
2026-07-29,SPY,729.4600219726562,70697200
2026-07-30,SPY,741.6900024414062,66811300
2026-07-31,SPY,747.030029296875,62445900
2026-08-03,SPY,757.6699829101562,59927500
2026-08-04,SPY,771.3300170898438,69154800
2026-08-05,SPY,769.7899780273438,44689100
2026-08-06,SPY,768.5599975585938,38416900
2026-08-07,SPY,773.260009765625,43586300
2026-08-10,SPY,773.030029296875,39249500
2026-08-11,SPY,770.5599975585938,36740600
2026-08-12,SPY,772.489990234375,33179100
2026-08-13,SPY,777.8800048828125,35634500
2026-08-14,SPY,776.3400268554688,31367900
2026-08-17,SPY,772.6699829101562,34356600
2026-08-18,SPY,767.4500122070312,43920900
2026-08-19,SPY,769.0599975585938,40306000
2026-08-20,SPY,762.5999755859375,45520300
2026-08-21,SPY,765.719970703125,39188700
2026-08-24,SPY,763.469970703125,32430900
2026-08-25,SPY,765.9099731445312,27422300
2026-08-26,SPY,766.0800170898438,28751600
2026-08-27,SPY,771.0999755859375,34557100
2026-08-28,SPY,769.3499755859375,36744300
2026-08-31,SPY,767.0499877929688,38810800
2026-09-01,SPY,761.780029296875,41126300
2026-09-02,SPY,765.1599731445312,29566200
2026-09-03,SPY,773.1699829101562,43531600
2026-09-04,SPY,770.1900024414062,34015600
2025-09-05,HYG,76.23006439208984,39147800
2025-09-08,HYG,76.23006439208984,27003400
2025-09-09,HYG,76.14521026611328,36704500
2025-09-10,HYG,76.20177459716797,38106100
2025-09-11,HYG,76.39030456542969,34221500
2025-09-12,HYG,76.31489562988281,25702800
2025-09-15,HYG,76.53170013427734,27248800
2025-09-16,HYG,76.47513580322266,33075600
2025-09-17,HYG,76.39974212646484,35955700
2025-09-18,HYG,76.56940460205078,43250000
2025-09-19,HYG,76.59769439697266,32042900
2025-09-22,HYG,76.65424346923828,26670200
2025-09-23,HYG,76.59769439697266,37088500
2025-09-24,HYG,76.49400329589844,28124300
2025-09-25,HYG,76.27718353271484,33509900
2025-09-26,HYG,76.42801666259766,31046800
2025-09-29,HYG,76.55996704101562,28558500
2025-09-30,HYG,76.53170013427734,54970300
2025-10-01,HYG,76.67471313476562,58042600
2025-10-02,HYG,76.64630126953125,33348900
2025-10-03,HYG,76.56104278564453,35109200
2025-10-06,HYG,76.57999420166016,29485100
2025-10-07,HYG,76.49475860595703,27672300
2025-10-08,HYG,76.3811264038086,34932200
2025-10-09,HYG,76.16329193115234,65586700
2025-10-10,HYG,75.7181625366211,83840400
2025-10-13,HYG,76.19170379638672,31926800
2025-10-14,HYG,76.27693176269531,63860100
2025-10-15,HYG,76.5231704711914,59802200
2025-10-16,HYG,76.24852752685547,75725200
2025-10-17,HYG,76.44740295410156,70044200
2025-10-20,HYG,76.59893035888672,43762300
2025-10-21,HYG,76.48529052734375,45418100
2025-10-22,HYG,76.40953063964844,50698600
2025-10-23,HYG,76.57999420166016,37962400
2025-10-24,HYG,76.78836059570312,39905600
2025-10-27,HYG,76.97775268554688,36495000
2025-10-28,HYG,76.90200805664062,31591400
2025-10-29,HYG,76.66523742675781,51827100
2025-10-30,HYG,76.5231704711914,39967300
2025-10-31,HYG,76.5231704711914,45044600
2025-11-03,HYG,76.28520202636719,54615100
2025-11-04,HYG,76.29473114013672,49705000
2025-11-05,HYG,76.3708724975586,42273700
2025-11-06,HYG,76.39942169189453,46629200
2025-11-07,HYG,76.466064453125,47233800
2025-11-10,HYG,76.72307586669922,51875200
2025-11-11,HYG,76.80875396728516,17001100
2025-11-12,HYG,76.65644073486328,43962900
2025-11-13,HYG,76.34231567382812,53631300
2025-11-14,HYG,76.3613510131836,40853500
2025-11-17,HYG,76.23760986328125,42954200
2025-11-18,HYG,76.25664520263672,44098700
2025-11-19,HYG,76.29473114013672,33510100
2025-11-20,HYG,76.24712371826172,65471200
2025-11-21,HYG,76.50413513183594,62331700
2025-11-24,HYG,76.71355438232422,38964900
2025-11-25,HYG,76.98009490966797,56524800
2025-11-26,HYG,77.05624389648438,27454800
2025-11-28,HYG,77.09429931640625,29430800
2025-12-01,HYG,76.95565032958984,45274800
2025-12-02,HYG,77.09909057617188,38842600
2025-12-03,HYG,77.16604614257812,35019100
2025-12-04,HYG,77.2234115600586,34777400
2025-12-05,HYG,77.2234115600586,30486800
2025-12-08,HYG,77.03214263916016,43160800
2025-12-09,HYG,76.94608306884766,30558800
2025-12-10,HYG,77.20429229736328,53052100
2025-12-11,HYG,77.19471740722656,44546400
2025-12-12,HYG,77.05127716064453,45566100
2025-12-15,HYG,77.08953094482422,28983600
2025-12-16,HYG,77.13734436035156,27908000
2025-12-17,HYG,77.04170989990234,36999700
2025-12-18,HYG,77.2520980834961,52680500
2025-12-19,HYG,77.21463775634766,34413300
2025-12-22,HYG,77.28189086914062,37203900
2025-12-23,HYG,77.33953857421875,24341800
2025-12-24,HYG,77.48367309570312,10533500
2025-12-26,HYG,77.44524383544922,10922900
2025-12-29,HYG,77.47406768798828,22012700
2025-12-30,HYG,77.55093383789062,20146700
2025-12-31,HYG,77.47406768798828,17457100
2026-01-02,HYG,77.51249694824219,28403300
2026-01-05,HYG,77.71427154541016,38563200
2026-01-06,HYG,77.7334976196289,31721500
2026-01-07,HYG,77.71427154541016,27022700
2026-01-08,HYG,77.77192687988281,33516900
2026-01-09,HYG,77.82958221435547,31849200
2026-01-12,HYG,77.8680191040039,23983600
2026-01-13,HYG,77.8680191040039,27607400
2026-01-14,HYG,77.8680191040039,42994000
2026-01-15,HYG,77.8680191040039,30412400
2026-01-16,HYG,77.91606140136719,52466300
2026-01-20,HYG,77.71427154541016,38653400
2026-01-21,HYG,77.94488525390625,42023500
2026-01-22,HYG,78.0025405883789,35231900
2026-01-23,HYG,77.96410369873047,38360500
2026-01-26,HYG,78.0025405883789,27027500
2026-01-27,HYG,77.99293518066406,22961500
2026-01-28,HYG,77.8680191040039,35559200
2026-01-29,HYG,77.85841369628906,38201600
2026-01-30,HYG,77.94488525390625,59848000
2026-02-02,HYG,77.99220275878906,42890700
2026-02-03,HYG,77.94391632080078,49372700
2026-02-04,HYG,77.84735107421875,42829400
2026-02-05,HYG,77.76045989990234,75554200
2026-02-06,HYG,78.03082275390625,40915900
2026-02-09,HYG,78.13703155517578,33716900
2026-02-10,HYG,78.05978393554688,37886100
2026-02-11,HYG,78.05014038085938,27272300
2026-02-12,HYG,78.01151275634766,48457000
2026-02-13,HYG,78.0694351196289,36612400
2026-02-17,HYG,78.03082275390625,35682000
2026-02-18,HYG,78.12738800048828,33943100
2026-02-19,HYG,78.1563491821289,29531000
2026-02-20,HYG,78.21428680419922,37959800
2026-02-23,HYG,78.0887680053711,33666000
2026-02-24,HYG,78.03082275390625,54979900
2026-02-25,HYG,78.13703155517578,29428200
2026-02-26,HYG,78.0694351196289,54533600
2026-02-27,HYG,77.94391632080078,62450000
2026-03-02,HYG,77.89928436279297,74327000
2026-03-03,HYG,77.74403381347656,118126800
2026-03-04,HYG,78.01573181152344,58694100
2026-03-05,HYG,77.70521545410156,79841000
2026-03-06,HYG,77.3267822265625,82125600
2026-03-09,HYG,77.79254150390625,88695000
2026-03-10,HYG,77.66639709472656,67499600
2026-03-11,HYG,77.49173736572266,59983500
2026-03-12,HYG,76.99686431884766,68674300
2026-03-13,HYG,76.85131072998047,68652900
2026-03-16,HYG,77.0938949584961,57535600
2026-03-17,HYG,77.44322204589844,47967800
2026-03-18,HYG,77.0453872680664,50281900
2026-03-19,HYG,77.29766845703125,103981600
2026-03-20,HYG,76.5796127319336,109084800
2026-03-23,HYG,77.08419799804688,79015800
2026-03-24,HYG,76.82219696044922,71941600
2026-03-25,HYG,77.06478881835938,49917700
2026-03-26,HYG,76.5796127319336,74979300
2026-03-27,HYG,76.38553619384766,68174300
2026-03-30,HYG,76.4728775024414,55210700
2026-03-31,HYG,77.20063781738281,101521300
2026-04-01,HYG,77.38980865478516,69789200
2026-04-02,HYG,77.5750503540039,53828200
2026-04-06,HYG,77.7115707397461,37098300
2026-04-07,HYG,77.73107147216797,47264100
2026-04-08,HYG,78.18933868408203,58556400
2026-04-09,HYG,78.27708435058594,45207500
2026-04-10,HYG,77.96508026123047,33005600
2026-04-13,HYG,78.25759887695312,38561400
2026-04-14,HYG,78.4916000366211,42038000
2026-04-15,HYG,78.45259857177734,47834900
2026-04-16,HYG,78.34534454345703,37743400
2026-04-17,HYG,78.63786315917969,61651600
2026-04-20,HYG,78.5696029663086,21104400
2026-04-21,HYG,78.3648452758789,58623500
2026-04-22,HYG,78.4916000366211,28004500
2026-04-23,HYG,78.3648452758789,49921700
2026-04-24,HYG,78.47211456298828,33626300
2026-04-27,HYG,78.5013656616211,24643700
2026-04-28,HYG,78.39410400390625,36382400
2026-04-29,HYG,78.13082885742188,56809400
2026-04-30,HYG,78.37459564208984,51626100
2026-05-01,HYG,78.47163391113281,43740400
2026-05-04,HYG,78.21678924560547,35069300
2026-05-05,HYG,78.33440399169922,26357900
2026-05-06,HYG,78.56964874267578,38323100
2026-05-07,HYG,78.27559661865234,44772900
2026-05-08,HYG,78.550048828125,29715200
2026-05-11,HYG,78.39321899414062,34366600
2026-05-12,HYG,78.28540802001953,37418900
2026-05-13,HYG,78.3246078491211,33257100
2026-05-14,HYG,78.26580047607422,27235600
2026-05-15,HYG,77.88353729248047,54466000
2026-05-18,HYG,77.96195220947266,38596100
2026-05-19,HYG,77.77571868896484,42904700
2026-05-20,HYG,78.27559661865234,58906300
2026-05-21,HYG,78.31480407714844,37584600
2026-05-22,HYG,78.3246078491211,22429400
2026-05-26,HYG,78.5892562866211,30406100
2026-05-27,HYG,78.54024505615234,22523800
2026-05-28,HYG,78.63826751708984,32001600
2026-05-29,HYG,78.71665954589844,39142200
2026-06-01,HYG,78.65657043457031,32671000
2026-06-02,HYG,78.71568298339844,25237500
2026-06-03,HYG,78.49894714355469,28203400
2026-06-04,HYG,78.64672088623047,22697900
2026-06-05,HYG,78.25265502929688,46035600
2026-06-08,HYG,78.36102294921875,25217800
2026-06-09,HYG,78.4398422241211,34705500
2026-06-10,HYG,78.29206085205078,30345200
2026-06-11,HYG,78.75509643554688,55089500
2026-06-12,HYG,78.75509643554688,29873300
2026-06-15,HYG,78.85360717773438,32019600
2026-06-16,HYG,78.84375762939453,24471900
2026-06-17,HYG,78.5482177734375,47184800
2026-06-18,HYG,78.82405853271484,41111700
2026-06-22,HYG,78.75509643554688,26479500
2026-06-23,HYG,78.6861343383789,29811300
2026-06-24,HYG,78.66642761230469,38841000
2026-06-25,HYG,78.69598388671875,29322400
2026-06-26,HYG,78.64672088623047,27647500
2026-06-29,HYG,78.82405853271484,37325700
2026-06-30,HYG,78.78465270996094,38103900
2026-07-01,HYG,78.77375793457031,38152300
2026-07-02,HYG,78.89252471923828,26111800
2026-07-06,HYG,79.05089569091797,25159400
2026-07-07,HYG,78.94202423095703,28558300
2026-07-08,HYG,78.84304809570312,30771300
2026-07-09,HYG,78.93212127685547,21882200
2026-07-10,HYG,78.89252471923828,24550300
2026-07-13,HYG,78.70448303222656,32133300
2026-07-14,HYG,78.86283874511719,28248700
2026-07-15,HYG,78.99150085449219,26948800
2026-07-16,HYG,78.98160552978516,22780300
2026-07-17,HYG,78.83314514160156,42020100
2026-07-20,HYG,78.86283874511719,19767900
2026-07-21,HYG,78.83314514160156,27198800
2026-07-22,HYG,78.70448303222656,24851700
2026-07-23,HYG,78.4174575805664,52554200
2026-07-24,HYG,78.4174575805664,41964600
2026-07-27,HYG,78.45703887939453,28939800
2026-07-28,HYG,78.60550689697266,33698300
2026-07-29,HYG,78.42735290527344,53074500
2026-07-30,HYG,78.65499114990234,30570700
2026-07-31,HYG,78.6648941040039,38659800
2026-08-03,HYG,78.87772369384766,30860100
2026-08-04,HYG,79.11642456054688,46524700
2026-08-05,HYG,79.08657836914062,25771800
2026-08-06,HYG,79.02690887451172,25818200
2026-08-07,HYG,79.17609405517578,23459400
2026-08-10,HYG,79.04680633544922,30292400
2026-08-11,HYG,79.0766372680664,17988300
2026-08-12,HYG,79.17609405517578,25243300
2026-08-13,HYG,79.35511016845703,28659200
2026-08-14,HYG,79.27554321289062,26611000
2026-08-17,HYG,79.17609405517578,22620500
2026-08-18,HYG,79.09652709960938,29462900
2026-08-19,HYG,79.27554321289062,29670000
2026-08-20,HYG,79.12635803222656,41762500
2026-08-21,HYG,79.17609405517578,37545400
2026-08-24,HYG,79.26559448242188,20714600
2026-08-25,HYG,79.4843978881836,29540300
2026-08-26,HYG,79.46451568603516,28585000
2026-08-27,HYG,79.43467712402344,32490100
2026-08-28,HYG,79.30538177490234,35134500
2026-08-31,HYG,79.375,36481400
2026-09-01,HYG,79.0999984741211,48867800
2026-09-02,HYG,79.11000061035156,34409100
2026-09-03,HYG,79.20999908447266,23037600
2026-09-04,HYG,79.16000366210938,25350900
2025-09-05,ALAB,191.1999969482422,6502900
2025-09-08,ALAB,216.10000610351562,9797800
2025-09-09,ALAB,214.49000549316406,4669700
2025-09-10,ALAB,230.3699951171875,6204600
2025-09-11,ALAB,232.89999389648438,4051900
2025-09-12,ALAB,229.5,3699000
2025-09-15,ALAB,231.2899932861328,3254200
2025-09-16,ALAB,238.7899932861328,4370700
2025-09-17,ALAB,249.3800048828125,5925300
2025-09-18,ALAB,251.8800048828125,6183800
2025-09-19,ALAB,245.1999969482422,22438600
2025-09-22,ALAB,237.3000030517578,6360500
2025-09-23,ALAB,230.11000061035156,6143600
2025-09-24,ALAB,205.27000427246094,13345500
2025-09-25,ALAB,200.63999938964844,6227700
2025-09-26,ALAB,197.77999877929688,3317800
2025-09-29,ALAB,198.8000030517578,4092200
2025-09-30,ALAB,195.8000030517578,5498600
2025-10-01,ALAB,194.5,4896100
2025-10-02,ALAB,209.60000610351562,6604100
2025-10-03,ALAB,200.74000549316406,5188100
2025-10-06,ALAB,220.80999755859375,8726000
2025-10-07,ALAB,212.10000610351562,4777100
2025-10-08,ALAB,219.36000061035156,3672400
2025-10-09,ALAB,225.42999267578125,4635500
2025-10-10,ALAB,206.2100067138672,6984400
2025-10-13,ALAB,199.52999877929688,7648900
2025-10-14,ALAB,161.5500030517578,17592500
2025-10-15,ALAB,161.46499633789062,7563300
2025-10-16,ALAB,163.5500030517578,6249700
2025-10-17,ALAB,159.8000030517578,5850400
2025-10-20,ALAB,156.30999755859375,5762700
2025-10-21,ALAB,157.50999450683594,4556800
2025-10-22,ALAB,154.85000610351562,5274100
2025-10-23,ALAB,163.63999938964844,5211800
2025-10-24,ALAB,164.97000122070312,4528100
2025-10-27,ALAB,170.27999877929688,3950300
2025-10-28,ALAB,168.25,2931100
2025-10-29,ALAB,173.6199951171875,3182900
2025-10-30,ALAB,169.5500030517578,3084500
2025-10-31,ALAB,186.67999267578125,9392300
2025-11-03,ALAB,191.55999755859375,6035600
2025-11-04,ALAB,179.30999755859375,8955900
2025-11-05,ALAB,181.94000244140625,9339600
2025-11-06,ALAB,162.8300018310547,6767600
2025-11-07,ALAB,165.49000549316406,6400400
2025-11-10,ALAB,173.74000549316406,4846600
2025-11-11,ALAB,167.5500030517578,3254700
2025-11-12,ALAB,157.7899932861328,5811900
2025-11-13,ALAB,144.47000122070312,7824600
2025-11-14,ALAB,144.33999633789062,5697400
2025-11-17,ALAB,141.38999938964844,5409900
2025-11-18,ALAB,139.52000427246094,4069800
2025-11-19,ALAB,142.00999450683594,4224900
2025-11-20,ALAB,139.2899932861328,10310800
2025-11-21,ALAB,141.8000030517578,6831400
2025-11-24,ALAB,147.75,13436500
2025-11-25,ALAB,144.77999877929688,4269000
2025-11-26,ALAB,154.22000122070312,5194200
2025-11-28,ALAB,157.57000732421875,2422200
2025-12-01,ALAB,165.19000244140625,7596000
2025-12-02,ALAB,142.94000244140625,17797300
2025-12-03,ALAB,152.5,7766100
2025-12-04,ALAB,152.50999450683594,3813700
2025-12-05,ALAB,161.22999572753906,4414100
2025-12-08,ALAB,175.74000549316406,8033300
2025-12-09,ALAB,167.0800018310547,5018900
2025-12-10,ALAB,164.31500244140625,2947500
2025-12-11,ALAB,173.6999969482422,5541100
2025-12-12,ALAB,148.85000610351562,10324300
2025-12-15,ALAB,143.66000366210938,5503000
2025-12-16,ALAB,144.94000244140625,3551000
2025-12-17,ALAB,140.24000549316406,4513500
2025-12-18,ALAB,145.8800048828125,3374700
2025-12-19,ALAB,164.39999389648438,9627000
2025-12-22,ALAB,172.6199951171875,4824700
2025-12-23,ALAB,168.8300018310547,2505700
2025-12-24,ALAB,169.97000122070312,1280000
2025-12-26,ALAB,167.25999450683594,2089500
2025-12-29,ALAB,170.10499572753906,1939500
2025-12-30,ALAB,170.83999633789062,2401600
2025-12-31,ALAB,166.36000061035156,2438500
2026-01-02,ALAB,179.55999755859375,5658900
2026-01-05,ALAB,167.11000061035156,7579600
2026-01-06,ALAB,161.00999450683594,8028800
2026-01-07,ALAB,165.77000427246094,5045900
2026-01-08,ALAB,156.72999572753906,3936000
2026-01-09,ALAB,162.61000061035156,4093700
2026-01-12,ALAB,172.57000732421875,4439100
2026-01-13,ALAB,180.55999755859375,4457100
2026-01-14,ALAB,172.13999938964844,3622800
2026-01-15,ALAB,174.4499969482422,3906800
2026-01-16,ALAB,182.0,5422800
2026-01-20,ALAB,183.75,5298300
2026-01-21,ALAB,176.0050048828125,6687300
2026-01-22,ALAB,176.35000610351562,4011400
2026-01-23,ALAB,169.66000366210938,6106400
2026-01-26,ALAB,163.25,4026900
2026-01-27,ALAB,170.92999267578125,3385300
2026-01-28,ALAB,167.89999389648438,3801200
2026-01-29,ALAB,160.4600067138672,4376600
2026-01-30,ALAB,150.6199951171875,4281200
2026-02-02,ALAB,152.44000244140625,3132600
2026-02-03,ALAB,158.52000427246094,5290000
2026-02-04,ALAB,144.6699981689453,5743600
2026-02-05,ALAB,142.82000732421875,4476900
2026-02-06,ALAB,169.85000610351562,7290600
2026-02-09,ALAB,187.6699981689453,7420600
2026-02-10,ALAB,182.86000061035156,8429900
2026-02-11,ALAB,143.7100067138672,16419400
2026-02-12,ALAB,126.58000183105469,11444100
2026-02-13,ALAB,129.32000732421875,7735800
2026-02-17,ALAB,123.69000244140625,7105700
2026-02-18,ALAB,129.5800018310547,4355200
2026-02-19,ALAB,132.6199951171875,2904600
2026-02-20,ALAB,129.67999267578125,3640700
2026-02-23,ALAB,128.24000549316406,3023600
2026-02-24,ALAB,128.39999389648438,2894000
2026-02-25,ALAB,128.14999389648438,5330300
2026-02-26,ALAB,124.66999816894531,3800700
2026-02-27,ALAB,118.83000183105469,5156500
2026-03-02,ALAB,120.55000305175781,4652100
2026-03-03,ALAB,109.80000305175781,5896200
2026-03-04,ALAB,113.7699966430664,5440100
2026-03-05,ALAB,120.0,6435300
2026-03-06,ALAB,119.19999694824219,4434000
2026-03-09,ALAB,122.30999755859375,5939900
2026-03-10,ALAB,116.4800033569336,4284900
2026-03-11,ALAB,124.70999908447266,5401700
2026-03-12,ALAB,119.9000015258789,3620700
2026-03-13,ALAB,120.30999755859375,3447100
2026-03-16,ALAB,127.4800033569336,4610400
2026-03-17,ALAB,127.56999969482422,5941300
2026-03-18,ALAB,126.33999633789062,3844900
2026-03-19,ALAB,126.16000366210938,4170300
2026-03-20,ALAB,116.04000091552734,8694500
2026-03-23,ALAB,123.87000274658203,4051700
2026-03-24,ALAB,121.76000213623047,2670200
2026-03-25,ALAB,120.33000183105469,2733300
2026-03-26,ALAB,113.6050033569336,3102200
2026-03-27,ALAB,112.47000122070312,2873800
2026-03-30,ALAB,100.2699966430664,5169600
2026-03-31,ALAB,109.5999984741211,5104500
2026-04-01,ALAB,106.33000183105469,4783100
2026-04-02,ALAB,117.13999938964844,4496100
2026-04-06,ALAB,117.98999786376953,2726300
2026-04-07,ALAB,118.98999786376953,4452300
2026-04-08,ALAB,125.45999908447266,4105900
2026-04-09,ALAB,129.4600067138672,3766900
2026-04-10,ALAB,149.0500030517578,10909500
2026-04-13,ALAB,166.7949981689453,10035200
2026-04-14,ALAB,170.60000610351562,7658900
2026-04-15,ALAB,172.08999633789062,5064600
2026-04-16,ALAB,170.80999755859375,4529200
2026-04-17,ALAB,174.0500030517578,5165900
2026-04-20,ALAB,175.8000030517578,4180500
2026-04-21,ALAB,191.97000122070312,10877800
2026-04-22,ALAB,194.05999755859375,6144200
2026-04-23,ALAB,197.5399932861328,5396500
2026-04-24,ALAB,212.83999633789062,6661900
2026-04-27,ALAB,196.63999938964844,5422500
2026-04-28,ALAB,183.30999755859375,4965300
2026-04-29,ALAB,196.85000610351562,4959700
2026-04-30,ALAB,194.74000549316406,5152000
2026-05-01,ALAB,202.67999267578125,4343600
2026-05-04,ALAB,201.25,4155500
2026-05-05,ALAB,215.69000244140625,8142500
2026-05-06,ALAB,213.91000366210938,8553000
2026-05-07,ALAB,195.64999389648438,6551400
2026-05-08,ALAB,199.7899932861328,4610100
2026-05-11,ALAB,207.35000610351562,5615400
2026-05-12,ALAB,204.4199981689453,5053800
2026-05-13,ALAB,224.08999633789062,6415600
2026-05-14,ALAB,228.63999938964844,4615000
2026-05-15,ALAB,232.67999267578125,5941800
2026-05-18,ALAB,215.5800018310547,6161300
2026-05-19,ALAB,244.25999450683594,9430500
2026-05-20,ALAB,287.4800109863281,10294600
2026-05-21,ALAB,297.8399963378906,7004300
2026-05-22,ALAB,306.8800048828125,6527300
2026-05-26,ALAB,318.7200012207031,8114900
2026-05-27,ALAB,325.3299865722656,5140900
2026-05-28,ALAB,349.1700134277344,5591800
2026-05-29,ALAB,342.8500061035156,5979200
2026-06-01,ALAB,320.0899963378906,5559100
2026-06-02,ALAB,355.760009765625,5572700
2026-06-03,ALAB,363.5400085449219,5309500
2026-06-04,ALAB,358.04998779296875,3785300
2026-06-05,ALAB,317.05999755859375,7315000
2026-06-08,ALAB,346.3299865722656,5048500
2026-06-09,ALAB,341.70001220703125,7378100
2026-06-10,ALAB,330.8599853515625,5895300
2026-06-11,ALAB,367.4700012207031,5728900
2026-06-12,ALAB,367.1499938964844,5372900
2026-06-15,ALAB,389.20001220703125,5332800
2026-06-16,ALAB,361.7099914550781,5938600
2026-06-17,ALAB,374.67999267578125,5122000
2026-06-18,ALAB,417.07000732421875,22605900
2026-06-22,ALAB,439.6600036621094,5584000
2026-06-23,ALAB,397.0199890136719,6478300
2026-06-24,ALAB,399.9200134277344,4063500
2026-06-25,ALAB,398.0,4956700
2026-06-26,ALAB,391.739990234375,6564800
2026-06-29,ALAB,455.9599914550781,6331400
2026-06-30,ALAB,483.0199890136719,6066600
2026-07-01,ALAB,430.8599853515625,5834800
2026-07-02,ALAB,406.4200134277344,7247100
2026-07-06,ALAB,432.739990234375,4124500
2026-07-07,ALAB,382.8900146484375,7181700
2026-07-08,ALAB,393.1600036621094,3473500
2026-07-09,ALAB,417.45001220703125,3792700
2026-07-10,ALAB,412.9700012207031,2161500
2026-07-13,ALAB,362.04998779296875,6286100
2026-07-14,ALAB,361.7799987792969,3280900
2026-07-15,ALAB,350.6199951171875,3380800
2026-07-16,ALAB,319.739990234375,4689900
2026-07-17,ALAB,303.6199951171875,7235800
2026-07-20,ALAB,309.0899963378906,2945500
2026-07-21,ALAB,319.7900085449219,3887000
2026-07-22,ALAB,330.8949890136719,3104600
2026-07-23,ALAB,326.9700012207031,2810700
2026-07-24,ALAB,291.5799865722656,4275600
2026-07-27,ALAB,282.5199890136719,4110400
2026-07-28,ALAB,260.2300109863281,4760900
2026-07-29,ALAB,249.74000549316406,5367800
2026-07-30,ALAB,299.69000244140625,6352700
2026-07-31,ALAB,311.2300109863281,5329400
2026-08-03,ALAB,321.04998779296875,4136300
2026-08-04,ALAB,361.6700134277344,10057000
2026-08-05,ALAB,318.42999267578125,9286100
2026-08-06,ALAB,331.5,4944000
2026-08-07,ALAB,334.1700134277344,3547300
2026-08-10,ALAB,317.2300109863281,3364800
2026-08-11,ALAB,311.989990234375,2707100
2026-08-12,ALAB,318.79998779296875,4453700
2026-08-13,ALAB,322.7799987792969,3343100
2026-08-14,ALAB,321.6099853515625,2523600
2026-08-17,ALAB,320.1700134277344,5695700
2026-08-18,ALAB,303.44000244140625,5111200
2026-08-19,ALAB,289.0199890136719,4228000
2026-08-20,ALAB,290.5199890136719,2598000
2026-08-21,ALAB,284.9700012207031,3005300
2026-08-24,ALAB,277.5299987792969,3691000
2026-08-25,ALAB,282.6499938964844,1798400
2026-08-26,ALAB,290.29998779296875,1933700
2026-08-27,ALAB,304.0899963378906,2745100
2026-08-28,ALAB,289.4700012207031,2640000
2026-08-31,ALAB,296.9800109863281,2353300
2026-09-01,ALAB,279.9100036621094,3442700
2026-09-02,ALAB,274.1300048828125,2851000
2026-09-03,ALAB,282.82000732421875,2788000
2026-09-04,ALAB,310.3999938964844,6503400
2025-09-05,SMH,292.3702697753906,9809600
2025-09-08,SMH,295.6001892089844,7223200
2025-09-09,SMH,296.8861999511719,6797000
2025-09-10,SMH,299.8968200683594,10221400
2025-09-11,SMH,302.9872131347656,7312400
2025-09-12,SMH,303.37603759765625,5231900
2025-09-15,SMH,306.2171936035156,5390200
2025-09-16,SMH,306.2570495605469,4227600
2025-09-17,SMH,304.3031311035156,9647700
2025-09-18,SMH,315.9867858886719,16335600
2025-09-19,SMH,314.7306823730469,8381600
2025-09-22,SMH,321.170654296875,11618100
2025-09-23,SMH,320.7021179199219,9159000
2025-09-24,SMH,320.1139221191406,8632200
2025-09-25,SMH,320.0640869140625,9592900
2025-09-26,SMH,320.8217468261719,6886100
2025-09-29,SMH,321.65911865234375,5833600
2025-09-30,SMH,325.3476257324219,7459900
2025-10-01,SMH,332.6549072265625,9911800
2025-10-02,SMH,337.1907958984375,8092600
2025-10-03,SMH,335.6356201171875,7770000
2025-10-06,SMH,342.3148498535156,10263200
2025-10-07,SMH,336.0044860839844,9365700
2025-10-08,SMH,344.99652099609375,7841500
2025-10-09,SMH,344.13916015625,5565500
2025-10-10,SMH,324.330810546875,18804500
2025-10-13,SMH,338.69610595703125,11760200
2025-10-14,SMH,332.46551513671875,7296700
2025-10-15,SMH,340.7198181152344,8283800
2025-10-16,SMH,342.2350769042969,9047500
2025-10-17,SMH,341.76654052734375,8396300
2025-10-20,SMH,346.1429443359375,6436900
2025-10-21,SMH,344.2288818359375,4391800
2025-10-22,SMH,337.5496826171875,8014200
2025-10-23,SMH,343.7304382324219,6422600
2025-10-24,SMH,350.0508117675781,5649300
2025-10-27,SMH,358.823486328125,6663400
2025-10-28,SMH,361.983642578125,5086000
2025-10-29,SMH,367.4665832519531,8102600
2025-10-30,SMH,362.60174560546875,6932700
2025-10-31,SMH,361.8939208984375,4917900
2025-11-03,SMH,364.9643859863281,4470500
2025-11-04,SMH,351.665771484375,8269000
2025-11-05,SMH,358.3848571777344,8605400
2025-11-06,SMH,350.0009460449219,9600500
2025-11-07,SMH,347.0401611328125,14723200
2025-11-10,SMH,357.67706298828125,9180700
2025-11-11,SMH,349.9610595703125,7661200
2025-11-12,SMH,354.4271545410156,5870700
2025-11-13,SMH,343.7503967285156,10654800
2025-11-14,SMH,343.909912109375,12271200
2025-11-17,SMH,339.244384765625,6921300
2025-11-18,SMH,332.25616455078125,12933100
2025-11-19,SMH,338.3870849609375,9842300
2025-11-20,SMH,324.091552734375,14686700
2025-11-21,SMH,325.1183776855469,17298700
2025-11-24,SMH,338.06805419921875,10650900
2025-11-25,SMH,338.955322265625,12052700
2025-11-26,SMH,346.63140869140625,5533300
2025-11-28,SMH,351.187255859375,3352700
2025-12-01,SMH,351.8651428222656,3902000
2025-12-02,SMH,358.3150634765625,6657900
2025-12-03,SMH,363.23974609375,4642700
2025-12-04,SMH,360.47833251953125,3971800
2025-12-05,SMH,363.28961181640625,3619200
2025-12-08,SMH,367.4067687988281,4334300
2025-12-09,SMH,367.8553771972656,3173300
2025-12-10,SMH,372.9395751953125,5653300
2025-12-11,SMH,369.7395324707031,7499900
2025-12-12,SMH,353.02154541015625,12705900
2025-12-15,SMH,351.8053283691406,5605800
2025-12-16,SMH,350.8482971191406,5849200
2025-12-17,SMH,338.18768310546875,10780400
2025-12-18,SMH,346.1728515625,8260200
2025-12-19,SMH,355.125,8838700
2025-12-22,SMH,359.70001220703125,4799500
2025-12-23,SMH,363.1600036621094,3542100
2025-12-24,SMH,364.1700134277344,1640500
2025-12-26,SMH,365.8599853515625,2921300
2025-12-29,SMH,364.2099914550781,4874400
2025-12-30,SMH,363.30999755859375,2927000
2025-12-31,SMH,360.1300048828125,2687300
2026-01-02,SMH,373.29998779296875,8972400
2026-01-05,SMH,377.5899963378906,9071300
2026-01-06,SMH,387.6199951171875,10201200
2026-01-07,SMH,385.0199890136719,6058900
2026-01-08,SMH,378.9800109863281,5724000
2026-01-09,SMH,389.2200012207031,6490800
2026-01-12,SMH,390.6600036621094,5532000
2026-01-13,SMH,391.5299987792969,5281600
2026-01-14,SMH,388.3500061035156,6696500
2026-01-15,SMH,396.4100036621094,9948100
2026-01-16,SMH,400.3900146484375,5485900
2026-01-20,SMH,390.3900146484375,7158500
2026-01-21,SMH,401.92999267578125,8754600
2026-01-22,SMH,402.82000732421875,5462600
2026-01-23,SMH,400.0899963378906,5869500
2026-01-26,SMH,398.82000732421875,4326900
2026-01-27,SMH,407.25,6145600
2026-01-28,SMH,416.6300048828125,7641900
2026-01-29,SMH,417.5199890136719,9352500
2026-01-30,SMH,403.4599914550781,9029000
2026-02-02,SMH,407.9700012207031,5946300
2026-02-03,SMH,397.67999267578125,12188600
2026-02-04,SMH,382.0199890136719,16908500
2026-02-05,SMH,381.07000732421875,12007800
2026-02-06,SMH,401.6499938964844,13460300
2026-02-09,SMH,406.6499938964844,5915200
2026-02-10,SMH,404.760009765625,5645300
2026-02-11,SMH,414.7799987792969,6211200
2026-02-12,SMH,406.1099853515625,7379100
2026-02-13,SMH,407.7200012207031,6481600
2026-02-17,SMH,407.510009765625,7312700
2026-02-18,SMH,412.54998779296875,5839900
2026-02-19,SMH,410.20001220703125,4056400
2026-02-20,SMH,415.0299987792969,5715800
2026-02-23,SMH,412.8800048828125,5842800
2026-02-24,SMH,419.1600036621094,7828900
2026-02-25,SMH,426.1600036621094,7714500
2026-02-26,SMH,412.010009765625,14811300
2026-02-27,SMH,406.3699951171875,9049100
2026-03-02,SMH,406.3900146484375,11490200
2026-03-03,SMH,391.05999755859375,13768900
2026-03-04,SMH,399.1000061035156,8767200
2026-03-05,SMH,395.3500061035156,11793700
2026-03-06,SMH,380.55999755859375,12423200
2026-03-09,SMH,394.3699951171875,16338100
2026-03-10,SMH,397.3299865722656,13687700
2026-03-11,SMH,401.0299987792969,6024900
2026-03-12,SMH,388.1300048828125,9845200
2026-03-13,SMH,387.3299865722656,7636100
2026-03-16,SMH,393.9200134277344,10317600
2026-03-17,SMH,396.8800048828125,6646300
2026-03-18,SMH,393.6700134277344,8372400
2026-03-19,SMH,394.9200134277344,12674800
2026-03-20,SMH,384.739990234375,12846800
2026-03-23,SMH,391.3599853515625,12742300
2026-03-24,SMH,394.5899963378906,6177200
2026-03-25,SMH,399.0199890136719,7388700
2026-03-26,SMH,380.8399963378906,14806200
2026-03-27,SMH,374.25,11811400
2026-03-30,SMH,362.5299987792969,12198200
2026-03-31,SMH,383.3999938964844,13834900
2026-04-01,SMH,391.9700012207031,10805400
2026-04-02,SMH,392.32000732421875,8505800
2026-04-06,SMH,395.9800109863281,4186100
2026-04-07,SMH,399.8999938964844,6672500
2026-04-08,SMH,422.9200134277344,10184300
2026-04-09,SMH,430.30999755859375,6018200
2026-04-10,SMH,436.8800048828125,11224200
2026-04-13,SMH,443.3399963378906,6549800
2026-04-14,SMH,452.0,6932400
2026-04-15,SMH,453.0,9155700
2026-04-16,SMH,454.79998779296875,6450700
2026-04-17,SMH,464.1600036621094,7184600
2026-04-20,SMH,463.9599914550781,3935100
2026-04-21,SMH,464.6600036621094,5598600
2026-04-22,SMH,476.8299865722656,7835200
2026-04-23,SMH,481.8500061035156,10619700
2026-04-24,SMH,506.44000244140625,12614300
2026-04-27,SMH,506.260009765625,9040200
2026-04-28,SMH,491.2099914550781,12664800
2026-04-29,SMH,499.5799865722656,6007900
2026-04-30,SMH,506.7200012207031,8401600
2026-05-01,SMH,509.82000732421875,5308300
2026-05-04,SMH,506.7900085449219,6867500
2026-05-05,SMH,522.6900024414062,8624600
2026-05-06,SMH,549.760009765625,15262900
2026-05-07,SMH,540.0999755859375,10905200
2026-05-08,SMH,566.5399780273438,8553700
2026-05-11,SMH,576.3099975585938,12680900
2026-05-12,SMH,561.25,17720800
2026-05-13,SMH,572.4600219726562,9586700
2026-05-14,SMH,578.3400268554688,8458700
2026-05-15,SMH,556.3400268554688,13009600
2026-05-18,SMH,546.1599731445312,12317500
2026-05-19,SMH,543.9600219726562,11905800
2026-05-20,SMH,564.6599731445312,8892200
2026-05-21,SMH,567.8800048828125,8293800
2026-05-22,SMH,576.3200073242188,7535000
2026-05-26,SMH,602.1400146484375,10008500
2026-05-27,SMH,595.5,11209000
2026-05-28,SMH,599.8300170898438,7625000
2026-05-29,SMH,598.9299926757812,7596100
2026-06-01,SMH,607.8099975585938,8649000
2026-06-02,SMH,632.2100219726562,8083500
2026-06-03,SMH,637.9000244140625,10179900
2026-06-04,SMH,627.530029296875,10462900
2026-06-05,SMH,569.6900024414062,22038000
2026-06-08,SMH,598.1599731445312,13823900
2026-06-09,SMH,591.010009765625,20329700
2026-06-10,SMH,570.9099731445312,12711400
2026-06-11,SMH,609.4500122070312,12196800
2026-06-12,SMH,619.9600219726562,8963300
2026-06-15,SMH,647.0999755859375,9613900
2026-06-16,SMH,616.0,10949600
2026-06-17,SMH,623.969970703125,10658800
2026-06-18,SMH,659.8800048828125,11229700
2026-06-22,SMH,668.9099731445312,8043000
2026-06-23,SMH,622.0499877929688,19126000
2026-06-24,SMH,618.9199829101562,11902000
2026-06-25,SMH,636.8800048828125,14877600
2026-06-26,SMH,611.6099853515625,12728300
2026-06-29,SMH,631.97998046875,10473900
2026-06-30,SMH,655.8900146484375,9406900
2026-07-01,SMH,620.4600219726562,13424700
2026-07-02,SMH,592.2899780273438,21288600
2026-07-06,SMH,604.2999877929688,9820700
2026-07-07,SMH,581.4500122070312,14619200
2026-07-08,SMH,593.0,9521300
2026-07-09,SMH,607.72998046875,9045100
2026-07-10,SMH,611.030029296875,6608400
2026-07-13,SMH,585.6199951171875,8736500
2026-07-14,SMH,600.3099975585938,7581100
2026-07-15,SMH,590.77001953125,11020800
2026-07-16,SMH,568.9199829101562,12353300
2026-07-17,SMH,556.530029296875,22083900
2026-07-20,SMH,558.8300170898438,6962600
2026-07-21,SMH,584.0800170898438,7129800
2026-07-22,SMH,586.9099731445312,5249700
2026-07-23,SMH,580.1699829101562,7963200
2026-07-24,SMH,561.1900024414062,19156400
2026-07-27,SMH,548.5499877929688,38682200
2026-07-28,SMH,529.5999755859375,18429000
2026-07-29,SMH,504.2200012207031,19440900
2026-07-30,SMH,538.9000244140625,14175000
2026-07-31,SMH,540.530029296875,14673900
2026-08-03,SMH,545.4600219726562,7283800
2026-08-04,SMH,575.7100219726562,9566200
2026-08-05,SMH,569.7000122070312,6209400
2026-08-06,SMH,571.47998046875,6231700
2026-08-07,SMH,582.7000122070312,6505000
2026-08-10,SMH,569.4099731445312,6476700
2026-08-11,SMH,572.9299926757812,5029000
2026-08-12,SMH,584.8300170898438,7414100
2026-08-13,SMH,589.1199951171875,6786000
2026-08-14,SMH,587.8200073242188,5524300
2026-08-17,SMH,594.0700073242188,7700500
2026-08-18,SMH,569.77001953125,11364400
2026-08-19,SMH,560.9199829101562,8713300
2026-08-20,SMH,562.6500244140625,6240600
2026-08-21,SMH,560.4199829101562,9619300
2026-08-24,SMH,546.7999877929688,7743300
2026-08-25,SMH,555.8200073242188,6038900
2026-08-26,SMH,555.77001953125,3865000
2026-08-27,SMH,573.0,6562500
2026-08-28,SMH,553.1099853515625,6461800
2026-08-31,SMH,556.6300048828125,4317100
2026-09-01,SMH,545.219970703125,6195100
2026-09-02,SMH,550.47998046875,5127100
2026-09-03,SMH,552.5999755859375,5623500
2026-09-04,SMH,567.010009765625,9451200
2025-09-05,GOOGL,234.18099975585938,46588900
2025-09-08,GOOGL,233.43292236328125,32474700
2025-09-09,GOOGL,239.00843811035156,38061000
2025-09-10,GOOGL,238.54962158203125,35141100
2025-09-11,GOOGL,239.74652099609375,30599300
2025-09-12,GOOGL,240.17539978027344,26771600
2025-09-15,GOOGL,250.95733642578125,58383800
2025-09-16,GOOGL,250.50851440429688,34109700
2025-09-17,GOOGL,248.8827362060547,34108000
2025-09-18,GOOGL,251.37625122070312,31239500
2025-09-19,GOOGL,254.0592803955078,55571400
2025-09-22,GOOGL,251.87496948242188,32290500
2025-09-23,GOOGL,251.00723266601562,26628000
2025-09-24,GOOGL,246.4989471435547,28201000
2025-09-25,GOOGL,245.15243530273438,31020400
2025-09-26,GOOGL,245.90049743652344,18503200
2025-09-29,GOOGL,243.41696166992188,32505800
2025-09-30,GOOGL,242.4694366455078,34724300
2025-10-01,GOOGL,244.26475524902344,31658200
2025-10-02,GOOGL,245.05271911621094,25483300
2025-10-03,GOOGL,244.7135772705078,30249600
2025-10-06,GOOGL,249.78041076660156,28894700
2025-10-07,GOOGL,245.12252807617188,23181300
2025-10-08,GOOGL,243.98548889160156,21307100
2025-10-09,GOOGL,240.9034881591797,27892100
2025-10-10,GOOGL,235.9563446044922,33180300
2025-10-13,GOOGL,243.51670837402344,24995000
2025-10-14,GOOGL,244.81332397460938,22111600
2025-10-15,GOOGL,250.37884521484375,27007700
2025-10-16,GOOGL,250.80772399902344,27997200
2025-10-17,GOOGL,252.64297485351562,29671600
2025-10-20,GOOGL,255.88450622558594,22350200
2025-10-21,GOOGL,249.81031799316406,47312100
2025-10-22,GOOGL,251.03713989257812,35029400
2025-10-23,GOOGL,252.4235382080078,19901400
2025-10-24,GOOGL,259.2458190917969,28655100
2025-10-27,GOOGL,268.571533203125,35235200
2025-10-28,GOOGL,266.7762145996094,29738600
2025-10-29,GOOGL,273.8577880859375,43580300
2025-10-30,GOOGL,280.7498779296875,74876000
2025-10-31,GOOGL,280.46063232421875,39267900
2025-11-03,GOOGL,282.9840393066406,29786000
2025-11-04,GOOGL,276.8200988769531,30078400
2025-11-05,GOOGL,283.5725402832031,31010300
2025-11-06,GOOGL,284.0113830566406,37173600
2025-11-07,GOOGL,278.1067199707031,34479600
2025-11-10,GOOGL,289.3475341796875,29557300
2025-11-11,GOOGL,290.5543518066406,19842100
2025-11-12,GOOGL,285.96630859375,24829900
2025-11-13,GOOGL,277.847412109375,29494000
2025-11-14,GOOGL,275.6930236816406,31647200
2025-11-17,GOOGL,284.2806701660156,52670200
2025-11-18,GOOGL,283.5426330566406,49158700
2025-11-19,GOOGL,292.05047607421875,68198900
2025-11-20,GOOGL,288.69921875,62025200
2025-11-21,GOOGL,298.8827209472656,74137700
2025-11-24,GOOGL,317.75360107421875,85165100
2025-11-25,GOOGL,322.6010437011719,88632100
2025-11-26,GOOGL,319.1201171875,51373400
2025-11-28,GOOGL,319.3494873046875,26018600
2025-12-01,GOOGL,314.0732116699219,41183000
2025-12-02,GOOGL,314.9908142089844,35854700
2025-12-03,GOOGL,318.8009338378906,41838300
2025-12-04,GOOGL,316.7961120605469,31240900
2025-12-05,GOOGL,320.4366149902344,28851700
2025-12-08,GOOGL,313.11090087890625,33909400
2025-12-09,GOOGL,316.4643859863281,30194000
2025-12-10,GOOGL,319.58831787109375,33428900
2025-12-11,GOOGL,311.82342529296875,42353700
2025-12-12,GOOGL,308.68951416015625,35940200
2025-12-15,GOOGL,307.62158203125,29151900
2025-12-16,GOOGL,305.97479248046875,30585000
2025-12-17,GOOGL,296.1439208984375,43930400
2025-12-18,GOOGL,301.872802734375,33518000
2025-12-19,GOOGL,306.56365966796875,59943200
2025-12-22,GOOGL,309.17852783203125,26429900
2025-12-23,GOOGL,313.73968505859375,25478700
2025-12-24,GOOGL,313.4801940917969,10097400
2025-12-26,GOOGL,312.9013366699219,10899000
2025-12-29,GOOGL,312.95123291015625,19621800
2025-12-30,GOOGL,313.24066162109375,17380900
2025-12-31,GOOGL,312.3923034667969,16377700
2026-01-02,GOOGL,314.5381164550781,32009400
2026-01-05,GOOGL,315.9254455566406,30195600
2026-01-06,GOOGL,313.7297058105469,31212100
2026-01-07,GOOGL,321.3548889160156,35104400
2026-01-08,GOOGL,324.80816650390625,31896100
2026-01-09,GOOGL,327.9320983886719,26214200
2026-01-12,GOOGL,331.2156982421875,33923900
2026-01-13,GOOGL,335.31768798828125,33517600
2026-01-14,GOOGL,335.1879577636719,28525600
2026-01-15,GOOGL,332.1339111328125,28442400
2026-01-16,GOOGL,329.35931396484375,40341600
2026-01-20,GOOGL,321.3748474121094,35361000
2026-01-21,GOOGL,327.7424621582031,35386600
2026-01-22,GOOGL,329.8982849121094,26253600
2026-01-23,GOOGL,327.2933044433594,27280000
2026-01-26,GOOGL,332.61297607421875,26042100
2026-01-27,GOOGL,333.90045166015625,21636200
2026-01-28,GOOGL,335.3576354980469,27434400
2026-01-29,GOOGL,337.5932922363281,39785600
2026-01-30,GOOGL,337.34375,31024000
2026-02-02,GOOGL,343.0227355957031,32006100
2026-02-03,GOOGL,339.0504455566406,36506700
2026-02-04,GOOGL,332.3934326171875,70618400
2026-02-05,GOOGL,330.6069030761719,88205800
2026-02-06,GOOGL,322.233154296875,56380500
2026-02-09,GOOGL,323.6903076171875,39640100
2026-02-10,GOOGL,317.9614562988281,39170000
2026-02-11,GOOGL,310.35626220703125,45406400
2026-02-12,GOOGL,308.40008544921875,47761300
2026-02-13,GOOGL,305.12646484375,38499700
2026-02-17,GOOGL,301.4336242675781,39247600
2026-02-18,GOOGL,302.7410888671875,28482100
2026-02-19,GOOGL,302.26202392578125,25834400
2026-02-20,GOOGL,314.36846923828125,53210800
2026-02-23,GOOGL,310.88525390625,31423000
2026-02-24,GOOGL,310.29638671875,25615600
2026-02-25,GOOGL,312.29248046875,29963600
2026-02-26,GOOGL,306.783203125,36431200
2026-02-27,GOOGL,311.1547546386719,44640600
2026-03-02,GOOGL,305.92486572265625,34790200
2026-03-03,GOOGL,302.9906005859375,35497000
2026-03-04,GOOGL,302.54144287109375,29536200
2026-03-05,GOOGL,300.29583740234375,35752300
2026-03-06,GOOGL,297.9404296875,25576900
2026-03-09,GOOGL,305.98040771484375,29312100
2026-03-10,GOOGL,306.65960693359375,23239700
2026-03-11,GOOGL,308.31756591796875,24125700
2026-03-12,GOOGL,303.1739196777344,24928300
2026-03-13,GOOGL,301.9054870605469,23693100
2026-03-16,GOOGL,305.1814270019531,23519700
2026-03-17,GOOGL,310.5347900390625,21955200
2026-03-18,GOOGL,307.30877685546875,20009800
2026-03-19,GOOGL,306.7494812011719,25075800
2026-03-20,GOOGL,300.6270751953125,44364100
2026-03-23,GOOGL,301.6857604980469,29326900
2026-03-24,GOOGL,290.0801696777344,36864300
2026-03-25,GOOGL,290.5695495605469,29460700
2026-03-26,GOOGL,280.5719909667969,39080600
2026-03-27,GOOGL,274.0000915527344,35890600
2026-03-30,GOOGL,273.1611633300781,35141200
2026-03-31,GOOGL,287.2037353515625,43875400
2026-04-01,GOOGL,297.0215759277344,37684500
2026-04-02,GOOGL,295.4035339355469,21666500
2026-04-06,GOOGL,299.61834716796875,16945500
2026-04-07,GOOGL,305.08154296875,23205400
2026-04-08,GOOGL,316.9268798828125,33547100
2026-04-09,GOOGL,318.09539794921875,23739200
2026-04-10,GOOGL,316.8469543457031,19152600
2026-04-13,GOOGL,320.91192626953125,18866400
2026-04-14,GOOGL,332.49755859375,27721400
2026-04-15,GOOGL,336.70233154296875,24918800
2026-04-16,GOOGL,335.6036682128906,20541500
2026-04-17,GOOGL,341.2566833496094,25581900
2026-04-20,GOOGL,337.0019836425781,18784200
2026-04-21,GOOGL,331.8783264160156,23123800
2026-04-22,GOOGL,338.8996276855469,20293000
2026-04-23,GOOGL,338.47015380859375,18650300
2026-04-24,GOOGL,343.97332763671875,26426100
2026-04-27,GOOGL,349.9059753417969,28576900
2026-04-28,GOOGL,349.3466796875,27824100
2026-04-29,GOOGL,349.5064392089844,35376300
2026-04-30,GOOGL,384.3232421875,72040000
2026-05-01,GOOGL,385.2121887207031,30105200
2026-05-04,GOOGL,382.7751770019531,26298600
2026-05-05,GOOGL,387.9487609863281,23878600
2026-05-06,GOOGL,397.546875,31308500
2026-05-07,GOOGL,397.4969177246094,24433500
2026-05-08,GOOGL,400.3034362792969,21461800
2026-05-11,GOOGL,388.1585388183594,30753700
2026-05-12,GOOGL,386.8701171875,26017500
2026-05-13,GOOGL,402.1211853027344,28144600
2026-05-14,GOOGL,400.5731201171875,21136700
2026-05-15,GOOGL,396.2884216308594,20309700
2026-05-18,GOOGL,396.4482421875,26837200
2026-05-19,GOOGL,387.1797180175781,39545700
2026-05-20,GOOGL,388.4281921386719,31744400
2026-05-21,GOOGL,387.1797180175781,24852800
2026-05-22,GOOGL,382.49554443359375,20442100
2026-05-26,GOOGL,388.3982238769531,27747400
2026-05-27,GOOGL,388.3482666015625,23087300
2026-05-28,GOOGL,389.64666748046875,24357500
2026-05-29,GOOGL,379.8687744140625,44415800
2026-06-01,GOOGL,375.9037170410156,28672100
2026-06-02,GOOGL,361.4017028808594,50412300
2026-06-03,GOOGL,358.54522705078125,55441600
2026-06-04,GOOGL,371.7288818359375,44055500
2026-06-05,GOOGL,368.07342529296875,37471200
2026-06-08,GOOGL,363.0766296386719,27942500
2026-06-09,GOOGL,364.0260314941406,29535100
2026-06-10,GOOGL,356.1510925292969,32357100
2026-06-11,GOOGL,357.5401611328125,35538200
2026-06-12,GOOGL,359.4489440917969,24704600
2026-06-15,GOOGL,369.1127624511719,27727500
2026-06-16,GOOGL,373.01025390625,24876100
2026-06-17,GOOGL,363.55633544921875,24543600
2026-06-18,GOOGL,367.7935791015625,44470100
2026-06-22,GOOGL,349.45538330078125,52814800
2026-06-23,GOOGL,345.90765380859375,34007700
2026-06-24,GOOGL,345.0682067871094,44997300
2026-06-25,GOOGL,343.48919677734375,44491400
2026-06-26,GOOGL,337.17327880859375,114706300
2026-06-29,GOOGL,353.4228210449219,34213900
2026-06-30,GOOGL,357.14044189453125,35237200
2026-07-01,GOOGL,360.97796630859375,26736400
2026-07-02,GOOGL,359.6788024902344,25974800
2026-07-06,GOOGL,366.2245788574219,26915800
2026-07-07,GOOGL,366.7942199707031,24045600
2026-07-08,GOOGL,361.6875305175781,22094800
2026-07-09,GOOGL,358.65948486328125,24729100
2026-07-10,GOOGL,356.9505615234375,18146100
2026-07-13,GOOGL,352.2835693359375,15901700
2026-07-14,GOOGL,359.2790832519531,18259400
2026-07-15,GOOGL,370.6817626953125,28284600
2026-07-16,GOOGL,354.2322998046875,41158500
2026-07-17,GOOGL,346.5472412109375,29959300
2026-07-20,GOOGL,351.7638854980469,24736600
2026-07-21,GOOGL,346.927001953125,23369800
2026-07-22,GOOGL,341.8702392578125,39334100
2026-07-23,GOOGL,317.4859313964844,69419700
2026-07-24,GOOGL,319.53460693359375,31806600
2026-07-27,GOOGL,326.3502197265625,28471600
2026-07-28,GOOGL,333.4956359863281,29511900
2026-07-29,GOOGL,336.49371337890625,27501600
2026-07-30,GOOGL,333.4456787109375,30168000
2026-07-31,GOOGL,355.9012451171875,46498000
2026-08-03,GOOGL,373.27008056640625,38669700
2026-08-04,GOOGL,377.40740966796875,35705700
2026-08-05,GOOGL,362.1971740722656,46926300
2026-08-06,GOOGL,357.52020263671875,25235900
2026-08-07,GOOGL,354.0723876953125,19859900
2026-08-10,GOOGL,357.29034423828125,18991400
2026-08-11,GOOGL,343.5791320800781,29081800
2026-08-12,GOOGL,343.3193359375,25012000
2026-08-13,GOOGL,346.13751220703125,17866100
2026-08-14,GOOGL,345.67779541015625,17808600
2026-08-17,GOOGL,343.7790222167969,18291300
2026-08-18,GOOGL,343.9789123535156,19248800
2026-08-19,GOOGL,344.4985656738281,19733800
2026-08-20,GOOGL,340.451171875,18570400
2026-08-21,GOOGL,344.5985107421875,20849800
2026-08-24,GOOGL,347.83642578125,26338200
2026-08-25,GOOGL,346.73712158203125,20649700
2026-08-26,GOOGL,341.7803039550781,20420300
2026-08-27,GOOGL,340.4311828613281,23391400
2026-08-28,GOOGL,346.36737060546875,25347200
2026-08-31,GOOGL,339.13201904296875,33493600
2026-09-01,GOOGL,334.8047790527344,23342700
2026-09-02,GOOGL,336.9034423828125,22582300
2026-09-03,GOOGL,342.260009765625,20726900
2026-09-04,GOOGL,338.4599914550781,23157700
2025-09-05,VRT,123.86356353759766,7719600
2025-09-08,VRT,121.68595886230469,10222700
2025-09-09,VRT,125.44181823730469,7608500
2025-09-10,VRT,136.5895538330078,12971100
2025-09-11,VRT,135.56069946289062,6779700
2025-09-12,VRT,134.69163513183594,4065400
2025-09-15,VRT,138.14678955078125,7643900
2025-09-16,VRT,136.53811645507812,5449900
2025-09-17,VRT,136.7179718017578,5123300
2025-09-18,VRT,141.84378051757812,5295000
2025-09-19,VRT,143.48245239257812,6682800
2025-09-22,VRT,151.83558654785156,8731700
2025-09-23,VRT,142.4932403564453,16541300
2025-09-24,VRT,141.50404357910156,5978100
2025-09-25,VRT,139.6555633544922,6197600
2025-09-26,VRT,138.50648498535156,3607600
2025-09-29,VRT,143.19265747070312,5876700
2025-09-30,VRT,150.73648071289062,6822300
2025-10-01,VRT,161.4576873779297,12844000
2025-10-02,VRT,161.50765991210938,8936100
2025-10-03,VRT,160.06883239746094,5728500
2025-10-06,VRT,162.6667022705078,7203300
2025-10-07,VRT,158.7399139404297,6899100
2025-10-08,VRT,167.2429656982422,4889900
2025-10-09,VRT,168.7417449951172,4972800
2025-10-10,VRT,168.87159729003906,16066600
2025-10-13,VRT,178.8534393310547,11056200
2025-10-14,VRT,175.006591796875,7427500
2025-10-15,VRT,180.36219787597656,5642900
2025-10-16,VRT,177.67440795898438,5000100
2025-10-17,VRT,173.8575439453125,5880700
2025-10-20,VRT,175.58612060546875,6692000
2025-10-21,VRT,174.65687561035156,8130700
2025-10-22,VRT,171.44949340820312,22483700
2025-10-23,VRT,183.0500030517578,9679400
2025-10-24,VRT,185.9076690673828,7188500
2025-10-27,VRT,192.74205017089844,6673000
2025-10-28,VRT,190.41397094726562,6044100
2025-10-29,VRT,199.1068572998047,6298900
2025-10-30,VRT,193.60134887695312,5693500
2025-10-31,VRT,192.70208740234375,7726600
2025-11-03,VRT,191.24327087402344,6065100
2025-11-04,VRT,180.6719512939453,8984800
2025-11-05,VRT,190.55386352539062,6534700
2025-11-06,VRT,182.87014770507812,5907100
2025-11-07,VRT,179.6527862548828,9143000
2025-11-10,VRT,187.6862030029297,5590100
2025-11-11,VRT,178.90341186523438,5625700
2025-11-12,VRT,173.22805786132812,6131700
2025-11-13,VRT,163.50601196289062,11389900
2025-11-14,VRT,170.8300323486328,10018700
2025-11-17,VRT,166.51353454589844,5249900
2025-11-18,VRT,164.7250213623047,7586300
2025-11-19,VRT,170.51026916503906,6070500
2025-11-20,VRT,159.47930908203125,10076100
2025-11-21,VRT,159.6991424560547,10577700
2025-11-24,VRT,168.77171325683594,8208200
2025-11-25,VRT,169.49440002441406,8573200
2025-11-26,VRT,171.94329833984375,5264800
2025-11-28,VRT,179.64984130859375,4059600
2025-12-01,VRT,179.14007568359375,6501500
2025-12-02,VRT,180.82933044433594,5304500
2025-12-03,VRT,178.8002471923828,5374500
2025-12-04,VRT,182.45860290527344,4962300
2025-12-05,VRT,188.9357147216797,7445800
2025-12-08,VRT,185.52723693847656,5556300
2025-12-09,VRT,178.3004608154297,6414700
2025-12-10,VRT,181.7389373779297,5301300
2025-12-11,VRT,178.58033752441406,11321100
2025-12-12,VRT,161.19808959960938,12512200
2025-12-15,VRT,161.6678924560547,8861400
2025-12-16,VRT,160.58836364746094,7808700
2025-12-17,VRT,149.76319885253906,11959800
2025-12-18,VRT,154.32115173339844,7773800
2025-12-19,VRT,159.74874877929688,9716400
2025-12-22,VRT,166.17587280273438,5688100
2025-12-23,VRT,166.18585205078125,3220400
2025-12-24,VRT,166.79559326171875,1335200
2025-12-26,VRT,167.50527954101562,2532800
2025-12-29,VRT,165.546142578125,3075200
2025-12-30,VRT,164.26670837402344,3764300
2025-12-31,VRT,161.93775939941406,2575500
2026-01-02,VRT,175.53170776367188,7348200
2026-01-05,VRT,173.87242126464844,5860200
2026-01-06,VRT,174.8719940185547,7813700
2026-01-07,VRT,171.4635009765625,5205600
2026-01-08,VRT,160.70831298828125,7684900
2026-01-09,VRT,163.50704956054688,5665300
2026-01-12,VRT,169.95419311523438,4181100
2026-01-13,VRT,172.6429901123047,3648000
2026-01-14,VRT,170.7838134765625,3780800
2026-01-15,VRT,172.46304321289062,4104000
2026-01-16,VRT,176.85110473632812,4502300
2026-01-20,VRT,175.10186767578125,4690500
2026-01-21,VRT,181.3890838623047,5587300
2026-01-22,VRT,181.0392303466797,5508700
2026-01-23,VRT,182.40863037109375,3496300
2026-01-26,VRT,181.14918518066406,3020100
2026-01-27,VRT,189.12564086914062,4390300
2026-01-28,VRT,193.67359924316406,4935700
2026-01-29,VRT,195.0130157470703,5662000
2026-01-30,VRT,186.0969696044922,4502700
2026-02-02,VRT,189.92526245117188,4112100
2026-02-03,VRT,190.06520080566406,4433000
2026-02-04,VRT,182.4785919189453,8287200
2026-02-05,VRT,177.6707305908203,6144600
2026-02-06,VRT,195.49278259277344,7197300
2026-02-09,VRT,201.90992736816406,7638400
2026-02-10,VRT,199.53097534179688,6707800
2026-02-11,VRT,248.39918518066406,19793500
2026-02-12,VRT,236.40452575683594,12438800
2026-02-13,VRT,234.4254150390625,6785200
2026-02-17,VRT,243.42140197753906,6449600
2026-02-18,VRT,243.10154724121094,5350700
2026-02-19,VRT,242.9516143798828,3929800
2026-02-20,VRT,243.6413116455078,3879200
2026-02-23,VRT,245.31056213378906,4026100
2026-02-24,VRT,253.037109375,5458200
2026-02-25,VRT,262.0730895996094,6580300
2026-02-26,VRT,259.1144104003906,8566400
2026-02-27,VRT,254.77633666992188,6967900
2026-03-02,VRT,257.6350402832031,5382300
2026-03-03,VRT,244.33099365234375,6866600
2026-03-04,VRT,251.16795349121094,4298500
2026-03-05,VRT,249.6386260986328,5291500
2026-03-06,VRT,241.6721954345703,8772600
2026-03-09,VRT,264.2321472167969,20427900
2026-03-10,VRT,269.9395751953125,11306800
2026-03-11,VRT,268.140380859375,7103200
2026-03-12,VRT,265.26165771484375,7465400
2026-03-13,VRT,258.76458740234375,6981200
2026-03-16,VRT,264.6219482421875,7386700
2026-03-17,VRT,268.3541564941406,5121300
2026-03-18,VRT,264.6549377441406,6673800
2026-03-19,VRT,269.114013671875,7084600
2026-03-20,VRT,255.8267822265625,87826600
2026-03-23,VRT,255.94674682617188,8888100
2026-03-24,VRT,270.83367919921875,6843000
2026-03-25,VRT,276.1025695800781,5929000
2026-03-26,VRT,252.3474884033203,6621700
2026-03-27,VRT,251.0177764892578,5444500
2026-03-30,VRT,234.17127990722656,6930400
2026-03-31,VRT,250.5278778076172,6686100
2026-04-01,VRT,259.3160400390625,5112600
2026-04-02,VRT,261.23565673828125,3965500
2026-04-06,VRT,258.6761779785156,3305700
2026-04-07,VRT,262.24542236328125,2937200
2026-04-08,VRT,280.9715270996094,5696700
2026-04-09,VRT,287.5801696777344,5166400
2026-04-10,VRT,295.048583984375,4644800
2026-04-13,VRT,299.8975830078125,4733900
2026-04-14,VRT,310.4454040527344,4993800
2026-04-15,VRT,301.09735107421875,5353600
2026-04-16,VRT,294.0688171386719,4832600
2026-04-17,VRT,307.27606201171875,5805500
2026-04-20,VRT,314.3446044921875,4672300
2026-04-21,VRT,312.375,7285400
2026-04-22,VRT,305.0765380859375,9835900
2026-04-23,VRT,321.6830749511719,7067000
2026-04-24,VRT,323.3927001953125,5281500
2026-04-27,VRT,322.3629150390625,5442500
2026-04-28,VRT,304.966552734375,8217600
2026-04-29,VRT,306.1163024902344,4536300
2026-04-30,VRT,328.4216613769531,6268700
2026-05-01,VRT,328.24169921875,4408600
2026-05-04,VRT,330.9011535644531,4927400
2026-05-05,VRT,340.94903564453125,5456200
2026-05-06,VRT,358.8453369140625,5583200
2026-05-07,VRT,339.93927001953125,5458100
2026-05-08,VRT,339.8992919921875,4081000
2026-05-11,VRT,367.8434753417969,7279200
2026-05-12,VRT,367.0536193847656,6556200
2026-05-13,VRT,369.91302490234375,4461000
2026-05-14,VRT,376.1517333984375,3611300
2026-05-15,VRT,370.86285400390625,4871200
2026-05-18,VRT,339.6593322753906,8086700
2026-05-19,VRT,322.5628967285156,9039500
2026-05-20,VRT,315.6043395996094,6014000
2026-05-21,VRT,323.3327331542969,5221300
2026-05-22,VRT,327.3918762207031,4801800
2026-05-26,VRT,323.8426208496094,6523700
2026-05-27,VRT,319.7134704589844,5293000
2026-05-28,VRT,314.1146240234375,5384100
2026-05-29,VRT,315.6443176269531,7218800
2026-06-01,VRT,323.32275390625,6162100
2026-06-02,VRT,334.42041015625,5077300
2026-06-03,VRT,331.3710632324219,3927700
2026-06-04,VRT,323.8526306152344,6075900
2026-06-05,VRT,300.447509765625,7330000
2026-06-08,VRT,300.5074768066406,4790000
2026-06-09,VRT,289.45977783203125,11117700
2026-06-10,VRT,280.92156982421875,6904200
2026-06-11,VRT,297.81805419921875,5408800
2026-06-12,VRT,302.8070068359375,4958100
2026-06-15,VRT,311.92999267578125,5346400
2026-06-16,VRT,299.6000061035156,4581900
2026-06-17,VRT,317.5799865722656,6181400
2026-06-18,VRT,333.04998779296875,7262600
2026-06-22,VRT,357.9599914550781,7284300
2026-06-23,VRT,318.32000732421875,10277700
2026-06-24,VRT,316.42999267578125,6106100
2026-06-25,VRT,325.57000732421875,6305000
2026-06-26,VRT,303.95001220703125,21988200
2026-06-29,VRT,306.9700012207031,6708600
2026-06-30,VRT,334.82000732421875,7742500
2026-07-01,VRT,311.4200134277344,6259800
2026-07-02,VRT,300.5299987792969,5898700
2026-07-06,VRT,318.4700012207031,6428200
2026-07-07,VRT,305.5799865722656,5986600
2026-07-08,VRT,317.80999755859375,4425200
2026-07-09,VRT,323.9200134277344,3946300
2026-07-10,VRT,318.8599853515625,3001200
2026-07-13,VRT,305.8699951171875,3720300
2026-07-14,VRT,303.5799865722656,3560900
2026-07-15,VRT,304.57000732421875,3873700
2026-07-16,VRT,294.1099853515625,5017800
2026-07-17,VRT,289.55999755859375,6068200
2026-07-20,VRT,291.6700134277344,3770300
2026-07-21,VRT,304.5,3485200
2026-07-22,VRT,301.1600036621094,2935100
2026-07-23,VRT,304.0400085449219,3098500
2026-07-24,VRT,290.3599853515625,3405200
2026-07-27,VRT,287.6000061035156,5017300
2026-07-28,VRT,269.55999755859375,8157500
2026-07-29,VRT,223.0399932861328,21265700
2026-07-30,VRT,227.5,14508000
2026-07-31,VRT,241.57000732421875,10849600
2026-08-03,VRT,263.04998779296875,9517100
2026-08-04,VRT,269.92999267578125,5802700
2026-08-05,VRT,277.94000244140625,5933200
2026-08-06,VRT,275.1700134277344,5084700
2026-08-07,VRT,272.3999938964844,3909500
2026-08-10,VRT,270.1000061035156,2859500
2026-08-11,VRT,281.80999755859375,3686900
2026-08-12,VRT,288.3599853515625,4034300
2026-08-13,VRT,287.07000732421875,3120100
2026-08-14,VRT,293.8399963378906,3153600
2026-08-17,VRT,292.42999267578125,3575900
2026-08-18,VRT,272.5400085449219,5584100
2026-08-19,VRT,261.0,6206500
2026-08-20,VRT,264.6300048828125,5219700
2026-08-21,VRT,261.95001220703125,3207800
2026-08-24,VRT,254.97000122070312,3982100
2026-08-25,VRT,255.75,3921600
2026-08-26,VRT,263.80999755859375,3930900
2026-08-27,VRT,269.2799987792969,4604800
2026-08-28,VRT,257.0799865722656,3840500
2026-08-31,VRT,258.7200012207031,4082600
2026-09-01,VRT,255.97000122070312,4279200
2026-09-02,VRT,256.70001220703125,3011200
2026-09-03,VRT,268.8299865722656,4241000
2026-09-04,VRT,280.5299987792969,3318600
2025-09-05,APLD,13.890000343322754,16356700
2025-09-08,APLD,13.90999984741211,19487000
2025-09-09,APLD,15.199999809265137,31108200
2025-09-10,APLD,16.979999542236328,48395800
2025-09-11,APLD,17.18000030517578,29445800
2025-09-12,APLD,18.68000030517578,32935900
2025-09-15,APLD,19.350000381469727,31247500
2025-09-16,APLD,19.459999084472656,21468100
2025-09-17,APLD,19.829999923706055,24438900
2025-09-18,APLD,19.90999984741211,22036600
2025-09-19,APLD,20.479999542236328,31532700
2025-09-22,APLD,24.450000762939453,49365500
2025-09-23,APLD,24.670000076293945,40659600
2025-09-24,APLD,23.450000762939453,26946900
2025-09-25,APLD,22.59000015258789,25579700
2025-09-26,APLD,21.709999084472656,22774700
2025-09-29,APLD,22.149999618530273,19268200
2025-09-30,APLD,22.940000534057617,27744000
2025-10-01,APLD,25.0,23678700
2025-10-02,APLD,26.469999313354492,35030200
2025-10-03,APLD,26.530000686645508,26999900
2025-10-06,APLD,27.709999084472656,28013300
2025-10-07,APLD,27.299999237060547,31017800
2025-10-08,APLD,27.940000534057617,20718200
2025-10-09,APLD,29.290000915527344,43613700
2025-10-10,APLD,33.9900016784668,108028100
2025-10-13,APLD,34.2400016784668,56662600
2025-10-14,APLD,35.040000915527344,48889400
2025-10-15,APLD,37.7599983215332,52351100
2025-10-16,APLD,36.63999938964844,41140300
2025-10-17,APLD,34.2400016784668,30485800
2025-10-20,APLD,35.900001525878906,24278500
2025-10-21,APLD,32.540000915527344,26889200
2025-10-22,APLD,30.6200008392334,46846400
2025-10-23,APLD,33.380001068115234,25086800
2025-10-24,APLD,33.43000030517578,29775100
2025-10-27,APLD,34.349998474121094,21483100
2025-10-28,APLD,34.33000183105469,32453400
2025-10-29,APLD,34.41999816894531,29240700
2025-10-30,APLD,33.95000076293945,24346300
2025-10-31,APLD,34.65999984741211,31397200
2025-11-03,APLD,32.869998931884766,27104700
2025-11-04,APLD,31.059999465942383,28974800
2025-11-05,APLD,33.09000015258789,19861900
2025-11-06,APLD,31.079999923706055,20430000
2025-11-07,APLD,30.979999542236328,25624100
2025-11-10,APLD,31.440000534057617,23962300
2025-11-11,APLD,28.56999969482422,22741500
2025-11-12,APLD,26.40999984741211,27253600
2025-11-13,APLD,23.059999465942383,31351800
2025-11-14,APLD,23.649999618530273,44561200
2025-11-17,APLD,22.934999465942383,25429800
2025-11-18,APLD,22.84000015258789,26812100
2025-11-19,APLD,23.09000015258789,27489800
2025-11-20,APLD,21.3700008392334,38275000
2025-11-21,APLD,21.09000015258789,36810200
2025-11-24,APLD,23.790000915527344,27304700
2025-11-25,APLD,23.739999771118164,19650400
2025-11-26,APLD,24.940000534057617,21975500
2025-11-28,APLD,27.100000381469727,19895400
2025-12-01,APLD,28.209999084472656,24936600
2025-12-02,APLD,28.049999237060547,32944400
2025-12-03,APLD,29.360000610351562,20922200
2025-12-04,APLD,31.139999389648438,22458200
2025-12-05,APLD,31.219999313354492,27001600
2025-12-08,APLD,32.11000061035156,17345600
2025-12-09,APLD,32.77000045776367,31545900
2025-12-10,APLD,30.989999771118164,18524000
2025-12-11,APLD,30.760000228881836,21150900
2025-12-12,APLD,27.860000610351562,24669600
2025-12-15,APLD,22.979999542236328,43525300
2025-12-16,APLD,24.239999771118164,33022900
2025-12-17,APLD,22.0,29286300
2025-12-18,APLD,23.899999618530273,31804200
2025-12-19,APLD,27.850000381469727,38058900
2025-12-22,APLD,27.780000686645508,23209100
2025-12-23,APLD,26.079999923706055,17906900
2025-12-24,APLD,25.719999313354492,7859800
2025-12-26,APLD,24.049999237060547,15491900
2025-12-29,APLD,24.809999465942383,16678600
2025-12-30,APLD,24.079999923706055,25504900
2025-12-31,APLD,24.520000457763672,29076400
2026-01-02,APLD,28.110000610351562,36069500
2026-01-05,APLD,30.200000762939453,34572600
2026-01-06,APLD,30.260000228881836,30638800
2026-01-07,APLD,29.559999465942383,43957700
2026-01-08,APLD,31.940000534057617,91307400
2026-01-09,APLD,37.68000030517578,86363400
2026-01-12,APLD,38.209999084472656,50577900
2026-01-13,APLD,36.709999084472656,32424400
2026-01-14,APLD,36.099998474121094,30396400
2026-01-15,APLD,35.220001220703125,25988700
2026-01-16,APLD,37.400001525878906,31828000
2026-01-20,APLD,35.459999084472656,35188300
2026-01-21,APLD,35.060001373291016,42153500
2026-01-22,APLD,34.7400016784668,29082800
2026-01-23,APLD,37.689998626708984,48149200
2026-01-26,APLD,36.18000030517578,48010800
2026-01-27,APLD,41.349998474121094,47555700
2026-01-28,APLD,40.220001220703125,30478600
2026-01-29,APLD,38.06999969482422,30467100
2026-01-30,APLD,33.880001068115234,30806600
2026-02-02,APLD,34.79999923706055,23149400
2026-02-03,APLD,36.70000076293945,26691500
2026-02-04,APLD,31.540000915527344,38524300
2026-02-05,APLD,27.844999313354492,29119800
2026-02-06,APLD,34.95000076293945,44656500
2026-02-09,APLD,38.2599983215332,36871700
2026-02-10,APLD,37.470001220703125,24414000
2026-02-11,APLD,36.599998474121094,23902900
2026-02-12,APLD,36.16999816894531,18236600
2026-02-13,APLD,35.279998779296875,22437000
2026-02-17,APLD,33.560001373291016,21378100
2026-02-18,APLD,31.90999984741211,24045600
2026-02-19,APLD,31.530000686645508,15011800
2026-02-20,APLD,29.040000915527344,23874600
2026-02-23,APLD,30.0,14692900
2026-02-24,APLD,30.65999984741211,18880800
2026-02-25,APLD,29.079999923706055,19076900
2026-02-26,APLD,28.649999618530273,16047300
2026-02-27,APLD,27.270000457763672,18375100
2026-03-02,APLD,27.93000030517578,16057100
2026-03-03,APLD,26.149999618530273,13745400
2026-03-04,APLD,28.649999618530273,17151800
2026-03-05,APLD,28.09000015258789,15913400
2026-03-06,APLD,25.139999389648438,20577000
2026-03-09,APLD,27.030000686645508,18590100
2026-03-10,APLD,27.399999618530273,13808700
2026-03-11,APLD,28.520000457763672,17901500
2026-03-12,APLD,27.479999542236328,14852100
2026-03-13,APLD,27.049999237060547,18724700
2026-03-16,APLD,27.709999084472656,14494500
2026-03-17,APLD,27.510000228881836,11388500
2026-03-18,APLD,26.649999618530273,12475900
2026-03-19,APLD,26.700000762939453,12261400
2026-03-20,APLD,25.93000030517578,17456300
2026-03-23,APLD,27.260000228881836,14847000
2026-03-24,APLD,26.790000915527344,12776100
2026-03-25,APLD,28.3700008392334,14613800
2026-03-26,APLD,25.71500015258789,19580000
2026-03-27,APLD,23.760000228881836,17033600
2026-03-30,APLD,20.545000076293945,27139000
2026-03-31,APLD,23.739999771118164,23993100
2026-04-01,APLD,24.489999771118164,25220100
2026-04-02,APLD,24.559999465942383,19745800
2026-04-06,APLD,25.190000534057617,17887600
2026-04-07,APLD,25.18000030517578,20180900
2026-04-08,APLD,27.790000915527344,39795700
2026-04-09,APLD,25.56999969482422,35842900
2026-04-10,APLD,26.260000228881836,26413200
2026-04-13,APLD,27.600000381469727,21422400
2026-04-14,APLD,31.469999313354492,37953800
2026-04-15,APLD,30.809999465942383,24272700
2026-04-16,APLD,30.09000015258789,15236500
2026-04-17,APLD,31.530000686645508,19767900
2026-04-20,APLD,32.189998626708984,22174300
2026-04-21,APLD,31.31999969482422,26536600
2026-04-22,APLD,32.43000030517578,17082000
2026-04-23,APLD,36.349998474121094,55485400
2026-04-24,APLD,34.97999954223633,35310300
2026-04-27,APLD,33.66999816894531,20833300
2026-04-28,APLD,32.11000061035156,22493800
2026-04-29,APLD,32.685001373291016,16979300
2026-04-30,APLD,34.25,21590700
2026-05-01,APLD,33.54999923706055,17041300
2026-05-04,APLD,35.630001068115234,23993400
2026-05-05,APLD,39.880001068115234,32489800
2026-05-06,APLD,44.2400016784668,32688600
2026-05-07,APLD,41.529998779296875,25434900
2026-05-08,APLD,41.25,19715600
2026-05-11,APLD,44.59000015258789,27374400
2026-05-12,APLD,43.93000030517578,20248300
2026-05-13,APLD,45.47999954223633,15283300
2026-05-14,APLD,46.709999084472656,16359300
2026-05-15,APLD,42.560001373291016,17723100
2026-05-18,APLD,39.13999938964844,19632900
2026-05-19,APLD,36.619998931884766,15285900
2026-05-20,APLD,39.52000045776367,27508600
2026-05-21,APLD,48.02000045776367,43074400
2026-05-22,APLD,45.869998931884766,22215200
2026-05-26,APLD,45.13999938964844,22554200
2026-05-27,APLD,48.97999954223633,25807700
2026-05-28,APLD,49.650001525878906,20470600
2026-05-29,APLD,47.279998779296875,21832000
2026-06-01,APLD,47.939998626708984,17487200
2026-06-02,APLD,47.86000061035156,17269200
2026-06-03,APLD,44.709999084472656,16325800
2026-06-04,APLD,44.150001525878906,14487400
2026-06-05,APLD,39.619998931884766,21846500
2026-06-08,APLD,40.94499969482422,15600000
2026-06-09,APLD,41.90999984741211,44142200
2026-06-10,APLD,38.91999816894531,21263300
2026-06-11,APLD,41.470001220703125,17088800
2026-06-12,APLD,42.70000076293945,22661000
2026-06-15,APLD,46.470001220703125,18805500
2026-06-16,APLD,46.27000045776367,20750400
2026-06-17,APLD,45.56999969482422,27044000
2026-06-18,APLD,46.59000015258789,14554400
2026-06-22,APLD,45.20000076293945,16311300
2026-06-23,APLD,45.27000045776367,17212800
2026-06-24,APLD,41.97999954223633,15648700
2026-06-25,APLD,40.95000076293945,12988400
2026-06-26,APLD,39.15999984741211,47908100
2026-06-29,APLD,37.77000045776367,20066500
2026-06-30,APLD,37.29999923706055,17984200
2026-07-01,APLD,35.52000045776367,18655200
2026-07-02,APLD,33.060001373291016,24591700
2026-07-06,APLD,33.5,13840800
2026-07-07,APLD,30.709999084472656,15456400
2026-07-08,APLD,31.440000534057617,18267400
2026-07-09,APLD,32.290000915527344,16552400
2026-07-10,APLD,31.149999618530273,12361800
2026-07-13,APLD,28.84000015258789,15224200
2026-07-14,APLD,28.469999313354492,17439500
2026-07-15,APLD,29.030000686645508,20046900
2026-07-16,APLD,26.440000534057617,18483600
2026-07-17,APLD,25.790000915527344,23585600
2026-07-20,APLD,27.850000381469727,23439900
2026-07-21,APLD,30.049999237060547,23352500
2026-07-22,APLD,30.079999923706055,14550900
2026-07-23,APLD,29.889999389648438,13818500
2026-07-24,APLD,27.190000534057617,20189700
2026-07-27,APLD,26.375,23738700
2026-07-28,APLD,26.6200008392334,40851400
2026-07-29,APLD,23.219999313354492,31686500
2026-07-30,APLD,27.969999313354492,25995300
2026-07-31,APLD,27.389999389648438,22020000
2026-08-03,APLD,29.489999771118164,21382100
2026-08-04,APLD,31.270000457763672,20826500
2026-08-05,APLD,29.8700008392334,14759300
2026-08-06,APLD,28.860000610351562,12582700
2026-08-07,APLD,29.219999313354492,12988700
2026-08-10,APLD,29.059999465942383,15541100
2026-08-11,APLD,29.690000534057617,12164500
2026-08-12,APLD,31.149999618530273,18706300
2026-08-13,APLD,30.6200008392334,16117600
2026-08-14,APLD,31.200000762939453,18077200
2026-08-17,APLD,31.18000030517578,13582700
2026-08-18,APLD,28.510000228881836,18093200
2026-08-19,APLD,28.229999542236328,17720100
2026-08-20,APLD,28.649999618530273,13969100
2026-08-21,APLD,27.209999084472656,17942000
2026-08-24,APLD,26.889999389648438,11738500
2026-08-25,APLD,28.850000381469727,13302300
2026-08-26,APLD,26.8700008392334,13311900
2026-08-27,APLD,27.440000534057617,16124800
2026-08-28,APLD,25.34000015258789,19791300
2026-08-31,APLD,25.40999984741211,12020000
2026-09-01,APLD,24.290000915527344,15171000
2026-09-02,APLD,24.90999984741211,16880900
2026-09-03,APLD,25.90999984741211,15966500
2026-09-04,APLD,26.3700008392334,13434200
2025-09-05,LRCX,102.38334655761719,8142000
2025-09-08,LRCX,104.49169158935547,7972700
2025-09-09,LRCX,104.98894500732422,7264300
2025-09-10,LRCX,106.76908111572266,12279400
2025-09-11,LRCX,114.94384765625,20296100
2025-09-12,LRCX,116.31625366210938,11060500
2025-09-15,LRCX,118.55386352539062,9785700
2025-09-16,LRCX,119.80693054199219,9897200
2025-09-17,LRCX,121.22906494140625,10996100
2025-09-18,LRCX,125.62472534179688,13763900
2025-09-19,LRCX,126.22142028808594,24271900
2025-09-22,LRCX,131.47235107421875,13403700
2025-09-23,LRCX,131.203857421875,12051100
2025-09-24,LRCX,127.86571502685547,12435900
2025-09-25,LRCX,127.6763916015625,9621700
2025-09-26,LRCX,127.87568664550781,8789000
2025-09-29,LRCX,130.62588500976562,11015500
2025-09-30,LRCX,133.4259490966797,10328800
2025-10-01,LRCX,142.28448486328125,15549100
2025-10-02,LRCX,146.46961975097656,16417100
2025-10-03,LRCX,145.29379272460938,8970300
2025-10-06,LRCX,148.62196350097656,11217100
2025-10-07,LRCX,139.85313415527344,16549800
2025-10-08,LRCX,142.0353546142578,13695700
2025-10-09,LRCX,140.50082397460938,8102500
2025-10-10,LRCX,130.9049072265625,18749000
2025-10-13,LRCX,137.32211303710938,10048100
2025-10-14,LRCX,137.82034301757812,10509700
2025-10-15,LRCX,144.2674560546875,9722700
2025-10-16,LRCX,141.865966796875,11650300
2025-10-17,LRCX,141.00901794433594,6389800
2025-10-20,LRCX,143.5400390625,8919400
2025-10-21,LRCX,144.52651977539062,8855600
2025-10-22,LRCX,140.74993896484375,16927800
2025-10-23,LRCX,147.01766967773438,13336600
2025-10-24,LRCX,151.1430206298828,10966400
2025-10-27,LRCX,156.34454345703125,13313100
2025-10-28,LRCX,155.06906127929688,7939700
2025-10-29,LRCX,160.10118103027344,12783300
2025-10-30,LRCX,160.4399871826172,10440600
2025-10-31,LRCX,156.90255737304688,9652100
2025-11-03,LRCX,160.669189453125,7302400
2025-11-04,LRCX,155.22848510742188,11211100
2025-11-05,LRCX,164.46568298339844,11130200
2025-11-06,LRCX,161.61581420898438,9640100
2025-11-07,LRCX,158.78587341308594,11609300
2025-11-10,LRCX,165.781005859375,10030600
2025-11-11,LRCX,158.61647033691406,9144600
2025-11-12,LRCX,160.84852600097656,8950000
2025-11-13,LRCX,152.7772216796875,13693700
2025-11-14,LRCX,147.73512268066406,15076100
2025-11-17,LRCX,146.93795776367188,10487800
2025-11-18,LRCX,142.73289489746094,12706700
2025-11-19,LRCX,148.273193359375,9818300
2025-11-20,LRCX,139.09580993652344,13695500
2025-11-21,LRCX,142.1449737548828,14654600
2025-11-24,LRCX,149.84764099121094,23096000
2025-11-25,LRCX,151.39212036132812,9691500
2025-11-26,LRCX,154.5907745361328,8398100
2025-11-28,LRCX,155.4477081298828,4919200
2025-12-01,LRCX,154.2419891357422,7416700
2025-12-02,LRCX,157.62997436523438,10711900
2025-12-03,LRCX,159.44650268554688,9964300
2025-12-04,LRCX,156.79156494140625,8834700
2025-12-05,LRCX,158.3985137939453,7834100
2025-12-08,LRCX,162.4308319091797,10170500
2025-12-09,LRCX,165.4949951171875,8127000
2025-12-10,LRCX,167.94033813476562,9259600
2025-12-11,LRCX,168.38949584960938,10000000
2025-12-12,LRCX,160.21505737304688,11414800
2025-12-15,LRCX,163.9878692626953,10258800
2025-12-16,LRCX,162.9498291015625,8078600
2025-12-17,LRCX,154.68556213378906,12277800
2025-12-18,LRCX,164.38710021972656,14006400
2025-12-19,LRCX,171.94273376464844,38469400
2025-12-22,LRCX,174.9270477294922,11436100
2025-12-23,LRCX,174.82723999023438,6483000
2025-12-24,LRCX,176.9931182861328,2598900
2025-12-26,LRCX,177.73171997070312,5238900
2025-12-29,LRCX,175.535888671875,6663300
2025-12-30,LRCX,173.44985961914062,5670800
2025-12-31,LRCX,170.85479736328125,4935800
2026-01-02,LRCX,184.70843505859375,11957400
2026-01-05,LRCX,194.38999938964844,16268200
2026-01-06,LRCX,206.5668182373047,18787600
2026-01-07,LRCX,202.69419860839844,15121000
2026-01-08,LRCX,200.57823181152344,13928600
2026-01-09,LRCX,217.94515991210938,16758600
2026-01-12,LRCX,219.9812774658203,10749100
2026-01-13,LRCX,213.9727325439453,12737000
2026-01-14,LRCX,208.39334106445312,18187200
2026-01-15,LRCX,217.05685424804688,15249800
2026-01-16,LRCX,222.5364227294922,14392700
2026-01-20,LRCX,221.98748779296875,11601700
2026-01-21,LRCX,227.95611572265625,12454800
2026-01-22,LRCX,220.2807159423828,11958600
2026-01-23,LRCX,217.52597045898438,10156800
2026-01-26,LRCX,222.44659423828125,10625600
2026-01-27,LRCX,238.00698852539062,12005900
2026-01-28,LRCX,239.12486267089844,15630600
2026-01-29,LRCX,247.6985321044922,16801600
2026-01-30,LRCX,233.01649475097656,18352900
2026-02-02,LRCX,237.04879760742188,13299300
2026-02-03,LRCX,229.66287231445312,13500400
2026-02-04,LRCX,209.38145446777344,19608000
2026-02-05,LRCX,212.90475463867188,10928900
2026-02-06,LRCX,230.57113647460938,13848800
2026-02-09,LRCX,228.84442138671875,9976700
2026-02-10,LRCX,226.1794891357422,7909500
2026-02-11,LRCX,234.67332458496094,9555800
2026-02-12,LRCX,230.85060119628906,10662100
2026-02-13,LRCX,235.08253479003906,9905400
2026-02-17,LRCX,235.1324462890625,7368500
2026-02-18,LRCX,239.63388061523438,10095400
2026-02-19,LRCX,236.93902587890625,6384200
2026-02-20,LRCX,244.45469665527344,8601200
2026-02-23,LRCX,241.8097381591797,9488000
2026-02-24,LRCX,243.78598022460938,9087100
2026-02-25,LRCX,249.00604248046875,9835400
2026-02-26,LRCX,238.61582946777344,10700300
2026-02-27,LRCX,233.44566345214844,12988900
2026-03-02,LRCX,230.56114196777344,10294000
2026-03-03,LRCX,216.85723876953125,12442300
2026-03-04,LRCX,222.83303833007812,8614400
2026-03-05,LRCX,214.52886962890625,10241000
2026-03-06,LRCX,199.18968200683594,13597800
2026-03-09,LRCX,211.00135803222656,13421000
2026-03-10,LRCX,215.0784912109375,10699700
2026-03-11,LRCX,218.71592712402344,7160500
2026-03-12,LRCX,209.34254455566406,9932900
2026-03-13,LRCX,212.05062866210938,8906500
2026-03-16,LRCX,219.24554443359375,9533100
2026-03-17,LRCX,226.31057739257812,10043700
2026-03-18,LRCX,224.55181884765625,12478800
2026-03-19,LRCX,233.82528686523438,10101900
2026-03-20,LRCX,228.19924926757812,26176400
2026-03-23,LRCX,233.14576721191406,9506200
2026-03-24,LRCX,238.671875,7388000
2026-03-25,LRCX,233.28565979003906,8330600
2026-03-26,LRCX,211.4710235595703,13460500
2026-03-27,LRCX,211.2611846923828,8503300
2026-03-30,LRCX,199.7892608642578,11921000
2026-03-31,LRCX,213.5095977783203,11725000
2026-04-01,LRCX,221.8537139892578,10697600
2026-04-02,LRCX,218.28623962402344,6805400
2026-04-06,LRCX,220.4946746826172,4031200
2026-04-07,LRCX,224.19207763671875,6818400
2026-04-08,LRCX,246.31649780273438,11023000
2026-04-09,LRCX,258.5778503417969,9757800
2026-04-10,LRCX,263.4743957519531,9124700
2026-04-13,LRCX,267.1318359375,8773600
2026-04-14,LRCX,272.2182312011719,8500600
2026-04-15,LRCX,264.9733581542969,11324200
2026-04-16,LRCX,260.77630615234375,7829400
2026-04-17,LRCX,267.41162109375,8465400
2026-04-20,LRCX,262.9747619628906,5989900
2026-04-21,LRCX,258.1881103515625,7830300
2026-04-22,LRCX,265.3630676269531,9803300
2026-04-23,LRCX,258.37799072265625,12269100
2026-04-24,LRCX,267.59149169921875,12313200
2026-04-27,LRCX,259.287353515625,8095400
2026-04-28,LRCX,251.0531463623047,11499500
2026-04-29,LRCX,248.57489013671875,9585300
2026-04-30,LRCX,257.678466796875,10381100
2026-05-01,LRCX,256.5392761230469,8094500
2026-05-04,LRCX,258.38800048828125,6497400
2026-05-05,LRCX,275.6058349609375,11884000
2026-05-06,LRCX,296.9608154296875,14788600
2026-05-07,LRCX,286.31829833984375,9704500
2026-05-08,LRCX,293.8429870605469,8996700
2026-05-11,LRCX,295.8415832519531,9150000
2026-05-12,LRCX,289.036376953125,9341800
2026-05-13,LRCX,295.2320251464844,8633100
2026-05-14,LRCX,298.9394226074219,6404900
2026-05-15,LRCX,284.51959228515625,9643200
2026-05-18,LRCX,277.7643127441406,8562200
2026-05-19,LRCX,273.18756103515625,8308600
2026-05-20,LRCX,291.8843994140625,8574200
2026-05-21,LRCX,302.0272216796875,9162400
2026-05-22,LRCX,305.13507080078125,7854700
2026-05-26,LRCX,322.4528503417969,9763600
2026-05-27,LRCX,318.7054748535156,8819300
2026-05-28,LRCX,317.7761535644531,8402800
2026-05-29,LRCX,317.9560241699219,10872200
2026-06-01,LRCX,316.8967590332031,8052800
2026-06-02,LRCX,334.1745910644531,8632400
2026-06-03,LRCX,343.4680480957031,8630900
2026-06-04,LRCX,336.1731872558594,8277000
2026-06-05,LRCX,303.0664978027344,13309000
2026-06-08,LRCX,324.22161865234375,11465100
2026-06-09,LRCX,326.9297180175781,14466800
2026-06-10,LRCX,321.5734558105469,14088500
2026-06-11,LRCX,362.2648010253906,14984000
2026-06-12,LRCX,366.5517883300781,9253300
2026-06-15,LRCX,388.646240234375,13459800
2026-06-16,LRCX,369.08001708984375,12054900
2026-06-17,LRCX,374.17999267578125,10900800
2026-06-18,LRCX,389.0400085449219,22686600
2026-06-22,LRCX,409.5400085449219,14638600
2026-06-23,LRCX,371.3299865722656,16065200
2026-06-24,LRCX,374.79998779296875,12016700
2026-06-25,LRCX,401.82000732421875,16824000
2026-06-26,LRCX,379.0899963378906,19733700
2026-06-29,LRCX,410.9100036621094,14049600
2026-06-30,LRCX,433.3299865722656,16885100
2026-07-01,LRCX,391.260009765625,18699300
2026-07-02,LRCX,351.4100036621094,18954700
2026-07-06,LRCX,350.20001220703125,13581700
2026-07-07,LRCX,326.1300048828125,15530600
2026-07-08,LRCX,333.1499938964844,8029400
2026-07-09,LRCX,353.1700134277344,12119700
2026-07-10,LRCX,350.3299865722656,6890900
2026-07-13,LRCX,329.9200134277344,9770500
2026-07-14,LRCX,346.1000061035156,10699100
2026-07-15,LRCX,335.42999267578125,10257300
2026-07-16,LRCX,320.9599914550781,10641300
2026-07-17,LRCX,313.29998779296875,12805700
2026-07-20,LRCX,306.760009765625,8074400
2026-07-21,LRCX,322.0,11936500
2026-07-22,LRCX,319.2900085449219,6344700
2026-07-23,LRCX,319.7799987792969,8106900
2026-07-24,LRCX,305.2099914550781,9278400
2026-07-27,LRCX,291.6099853515625,14117600
2026-07-28,LRCX,269.6099853515625,16097700
2026-07-29,LRCX,252.35000610351562,16103100
2026-07-30,LRCX,297.7200012207031,22085800
2026-07-31,LRCX,293.0199890136719,12561200
2026-08-03,LRCX,294.6099853515625,10010900
2026-08-04,LRCX,317.739990234375,15796600
2026-08-05,LRCX,307.4200134277344,9302000
2026-08-06,LRCX,305.7699890136719,7430400
2026-08-07,LRCX,311.3500061035156,6714100
2026-08-10,LRCX,306.3999938964844,7022800
2026-08-11,LRCX,311.4100036621094,7669400
2026-08-12,LRCX,326.1099853515625,8075600
2026-08-13,LRCX,337.010009765625,8901000
2026-08-14,LRCX,332.3599853515625,7422900
2026-08-17,LRCX,343.8399963378906,8505600
2026-08-18,LRCX,327.9200134277344,10210000
2026-08-19,LRCX,307.1700134277344,10861500
2026-08-20,LRCX,310.5299987792969,6802600
2026-08-21,LRCX,314.0,5940400
2026-08-24,LRCX,310.1700134277344,8608400
2026-08-25,LRCX,314.6600036621094,5018300
2026-08-26,LRCX,312.8800048828125,4113500
2026-08-27,LRCX,318.5799865722656,6555900
2026-08-28,LRCX,301.8999938964844,8057600
2026-08-31,LRCX,301.489990234375,6949300
2026-09-01,LRCX,290.20001220703125,8249700
2026-09-02,LRCX,288.32000732421875,4840600
2026-09-03,LRCX,292.6600036621094,7207100
2026-09-04,LRCX,307.6499938964844,8355500
2025-09-05,ANET,142.85000610351562,9567500
2025-09-08,ANET,140.00999450683594,7925500
2025-09-09,ANET,141.91000366210938,6158500
2025-09-10,ANET,150.72000122070312,19772500
2025-09-11,ANET,153.0399932861328,13666200
2025-09-12,ANET,139.38999938964844,17920400
2025-09-15,ANET,145.42999267578125,12140800
2025-09-16,ANET,142.16000366210938,9382400
2025-09-17,ANET,142.83999633789062,8295400
2025-09-18,ANET,146.66000366210938,6939000
2025-09-19,ANET,149.61000061035156,17810900
2025-09-22,ANET,145.39999389648438,8675200
2025-09-23,ANET,144.08999633789062,8215500
2025-09-24,ANET,142.63999938964844,7035700
2025-09-25,ANET,143.05999755859375,6325300
2025-09-26,ANET,142.5,4867700
2025-09-29,ANET,143.3699951171875,6183600
2025-09-30,ANET,145.7100067138672,5828900
2025-10-01,ANET,149.27000427246094,7820700
2025-10-02,ANET,144.4600067138672,9473800
2025-10-03,ANET,145.5,7178600
2025-10-06,ANET,149.5,7277600
2025-10-07,ANET,145.2899932861328,7348700
2025-10-08,ANET,157.36000061035156,11283400
2025-10-09,ANET,158.22999572753906,8459900
2025-10-10,ANET,154.10000610351562,10459300
2025-10-13,ANET,147.4499969482422,14233900
2025-10-14,ANET,138.7899932861328,13672400
2025-10-15,ANET,143.3800048828125,8687000
2025-10-16,ANET,146.00999450683594,6909500
2025-10-17,ANET,143.10000610351562,6533900
2025-10-20,ANET,146.47999572753906,6120700
2025-10-21,ANET,145.94000244140625,3648900
2025-10-22,ANET,146.58999633789062,7349200
2025-10-23,ANET,152.75999450683594,7327400
2025-10-24,ANET,153.82000732421875,5170800
2025-10-27,ANET,156.80999755859375,5509100
2025-10-28,ANET,156.77000427246094,5037400
2025-10-29,ANET,162.02999877929688,6901400
2025-10-30,ANET,158.44000244140625,6911300
2025-10-31,ANET,157.69000244140625,6209300
2025-11-03,ANET,157.58999633789062,6422600
2025-11-04,ANET,153.5500030517578,9026400
2025-11-05,ANET,140.4199981689453,15901000
2025-11-06,ANET,134.02000427246094,13296100
2025-11-07,ANET,134.64999389648438,11341600
2025-11-10,ANET,137.25999450683594,6974300
2025-11-11,ANET,134.92999267578125,7189300
2025-11-12,ANET,134.97999572753906,6471400
2025-11-13,ANET,130.3000030517578,10471400
2025-11-14,ANET,131.3699951171875,10672500
2025-11-17,ANET,127.26000213623047,12455900
2025-11-18,ANET,123.44999694824219,12561100
2025-11-19,ANET,124.80999755859375,7703500
2025-11-20,ANET,119.58999633789062,12642000
2025-11-21,ANET,117.43000030517578,16704100
2025-11-24,ANET,122.16999816894531,12758600
2025-11-25,ANET,125.04000091552734,7143400
2025-11-26,ANET,127.6500015258789,5995000
2025-11-28,ANET,130.67999267578125,3895000
2025-12-01,ANET,128.11000061035156,4690600
2025-12-02,ANET,127.22000122070312,5619000
2025-12-03,ANET,127.80000305175781,5286300
2025-12-04,ANET,128.5500030517578,4516400
2025-12-05,ANET,128.58999633789062,5166300
2025-12-08,ANET,129.11000061035156,7813800
2025-12-09,ANET,130.0399932861328,5227900
2025-12-10,ANET,132.36000061035156,5921300
2025-12-11,ANET,134.38999938964844,6679500
2025-12-12,ANET,124.76000213623047,8508700
2025-12-15,ANET,125.88999938964844,6441900
2025-12-16,ANET,126.12999725341797,6656100
2025-12-17,ANET,122.36000061035156,8589200
2025-12-18,ANET,124.62000274658203,5515200
2025-12-19,ANET,131.1199951171875,12713100
2025-12-22,ANET,130.72999572753906,5547300
2025-12-23,ANET,131.32000732421875,2884300
2025-12-24,ANET,130.77000427246094,1642400
2025-12-26,ANET,131.83999633789062,2308400
2025-12-29,ANET,134.14999389648438,6199700
2025-12-30,ANET,132.44000244140625,4081100
2025-12-31,ANET,131.02999877929688,3821600
2026-01-02,ANET,133.60000610351562,4707400
2026-01-05,ANET,137.19000244140625,9691900
2026-01-06,ANET,132.5800018310547,8004000
2026-01-07,ANET,130.0800018310547,7550700
2026-01-08,ANET,123.72000122070312,8944200
2026-01-09,ANET,122.88999938964844,8989700
2026-01-12,ANET,123.41999816894531,8795900
2026-01-13,ANET,129.92999267578125,8638900
2026-01-14,ANET,125.08999633789062,7414600
2026-01-15,ANET,130.58999633789062,8562300
2026-01-16,ANET,129.8300018310547,5987000
2026-01-20,ANET,127.5199966430664,6371300
2026-01-21,ANET,127.29000091552734,5931000
2026-01-22,ANET,138.41000366210938,14906700
2026-01-23,ANET,136.33999633789062,8053900
2026-01-26,ANET,143.72000122070312,10658200
2026-01-27,ANET,146.69000244140625,8697000
2026-01-28,ANET,150.14999389648438,8568200
2026-01-29,ANET,148.14999389648438,8915300
2026-01-30,ANET,141.74000549316406,6364000
2026-02-02,ANET,138.3699951171875,7719200
2026-02-03,ANET,139.38999938964844,8202300
2026-02-04,ANET,130.27999877929688,13313800
2026-02-05,ANET,128.6699981689453,9640500
2026-02-06,ANET,137.49000549316406,8986800
2026-02-09,ANET,141.74000549316406,6801400
2026-02-10,ANET,143.4499969482422,6138100
2026-02-11,ANET,140.66000366210938,6942400
2026-02-12,ANET,135.1199951171875,16322100
2026-02-13,ANET,141.58999633789062,21823000
2026-02-17,ANET,142.5800018310547,8724200
2026-02-18,ANET,139.5399932861328,9955700
2026-02-19,ANET,137.22999572753906,5260600
2026-02-20,ANET,132.7899932861328,8309000
2026-02-23,ANET,127.43000030517578,9706800
2026-02-24,ANET,128.77000427246094,8120000
2026-02-25,ANET,132.88999938964844,7611600
2026-02-26,ANET,130.25,6360700
2026-02-27,ANET,133.5,9043300
2026-03-02,ANET,129.3000030517578,6875000
2026-03-03,ANET,124.5999984741211,6119700
2026-03-04,ANET,134.8300018310547,6897700
2026-03-05,ANET,139.39999389648438,8384600
2026-03-06,ANET,132.88999938964844,6282000
2026-03-09,ANET,137.1699981689453,6715200
2026-03-10,ANET,139.6199951171875,5435800
2026-03-11,ANET,138.22999572753906,4165100
2026-03-12,ANET,134.02999877929688,5494200
2026-03-13,ANET,133.57000732421875,5364800
2026-03-16,ANET,135.35000610351562,7884200
2026-03-17,ANET,133.07000732421875,5959000
2026-03-18,ANET,136.07000732421875,5264100
2026-03-19,ANET,136.25999450683594,4418900
2026-03-20,ANET,131.22000122070312,11351600
2026-03-23,ANET,135.8800048828125,6402200
2026-03-24,ANET,130.8000030517578,7858900
2026-03-25,ANET,135.00999450683594,5353300
2026-03-26,ANET,122.55000305175781,7553500
2026-03-27,ANET,120.7699966430664,5940200
2026-03-30,ANET,116.12999725341797,7540500
2026-03-31,ANET,122.77999877929688,7837700
2026-04-01,ANET,124.8499984741211,5037700
2026-04-02,ANET,126.68000030517578,5125100
2026-04-06,ANET,126.25,3033100
2026-04-07,ANET,133.63999938964844,5758000
2026-04-08,ANET,145.07000732421875,12136800
2026-04-09,ANET,146.0500030517578,7266100
2026-04-10,ANET,147.35000610351562,7054100
2026-04-13,ANET,152.02000427246094,7217900
2026-04-14,ANET,154.3699951171875,7114000
2026-04-15,ANET,154.3300018310547,5835300
2026-04-16,ANET,161.00999450683594,7205600
2026-04-17,ANET,164.22999572753906,8216400
2026-04-20,ANET,166.85000610351562,6113300
2026-04-21,ANET,172.86000061035156,8918900
2026-04-22,ANET,177.72999572753906,8699400
2026-04-23,ANET,172.5500030517578,7428000
2026-04-24,ANET,176.91000366210938,7508000
2026-04-27,ANET,172.47000122070312,6782500
2026-04-28,ANET,165.2899932861328,7414100
2026-04-29,ANET,168.67999267578125,6270500
2026-04-30,ANET,172.7100067138672,6141700
2026-05-01,ANET,172.6999969482422,7652400
2026-05-04,ANET,172.6199951171875,7167900
2026-05-05,ANET,170.22000122070312,15684800
2026-05-06,ANET,147.05999755859375,35627200
2026-05-07,ANET,141.75,18255700
2026-05-08,ANET,141.77000427246094,20371600
2026-05-11,ANET,136.42999267578125,18520900
2026-05-12,ANET,142.5399932861328,12796100
2026-05-13,ANET,140.69000244140625,14164600
2026-05-14,ANET,147.80999755859375,15728200
2026-05-15,ANET,141.97000122070312,10833000
2026-05-18,ANET,141.7100067138672,8634500
2026-05-19,ANET,141.5800018310547,8800800
2026-05-20,ANET,140.49000549316406,9617000
2026-05-21,ANET,148.58999633789062,11620600
2026-05-22,ANET,154.02999877929688,10554600
2026-05-26,ANET,158.00999450683594,11835300
2026-05-27,ANET,154.30999755859375,6982200
2026-05-28,ANET,155.27000427246094,7194300
2026-05-29,ANET,159.47000122070312,15385900
2026-06-01,ANET,170.67999267578125,9991500
2026-06-02,ANET,175.3300018310547,9144300
2026-06-03,ANET,174.3699951171875,8069700
2026-06-04,ANET,166.00999450683594,10214000
2026-06-05,ANET,154.27000427246094,9094700
2026-06-08,ANET,156.39999389648438,6043100
2026-06-09,ANET,152.16000366210938,7334100
2026-06-10,ANET,151.75999450683594,6867400
2026-06-11,ANET,156.39999389648438,5326700
2026-06-12,ANET,163.24000549316406,6052500
2026-06-15,ANET,169.08999633789062,7240800
2026-06-16,ANET,168.00999450683594,8090900
2026-06-17,ANET,164.92999267578125,6229500
2026-06-18,ANET,169.6699981689453,11130400
2026-06-22,ANET,174.55999755859375,9494400
2026-06-23,ANET,162.1999969482422,7770100
2026-06-24,ANET,161.74000549316406,6350600
2026-06-25,ANET,165.4499969482422,8231200
2026-06-26,ANET,157.60000610351562,11865200
2026-06-29,ANET,164.10000610351562,8535700
2026-06-30,ANET,169.8800048828125,10281800
2026-07-01,ANET,166.6199951171875,9098200
2026-07-02,ANET,159.99000549316406,9764500
2026-07-06,ANET,173.27999877929688,8509300
2026-07-07,ANET,166.4600067138672,8969200
2026-07-08,ANET,181.0500030517578,11912800
2026-07-09,ANET,184.69000244140625,9932000
2026-07-10,ANET,186.9600067138672,5592500
2026-07-13,ANET,181.14999389648438,9149500
2026-07-14,ANET,182.57000732421875,7566300
2026-07-15,ANET,171.9199981689453,8095900
2026-07-16,ANET,168.55999755859375,8412300
2026-07-17,ANET,168.61000061035156,7560400
2026-07-20,ANET,169.35000610351562,6025900
2026-07-21,ANET,174.5800018310547,6357800
2026-07-22,ANET,174.8699951171875,3342900
2026-07-23,ANET,176.61000061035156,4338800
2026-07-24,ANET,173.99000549316406,4721500
2026-07-27,ANET,170.75999450683594,6023000
2026-07-28,ANET,169.7100067138672,8561600
2026-07-29,ANET,157.97000122070312,8189500
2026-07-30,ANET,171.02000427246094,7284700
2026-07-31,ANET,180.35000610351562,8472300
2026-08-03,ANET,184.88999938964844,8335700
2026-08-04,ANET,190.50999450683594,14097400
2026-08-05,ANET,197.30999755859375,20227000
2026-08-06,ANET,192.32000732421875,7774600
2026-08-07,ANET,188.6699981689453,7208500
2026-08-10,ANET,191.52000427246094,5434100
2026-08-11,ANET,197.85000610351562,6277300
2026-08-12,ANET,210.5,10008600
2026-08-13,ANET,203.6199951171875,7907800
2026-08-14,ANET,198.82000732421875,4707400
2026-08-17,ANET,201.8000030517578,5683900
2026-08-18,ANET,193.17999267578125,8886900
2026-08-19,ANET,186.4499969482422,5740500
2026-08-20,ANET,183.75,4207300
2026-08-21,ANET,188.64999389648438,8123600
2026-08-24,ANET,188.14999389648438,5306400
2026-08-25,ANET,190.94000244140625,4385100
2026-08-26,ANET,202.25,7664600
2026-08-27,ANET,201.08999633789062,4692700
2026-08-28,ANET,195.3800048828125,3063000
2026-08-31,ANET,195.69000244140625,5021700
2026-09-01,ANET,189.25999450683594,4369200
2026-09-02,ANET,186.10000610351562,4363800
2026-09-03,ANET,191.44000244140625,4108500
2026-09-04,ANET,193.77999877929688,4204100
2025-09-05,META,749.9918823242188,9663400
2025-09-08,META,749.8423461914062,13087800
2025-09-09,META,763.1986083984375,10999000
2025-09-10,META,749.5233764648438,12478300
2025-09-11,META,748.4468994140625,7923300
2025-09-12,META,753.1216430664062,8248600
2025-09-15,META,762.2018432617188,10533800
2025-09-16,META,776.4551391601562,11782500
2025-09-17,META,773.1858520507812,9400900
2025-09-18,META,777.7011108398438,10955000
2025-09-19,META,775.837158203125,23696800
2025-09-22,META,763.175048828125,11706900
2025-09-23,META,753.4404296875,10872600
2025-09-24,META,758.686767578125,8828200
2025-09-25,META,746.96728515625,10591100
2025-09-26,META,741.8206787109375,9696300
2025-09-29,META,741.4715576171875,9246800
2025-09-30,META,732.4749755859375,16226800
2025-10-01,META,715.4791870117188,20419600
2025-10-02,META,725.1640014648438,11415300
2025-10-03,META,708.7167358398438,16154300
2025-10-06,META,713.8035278320312,21654700
2025-10-07,META,711.230224609375,12062900
2025-10-08,META,715.9779663085938,10790600
2025-10-09,META,731.607177734375,12717200
2025-10-10,META,703.4703979492188,16980100
2025-10-13,META,713.8433837890625,9251800
2025-10-14,META,706.8117065429688,8829800
2025-10-15,META,715.6886596679688,10246800
2025-10-16,META,710.2228393554688,9017000
2025-10-17,META,715.0602416992188,12232400
2025-10-20,META,730.2706298828125,8900200
2025-10-21,META,731.367919921875,7647300
2025-10-22,META,731.5075073242188,8734500
2025-10-23,META,732.095947265625,9856000
2025-10-24,META,736.4446411132812,9151300
2025-10-27,META,748.872314453125,11321100
2025-10-28,META,749.4906616210938,12193800
2025-10-29,META,749.7200927734375,26818600
2025-10-30,META,664.7410888671875,88440100
2025-10-31,META,646.6681518554688,56953200
2025-11-03,META,636.0557861328125,33003600
2025-11-04,META,625.6926879882812,27356600
2025-11-05,META,634.30029296875,20219900
2025-11-06,META,617.3344116210938,23628800
2025-11-07,META,620.0972900390625,29946800
2025-11-10,META,630.1211547851562,19245000
2025-11-11,META,625.4533081054688,13302200
2025-11-12,META,607.43017578125,24493300
2025-11-13,META,608.3079223632812,20973800
2025-11-14,META,607.8790283203125,20724100
2025-11-17,META,600.4483032226562,16501300
2025-11-18,META,596.1395874023438,25500600
2025-11-19,META,588.7886962890625,24744700
2025-11-20,META,587.6217041015625,20603000
2025-11-21,META,592.70849609375,21052600
2025-11-24,META,611.459716796875,23554900
2025-11-25,META,634.5695190429688,25213000
2025-11-26,META,631.96630859375,15209500
2025-11-28,META,646.2691650390625,11033200
2025-12-01,META,639.2074584960938,13029900
2025-12-02,META,645.4213256835938,11640900
2025-12-03,META,637.9407958984375,11134300
2025-12-04,META,659.81396484375,29874600
2025-12-05,META,671.673095703125,21207900
2025-12-08,META,665.0702514648438,13161000
2025-12-09,META,655.2557983398438,12997100
2025-12-10,META,648.4435424804688,16910900
2025-12-11,META,651.016845703125,13056700
2025-12-12,META,642.5587768554688,14016900
2025-12-15,META,646.3570556640625,15549100
2025-12-16,META,655.9798583984375,14309100
2025-12-17,META,648.343505859375,15598500
2025-12-18,META,663.2669067382812,20260300
2025-12-19,META,657.5969848632812,49977100
2025-12-22,META,660.3220825195312,15659400
2025-12-23,META,663.7559814453125,8486800
2025-12-24,META,666.3613891601562,5627500
2025-12-26,META,662.10888671875,7133800
2025-12-29,META,657.5171508789062,8506500
2025-12-30,META,664.7642211914062,9187500
2025-12-31,META,658.9146728515625,7940400
2026-01-02,META,649.2518920898438,13726500
2026-01-05,META,657.616943359375,12213700
2026-01-06,META,659.4437255859375,11074400
2026-01-07,META,647.5349731445312,12846300
2026-01-08,META,644.9096069335938,11921700
2026-01-09,META,651.8970947265625,11634900
2026-01-12,META,640.826904296875,14797200
2026-01-13,META,629.96630859375,18030400
2026-01-14,META,614.4240112304688,15527900
2026-01-15,META,619.694580078125,13076100
2026-01-16,META,619.1455688476562,17012500
2026-01-20,META,603.0443115234375,15169600
2026-01-21,META,611.8685913085938,14494700
2026-01-22,META,646.476806640625,21394700
2026-01-23,META,657.5870361328125,22797700
2026-01-26,META,671.1627807617188,16327400
2026-01-27,META,671.7716674804688,13297400
2026-01-28,META,667.5392456054688,25709600
2026-01-29,META,736.995361328125,59852900
2026-01-30,META,715.2241821289062,23744600
2026-02-02,META,705.152099609375,14365200
2026-02-03,META,690.4683227539062,13760700
2026-02-04,META,667.7987670898438,16882800
2026-02-05,META,669.0166015625,17131800
2026-02-06,META,660.2822265625,18159300
2026-02-09,META,676.0140991210938,14837500
2026-02-10,META,669.5256958007812,10455800
2026-02-11,META,667.4993286132812,14323800
2026-02-12,META,648.6529541015625,14960100
2026-02-13,META,638.630859375,12336400
2026-02-17,META,638.151611328125,12674700
2026-02-18,META,642.0746459960938,14649200
2026-02-19,META,643.6318969726562,10035700
2026-02-20,META,654.4924926757812,14183500
2026-02-23,META,636.1152954101562,8605900
2026-02-24,META,638.16162109375,10135600
2026-02-25,META,652.5260620117188,11330700
2026-02-26,META,655.8401489257812,10637700
2026-02-27,META,647.02587890625,15703000
2026-03-02,META,652.396240234375,9816100
2026-03-03,META,653.91357421875,12263800
2026-03-04,META,666.541015625,10810100
2026-03-05,META,659.393798828125,13341400
2026-03-06,META,643.7117309570312,13159400
2026-03-09,META,646.2373046875,13489700
2026-03-10,META,652.9053344726562,9859300
2026-03-11,META,653.6939086914062,8977200
2026-03-12,META,637.0436401367188,11617500
2026-03-13,META,612.6171875,18957600
2026-03-16,META,626.8690185546875,15134900
2026-03-17,META,622.0834350585938,10348800
2026-03-18,META,615.1099243164062,11726300
2026-03-19,META,606.1382446289062,13247700
2026-03-20,META,593.1102905273438,21214900
2026-03-23,META,603.5006713867188,13638000
2026-03-24,META,592.3709716796875,10739700
2026-03-25,META,594.3391723632812,12585000
2026-03-26,META,547.032958984375,35780100
2026-03-27,META,525.233154296875,30133000
2026-03-30,META,535.8833618164062,22795200
2026-03-31,META,571.6002197265625,32898300
2026-04-01,META,578.6936645507812,23608100
2026-04-02,META,573.9281005859375,13518500
2026-04-06,META,572.4894409179688,9515700
2026-04-07,META,574.5175170898438,9580800
2026-04-08,META,611.8529052734375,32036600
2026-04-09,META,627.8081665039062,19012900
2026-04-10,META,629.2767333984375,13294800
2026-04-13,META,633.9425048828125,9538900
2026-04-14,META,661.8765258789062,17818000
2026-04-15,META,670.9581909179688,14952600
2026-04-16,META,676.2432250976562,9544800
2026-04-17,META,687.9124145507812,16283500
2026-04-20,META,670.2887573242188,12534000
2026-04-21,META,668.220703125,8660100
2026-04-22,META,674.09521484375,9215600
2026-04-23,META,658.5396728515625,11667000
2026-04-24,META,674.4049682617188,13348300
2026-04-27,META,677.9916381835938,12805200
2026-04-28,META,670.7183837890625,10606800
2026-04-29,META,668.5004272460938,18947500
2026-04-30,META,611.3433837890625,52765000
2026-05-01,META,608.1863403320312,21404000
2026-05-04,META,609.8447875976562,16203900
2026-05-05,META,604.3998413085938,17171300
2026-05-06,META,612.3125,19915500
2026-05-07,META,616.2388305664062,12307400
2026-05-08,META,609.0654907226562,13557000
2026-05-11,META,598.3054809570312,15940600
2026-05-12,META,602.441650390625,11351600
2026-05-13,META,616.0590209960938,14634400
2026-05-14,META,617.8573608398438,10651200
2026-05-15,META,613.6612548828125,13272600
2026-05-18,META,610.64404296875,13772400
2026-05-19,META,602.052001953125,11749900
2026-05-20,META,604.499755859375,11329700
2026-05-21,META,606.8175659179688,13476100
2026-05-22,META,609.6949462890625,11688600
2026-05-26,META,611.7730102539062,12234200
2026-05-27,META,634.6718139648438,23143600
2026-05-28,META,634.7017211914062,16772400
2026-05-29,META,631.92431640625,19806500
2026-06-01,META,599.9139404296875,29138800
2026-06-02,META,597.0765991210938,18252000
2026-06-03,META,622.4031372070312,23020100
2026-06-04,META,626.9888916015625,21469200
2026-06-05,META,592.450927734375,30091600
2026-06-08,META,584.8479614257812,19512400
2026-06-09,META,584.0487060546875,16977400
2026-06-10,META,570.4512939453125,17064000
2026-06-11,META,567.9036254882812,17628000
2026-06-12,META,566.4549560546875,14326400
2026-06-15,META,593.47998046875,17653300
2026-06-16,META,600.2100219726562,11344400
2026-06-17,META,567.5800170898438,20478300
2026-06-18,META,577.219970703125,28824600
2026-06-22,META,563.8499755859375,15405500
2026-06-23,META,562.2000122070312,13103300
2026-06-24,META,557.6699829101562,13963600
2026-06-25,META,542.8699951171875,16968600
2026-06-26,META,550.25,18867700
2026-06-29,META,562.5999755859375,15011400
2026-06-30,META,563.2899780273438,18111100
2026-07-01,META,612.9099731445312,45536300
2026-07-02,META,582.9000244140625,21705900
2026-07-06,META,600.2899780273438,17674100
2026-07-07,META,615.5800170898438,18560800
2026-07-08,META,603.1199951171875,13606500
2026-07-09,META,631.47998046875,26579700
2026-07-10,META,669.2100219726562,40608900
2026-07-13,META,656.72998046875,19840700
2026-07-14,META,661.0399780273438,16748200
2026-07-15,META,681.3099975585938,19003400
2026-07-16,META,664.5399780273438,15816000
2026-07-17,META,646.010009765625,22267900
2026-07-20,META,645.8499755859375,10225200
2026-07-21,META,643.8099975585938,9140500
2026-07-22,META,627.1699829101562,11019600
2026-07-23,META,606.0999755859375,15494800
2026-07-24,META,595.1900024414062,11503500
2026-07-27,META,593.8699951171875,11195300
2026-07-28,META,593.4099731445312,12009300
2026-07-29,META,585.6099853515625,22371100
2026-07-30,META,539.030029296875,42271500
2026-07-31,META,556.7100219726562,24261500
2026-08-03,META,590.239990234375,25938100
2026-08-04,META,587.9400024414062,17959200
2026-08-05,META,588.77001953125,14897200
2026-08-06,META,589.9000244140625,11811500
2026-08-07,META,592.0999755859375,11250300
2026-08-10,META,594.9199829101562,14967300
2026-08-11,META,599.1199951171875,13146900
2026-08-12,META,578.8499755859375,16186900
2026-08-13,META,594.969970703125,11164200
2026-08-14,META,589.8499755859375,8758000
2026-08-17,META,568.969970703125,17225600
2026-08-18,META,543.6699829101562,27094900
2026-08-19,META,546.030029296875,16971700
2026-08-20,META,545.8300170898438,13872200
2026-08-21,META,549.9000244140625,13848000
2026-08-24,META,559.02001953125,12990600
2026-08-25,META,570.0499877929688,9769100
2026-08-26,META,576.1400146484375,31416300
2026-08-27,META,571.0999755859375,15221400
2026-08-28,META,578.02001953125,16042400
2026-08-31,META,572.3400268554688,13383800
2026-09-01,META,578.5399780273438,15796900
2026-09-02,META,592.8499755859375,16552700
2026-09-03,META,610.6799926757812,19737100
2026-09-04,META,616.77001953125,15942700
2025-09-05,VST,187.0189666748047,5199600
2025-09-08,VST,187.02890014648438,4153400
2025-09-09,VST,192.76881408691406,4451700
2025-09-10,VST,208.11830139160156,9715800
2025-09-11,VST,202.9852294921875,4408900
2025-09-12,VST,208.60574340820312,3824900
2025-09-15,VST,212.4058074951172,4750600
2025-09-16,VST,208.33714294433594,3828400
2025-09-17,VST,207.22299194335938,3468100
2025-09-18,VST,209.06332397460938,3589600
2025-09-19,VST,210.40374755859375,9188500
2025-09-22,VST,217.01622009277344,4819500
2025-09-23,VST,203.3929443359375,6525200
2025-09-24,VST,201.22198486328125,3844400
2025-09-25,VST,200.7838134765625,4262600
2025-09-26,VST,206.360595703125,3096200
2025-09-29,VST,197.11907958984375,8373900
2025-09-30,VST,195.1074676513672,5828400
2025-10-01,VST,200.6742706298828,5387700
2025-10-02,VST,201.80953979492188,4224200
2025-10-03,VST,201.1522979736328,5306900
2025-10-06,VST,199.57882690429688,6019800
2025-10-07,VST,198.79209899902344,2865800
2025-10-08,VST,205.69337463378906,3706000
2025-10-09,VST,209.1290740966797,3796100
2025-10-10,VST,196.04356384277344,4388200
2025-10-13,VST,208.68093872070312,3868800
2025-10-14,VST,204.65768432617188,3088200
2025-10-15,VST,209.9755401611328,5412000
2025-10-16,VST,209.5273895263672,3562200
2025-10-17,VST,200.5149383544922,4004700
2025-10-20,VST,193.43443298339844,4058400
2025-10-21,VST,185.74644470214844,5781700
2025-10-22,VST,185.05931091308594,5344400
2025-10-23,VST,190.57632446289062,3033700
2025-10-24,VST,200.63442993164062,4787500
2025-10-27,VST,198.47344970703125,4539500
2025-10-28,VST,189.799560546875,9390500
2025-10-29,VST,198.5431365966797,6158900
2025-10-30,VST,188.9232177734375,3805400
2025-10-31,VST,187.51905822753906,4231300
2025-11-03,VST,192.23939514160156,3585000
2025-11-04,VST,184.9696807861328,3805000
2025-11-05,VST,188.6045379638672,3547000
2025-11-06,VST,183.85430908203125,6543600
2025-11-07,VST,190.20785522460938,5805300
2025-11-10,VST,187.4991455078125,4273700
2025-11-11,VST,178.41696166992188,4542600
2025-11-12,VST,177.53067016601562,4252100
2025-11-13,VST,170.84848022460938,5467400
2025-11-14,VST,173.9654998779297,5484400
2025-11-17,VST,174.2742156982422,3108600
2025-11-18,VST,173.69662475585938,3279100
2025-11-19,VST,178.3970489501953,3384400
2025-11-20,VST,173.0692138671875,4271500
2025-11-21,VST,167.89080810546875,6303800
2025-11-24,VST,174.41363525390625,5750900
2025-11-25,VST,170.1314697265625,3865100
2025-11-26,VST,176.06675720214844,2937800
2025-11-28,VST,178.1182098388672,1908400
2025-12-01,VST,172.91986083984375,3251000
2025-12-02,VST,171.83438110351562,3029200
2025-12-03,VST,170.9381103515625,2492600
2025-12-04,VST,175.33978271484375,3408700
2025-12-05,VST,166.47669982910156,4524300
2025-12-08,VST,165.4310302734375,4230200
2025-12-09,VST,164.12648010253906,3939500
2025-12-10,VST,164.4849853515625,5778100
2025-12-11,VST,173.87586975097656,6197100
2025-12-12,VST,169.39456176757812,5870200
2025-12-15,VST,167.55221557617188,4287400
2025-12-16,VST,172.7306365966797,4190100
2025-12-17,VST,159.30654907226562,6902900
2025-12-18,VST,165.48085021972656,7652500
2025-12-19,VST,162.35386657714844,7141800
2025-12-22,VST,161.124267578125,4379200
2025-12-23,VST,161.22398376464844,3772000
2025-12-24,VST,161.51319885253906,1342200
2025-12-26,VST,161.22398376464844,2317500
2025-12-29,VST,161.3935089111328,2856100
2025-12-30,VST,162.17135620117188,2220600
2025-12-31,VST,160.88491821289062,1845100
2026-01-02,VST,164.774169921875,3838400
2026-01-05,VST,162.48049926757812,4385200
2026-01-06,VST,169.0623016357422,6577500
2026-01-07,VST,154.17349243164062,9433200
2026-01-08,VST,150.18453979492188,6866800
2026-01-09,VST,165.9110107421875,14316000
2026-01-12,VST,172.10389709472656,7189100
2026-01-13,VST,170.94708251953125,5430300
2026-01-14,VST,168.50384521484375,3888200
2026-01-15,VST,179.6829071044922,7116800
2026-01-16,VST,166.140380859375,13330600
2026-01-20,VST,156.37738037109375,7599100
2026-01-21,VST,159.5785369873047,6651300
2026-01-22,VST,159.91758728027344,4176200
2026-01-23,VST,159.67825317382812,4475800
2026-01-26,VST,158.3718719482422,3953100
2026-01-27,VST,163.80682373046875,3622100
2026-01-28,VST,165.1830291748047,4263800
2026-01-29,VST,162.1314697265625,4798800
2026-01-30,VST,157.91314697265625,3810800
2026-02-02,VST,153.8344268798828,5506900
2026-02-03,VST,152.57791137695312,4375800
2026-02-04,VST,142.12681579589844,13329800
2026-02-05,VST,142.67530822753906,7112900
2026-02-06,VST,149.2371368408203,7406400
2026-02-09,VST,152.54798889160156,5097000
2026-02-10,VST,159.15969848632812,9074400
2026-02-11,VST,159.70816040039062,4279300
2026-02-12,VST,162.65005493164062,7493800
2026-02-13,VST,171.01690673828125,5967900
2026-02-17,VST,173.20083618164062,4655500
2026-02-18,VST,170.0994415283203,3622700
2026-02-19,VST,172.02410888671875,3154700
2026-02-20,VST,170.92713928222656,3879800
2026-02-23,VST,167.33706665039062,4133200
2026-02-24,VST,171.1465301513672,4375300
2026-02-25,VST,174.87620544433594,4810200
2026-02-26,VST,176.3321990966797,7746200
2026-02-27,VST,173.4102783203125,5494900
2026-03-02,VST,165.53207397460938,5138100
2026-03-03,VST,161.25390625,6653900
2026-03-04,VST,162.90933227539062,4677700
2026-03-05,VST,166.93817138671875,4946400
2026-03-06,VST,158.21231079101562,5625400
2026-03-09,VST,163.16859436035156,4109000
2026-03-10,VST,163.9464569091797,4148000
2026-03-11,VST,158.72091674804688,6074600
2026-03-12,VST,159.13975524902344,4053200
2026-03-13,VST,158.511474609375,3679600
2026-03-16,VST,161.54310607910156,2775200
2026-03-17,VST,163.87664794921875,2065300
2026-03-18,VST,169.65066528320312,3685300
2026-03-19,VST,166.90826416015625,3106700
2026-03-20,VST,145.8157958984375,11109500
2026-03-23,VST,151.07843017578125,5338500
2026-03-24,VST,152.5064239501953,3995500
2026-03-25,VST,151.29811096191406,3512900
2026-03-26,VST,152.08702087402344,4437900
2026-03-27,VST,155.2625732421875,4554500
2026-03-30,VST,147.3336639404297,4734900
2026-03-31,VST,150.11976623535156,5402200
2026-04-01,VST,153.7447052001953,3782800
2026-04-02,VST,150.9685821533203,2950300
2026-04-06,VST,151.3780059814453,2309800
2026-04-07,VST,153.46507263183594,2229100
2026-04-08,VST,155.6719970703125,4320600
2026-04-09,VST,152.53639221191406,4103200
2026-04-10,VST,154.51361083984375,2900900
2026-04-13,VST,157.978759765625,4458600
2026-04-14,VST,163.74069213867188,3767300
2026-04-15,VST,162.71214294433594,3098300
2026-04-16,VST,165.2985076904297,3126000
2026-04-17,VST,163.23141479492188,4104300
2026-04-20,VST,159.37681579589844,2924100
2026-04-21,VST,154.69337463378906,3748800
2026-04-22,VST,155.57212829589844,2642200
2026-04-23,VST,156.6306610107422,3272600
2026-04-24,VST,164.12017822265625,3481400
2026-04-27,VST,166.3470458984375,4577600
2026-04-28,VST,160.89468383789062,5205600
2026-04-29,VST,153.57492065429688,4992800
2026-04-30,VST,157.6192626953125,3954800
2026-05-01,VST,155.06285095214844,3144000
2026-05-04,VST,160.62506103515625,4209300
2026-05-05,VST,160.1557159423828,3567200
2026-05-06,VST,158.06863403320312,8214800
2026-05-07,VST,153.73471069335938,7895800
2026-05-08,VST,147.513427734375,8074500
2026-05-11,VST,151.83737182617188,5905400
2026-05-12,VST,146.66461181640625,4904300
2026-05-13,VST,142.4105682373047,6385400
2026-05-14,VST,141.70155334472656,5117100
2026-05-15,VST,139.4846649169922,6632200
2026-05-18,VST,136.5587615966797,6321800
2026-05-19,VST,134.52162170410156,5860700
2026-05-20,VST,143.7986297607422,7901600
2026-05-21,VST,148.87152099609375,4621400
2026-05-22,VST,156.0514678955078,8062500
2026-05-26,VST,164.32986450195312,8511800
2026-05-27,VST,159.92604064941406,4896900
2026-05-28,VST,160.0558624267578,3598000
2026-05-29,VST,160.00592041015625,3781200
2026-06-01,VST,154.54356384277344,4322700
2026-06-02,VST,157.74908447265625,4544900
2026-06-03,VST,153.5849151611328,3884900
2026-06-04,VST,153.4850616455078,2969400
2026-06-05,VST,148.5519561767578,3673400
2026-06-08,VST,146.69456481933594,3327700
2026-06-09,VST,146.01551818847656,4059000
2026-06-10,VST,138.34625244140625,5195000
2026-06-11,VST,146.17530822753906,5127400
2026-06-12,VST,147.81300354003906,4573500
2026-06-15,VST,153.30531311035156,4455200
2026-06-16,VST,158.38819885253906,4942900
2026-06-17,VST,158.60787963867188,4490400
2026-06-18,VST,163.52101135253906,7976300
2026-06-22,VST,167.25999450683594,4971200
2026-06-23,VST,162.38999938964844,3855400
2026-06-24,VST,162.8699951171875,3722600
2026-06-25,VST,167.77000427246094,3633200
2026-06-26,VST,163.49000549316406,5487400
2026-06-29,VST,162.3800048828125,2814800
2026-06-30,VST,158.6300048828125,4182000
2026-07-01,VST,153.16000366210938,5090100
2026-07-02,VST,151.0500030517578,4254100
2026-07-06,VST,157.22000122070312,3395800
2026-07-07,VST,155.72999572753906,3027300
2026-07-08,VST,154.82000732421875,3605700
2026-07-09,VST,157.97999572753906,2907500
2026-07-10,VST,158.86000061035156,2996000
2026-07-13,VST,158.1199951171875,3613300
2026-07-14,VST,158.42999267578125,5415600
2026-07-15,VST,160.22999572753906,5504500
2026-07-16,VST,152.55999755859375,7070000
2026-07-17,VST,155.44000244140625,4441000
2026-07-20,VST,157.99000549316406,3256700
2026-07-21,VST,162.3300018310547,3721400
2026-07-22,VST,166.74000549316406,2971500
2026-07-23,VST,168.97999572753906,2538200
2026-07-24,VST,163.3800048828125,2553500
2026-07-27,VST,157.0800018310547,4478000
2026-07-28,VST,148.63999938964844,5857500
2026-07-29,VST,142.80999755859375,4925900
2026-07-30,VST,148.6199951171875,4599600
2026-07-31,VST,148.19000244140625,4390700
2026-08-03,VST,155.94000244140625,4022300
2026-08-04,VST,143.22999572753906,11503000
2026-08-05,VST,140.5800018310547,6091500
2026-08-06,VST,141.3800048828125,5422800
2026-08-07,VST,140.58999633789062,7860700
2026-08-10,VST,142.8699951171875,4609100
2026-08-11,VST,144.9199981689453,3356800
2026-08-12,VST,146.67999267578125,2680000
2026-08-13,VST,146.39999389648438,2839700
2026-08-14,VST,148.1300048828125,3040000
2026-08-17,VST,146.11000061035156,4037700
2026-08-18,VST,140.52000427246094,4310800
2026-08-19,VST,142.6999969482422,4322300
2026-08-20,VST,138.94000244140625,3737000
2026-08-21,VST,136.2100067138672,5095600
2026-08-24,VST,135.66000366210938,5193900
2026-08-25,VST,139.02999877929688,4036000
2026-08-26,VST,140.02999877929688,3428500
2026-08-27,VST,139.80999755859375,2966200
2026-08-28,VST,137.08999633789062,3074100
2026-08-31,VST,137.3699951171875,4146600
2026-09-01,VST,138.0800018310547,4288600
2026-09-02,VST,143.4600067138672,4766100
2026-09-03,VST,144.22000122070312,4321900
2026-09-04,VST,149.3000030517578,4599200
2025-09-05,QQQ,573.298828125,68342500
2025-09-08,QQQ,576.095458984375,46371400
2025-09-09,QQQ,577.7275390625,44007600
2025-09-10,QQQ,577.9166259765625,49308000
2025-09-11,QQQ,581.2803955078125,44745800
2025-09-12,QQQ,583.8480224609375,50745900
2025-09-15,QQQ,588.843994140625,44360300
2025-09-16,QQQ,588.3463745117188,36942100
2025-09-17,QQQ,587.172119140625,69384800
2025-09-18,QQQ,592.466552734375,61069300
2025-09-19,QQQ,596.4771728515625,58196100
2025-09-22,QQQ,600.0083618164062,57154800
2025-09-23,QQQ,596.02294921875,64635500
2025-09-24,QQQ,593.9305419921875,49850300
2025-09-25,QQQ,591.3699340820312,70920200
2025-09-26,QQQ,593.801025390625,54337400
2025-09-29,QQQ,596.5509643554688,48332900
2025-09-30,QQQ,598.1849975585938,46533800
2025-10-01,QQQ,601.0545043945312,46899600
2025-10-02,QQQ,603.5255126953125,43765400
2025-10-03,QQQ,600.9848022460938,46482100
2025-10-06,QQQ,605.498291015625,41962100
2025-10-07,QQQ,602.3099975585938,58209500
2025-10-08,QQQ,609.2147216796875,50629800
2025-10-09,QQQ,608.4774169921875,45551000
2025-10-10,QQQ,587.3546142578125,97614800
2025-10-13,QQQ,599.8190307617188,65872600
2025-10-14,QQQ,595.8236694335938,69203200
2025-10-15,QQQ,600.0282592773438,62805500
2025-10-16,QQQ,597.806396484375,70982000
2025-10-17,QQQ,601.7320556640625,72024900
2025-10-20,QQQ,609.3143310546875,45761700
2025-10-21,QQQ,609.1549682617188,44538200
2025-10-22,QQQ,603.286376953125,61478800
2025-10-23,QQQ,608.35791015625,42844300
2025-10-24,QQQ,614.8541259765625,47632500
2025-10-27,QQQ,625.80419921875,54098600
2025-10-28,QQQ,630.6165161132812,61195700
2025-10-29,QQQ,633.4561767578125,67422800
2025-10-30,QQQ,623.7715454101562,61628600
2025-10-31,QQQ,626.780517578125,66305100
2025-11-03,QQQ,629.7796020507812,37154300
2025-11-04,QQQ,616.996337890625,63830800
2025-11-05,QQQ,621.0116577148438,48688500
2025-11-06,QQQ,609.4439086914062,72115100
2025-11-07,QQQ,607.5209350585938,81835400
2025-11-10,QQQ,620.9617919921875,55919900
2025-11-11,QQQ,619.307861328125,44868800
2025-11-12,QQQ,618.8197021484375,47444400
2025-11-13,QQQ,606.1858520507812,71333600
2025-11-14,QQQ,606.64404296875,80087300
2025-11-17,QQQ,601.4630126953125,63850400
2025-11-18,QQQ,594.1397705078125,83327300
2025-11-19,QQQ,597.686767578125,73111500
2025-11-20,QQQ,583.5385131835938,117743200
2025-11-21,QQQ,587.9224853515625,103344200
2025-11-24,QQQ,602.9575805664062,60168100
2025-11-25,QQQ,606.6740112304688,57560900
2025-11-26,QQQ,612.034423828125,42393600
2025-11-28,QQQ,616.996337890625,23034400
2025-12-01,QQQ,614.923828125,40957600
2025-12-02,QQQ,619.7362670898438,54541800
2025-12-03,QQQ,621.2507934570312,47841600
2025-12-04,QQQ,620.6729125976562,47067800
2025-12-05,QQQ,623.20361328125,53614200
2025-12-08,QQQ,622.0079956054688,43462400
2025-12-09,QQQ,622.775146484375,37156000
2025-12-10,QQQ,625.3258666992188,55031400
2025-12-11,QQQ,623.3032836914062,58272800
2025-12-12,QQQ,611.3867797851562,75158700
2025-12-15,QQQ,608.3179931640625,49538200
2025-12-16,QQQ,609.5235595703125,55152800
2025-12-17,QQQ,598.2247924804688,70654300
2025-12-18,QQQ,606.8931884765625,78875800
2025-12-19,QQQ,614.8043212890625,60369800
2025-12-22,QQQ,617.7513427734375,43703100
2025-12-23,QQQ,620.6444702148438,41120400
2025-12-24,QQQ,622.460205078125,18468700
2025-12-26,QQQ,622.4203491210938,28959800
2025-12-29,QQQ,619.4074096679688,32458300
2025-12-30,QQQ,617.9707641601562,31226800
2025-12-31,QQQ,612.8628540039062,40746500
2026-01-02,QQQ,611.6756591796875,61859200
2026-01-05,QQQ,616.5341796875,46828400
2026-01-06,QQQ,621.951416015625,43137500
2026-01-07,QQQ,622.550048828125,44880300
2026-01-08,QQQ,619.0083618164062,50435900
2026-01-09,QQQ,625.173828125,49688700
2026-01-12,QQQ,625.6925659179688,37388700
2026-01-13,QQQ,624.7647705078125,44481400
2026-01-14,QQQ,618.0905151367188,72598700
2026-01-15,QQQ,620.3153076171875,53934900
2026-01-16,QQQ,619.7965087890625,61058100
2026-01-20,QQQ,606.6276245117188,81988900
2026-01-21,QQQ,614.8282470703125,79837900
2026-01-22,QQQ,619.2976684570312,42254800
2026-01-23,QQQ,621.2530517578125,43645800
2026-01-26,QQQ,623.9866333007812,35983000
2026-01-27,QQQ,629.6432495117188,38997200
2026-01-28,QQQ,631.728271484375,50691700
2026-01-29,QQQ,627.9472045898438,79944000
2026-01-30,QQQ,620.405029296875,65650700
2026-02-02,QQQ,624.6650390625,49020300
2026-02-03,QQQ,615.0676879882812,81234000
2026-02-04,QQQ,604.322998046875,81850700
2026-02-05,QQQ,595.6235961914062,89354500
2026-02-06,QQQ,608.2138671875,78019300
2026-02-09,QQQ,612.8728637695312,56797600
2026-02-10,QQQ,610.029541015625,53938900
2026-02-11,QQQ,611.6657104492188,58575100
2026-02-12,QQQ,599.22509765625,81378900
2026-02-13,QQQ,600.5020141601562,69237500
2026-02-17,QQQ,599.8834838867188,69013800
2026-02-18,QQQ,604.3629760742188,64250700
2026-02-19,QQQ,602.04833984375,60960800
2026-02-20,QQQ,607.3757934570312,74127300
2026-02-23,QQQ,599.9932250976562,63859100
2026-02-24,QQQ,606.4380493164062,55023700
2026-02-25,QQQ,615.227294921875,55710700
2026-02-26,QQQ,607.8048095703125,96178900
2026-02-27,QQQ,605.8594360351562,68125200
2026-03-02,QQQ,606.6575317382812,75264600
2026-03-03,QQQ,600.162841796875,97015500
2026-03-04,QQQ,609.3112182617188,70943900
2026-03-05,QQQ,607.4755859375,89602400
2026-03-06,QQQ,598.337158203125,86302300
2026-03-09,QQQ,606.3283081054688,93068200
2026-03-10,QQQ,606.3383178710938,64078900
2026-03-11,QQQ,606.2584228515625,60114800
2026-03-12,QQQ,595.85302734375,71836600
2026-03-13,QQQ,592.3213500976562,63145500
2026-03-16,QQQ,598.9656982421875,49077200
2026-03-17,QQQ,601.8887939453125,47106600
2026-03-18,QQQ,593.4986572265625,56128000
2026-03-19,QQQ,591.623046875,75597600
2026-03-20,QQQ,580.6888427734375,91964700
2026-03-23,QQQ,587.3545532226562,89936100
2026-03-24,QQQ,583.3389282226562,57750900
2026-03-25,QQQ,587.1747436523438,60475500
2026-03-26,QQQ,573.1600952148438,81492100
2026-03-27,QQQ,561.9624633789062,82702200
2026-03-30,QQQ,557.6671752929688,70602600
2026-03-31,QQQ,576.54638671875,95878000
2026-04-01,QQQ,583.6685791015625,79435100
2026-04-02,QQQ,584.3378295898438,50941700
2026-04-06,QQQ,587.85400390625,35108500
2026-04-07,QQQ,587.9439086914062,49948200
2026-04-08,QQQ,605.4246826171875,63086000
2026-04-09,QQQ,609.5202026367188,37837500
2026-04-10,QQQ,610.3992309570312,34038500
2026-04-13,QQQ,616.7122802734375,32972100
2026-04-14,QQQ,627.909912109375,49921100
2026-04-15,QQQ,636.7003173828125,50102400
2026-04-16,QQQ,639.7669067382812,42320600
2026-04-17,QQQ,648.1376953125,53488900
2026-04-20,QQQ,646.0799560546875,37138500
2026-04-21,QQQ,643.6226806640625,39580500
2026-04-22,QQQ,654.390869140625,37368400
2026-04-23,QQQ,650.7048950195312,40099800
2026-04-24,QQQ,663.1512451171875,45563100
2026-04-27,QQQ,663.5008544921875,32717000
2026-04-28,QQQ,656.8281860351562,34147900
2026-04-29,QQQ,660.84375,31724900
2026-04-30,QQQ,667.0069580078125,40622200
2026-05-01,QQQ,673.4099731445312,39172600
2026-05-04,QQQ,672.141357421875,34542000
2026-05-05,QQQ,680.8617553710938,37101100
2026-05-06,QQQ,695.0062255859375,38778500
2026-05-07,QQQ,694.1771240234375,43779100
2026-05-08,QQQ,710.44921875,44320400
2026-05-11,QQQ,712.5069580078125,36019100
2026-05-12,QQQ,706.463623046875,45873000
2026-05-13,QQQ,713.9254760742188,40012500
2026-05-14,QQQ,718.9998168945312,33327500
2026-05-15,QQQ,708.1517944335938,51792700
2026-05-18,QQQ,705.1051025390625,49834500
2026-05-19,QQQ,700.7599487304688,46827500
2026-05-20,QQQ,712.3671875,36779200
2026-05-21,QQQ,713.7256469726562,36415400
2026-05-22,QQQ,716.7523193359375,33118600
2026-05-26,QQQ,729.4783935546875,34254700
2026-05-27,QQQ,728.6492919921875,35148700
2026-05-28,QQQ,734.79248046875,32840000
2026-05-29,QQQ,737.49951171875,37541700
2026-06-01,QQQ,741.9246826171875,33890600
2026-06-02,QQQ,745.3408813476562,30085200
2026-06-03,QQQ,743.39306640625,40270200
2026-06-04,QQQ,739.7969970703125,40782600
2026-06-05,QQQ,704.2860107421875,99606600
2026-06-08,QQQ,715.283935546875,47401500
2026-06-09,QQQ,707.052978515625,91932200
2026-06-10,QQQ,692.9285278320312,65334300
2026-06-11,QQQ,716.332763671875,71798900
2026-06-12,QQQ,720.5481567382812,51168400
2026-06-15,QQQ,743.1832885742188,46710200
2026-06-16,QQQ,729.0587768554688,45348700
2026-06-17,QQQ,721.7168579101562,51669300
2026-06-18,QQQ,739.8070068359375,50154600
2026-06-22,QQQ,737.9500122070312,43518600
2026-06-23,QQQ,713.6500244140625,53354200
2026-06-24,QQQ,710.6199951171875,52480400
2026-06-25,QQQ,716.3800048828125,49668000
2026-06-26,QQQ,706.52001953125,47081800
2026-06-29,QQQ,724.0800170898438,44939100
2026-06-30,QQQ,736.4000244140625,42121800
2026-07-01,QQQ,725.1699829101562,40803800
2026-07-02,QQQ,712.5999755859375,50959800
2026-07-06,QQQ,722.8200073242188,30220400
2026-07-07,QQQ,709.4299926757812,42483100
2026-07-08,QQQ,711.4400024414062,35603200
2026-07-09,QQQ,723.280029296875,33654700
2026-07-10,QQQ,725.510009765625,26415900
2026-07-13,QQQ,711.739990234375,36552400
2026-07-14,QQQ,719.6900024414062,29448100
2026-07-15,QQQ,717.739990234375,32627600
2026-07-16,QQQ,705.9400024414062,39402000
2026-07-17,QQQ,695.3300170898438,54109300
2026-07-20,QQQ,696.0599975585938,29687600
2026-07-21,QQQ,708.969970703125,33728300
2026-07-22,QQQ,705.3499755859375,23692200
2026-07-23,QQQ,691.9600219726562,44028600
2026-07-24,QQQ,684.22998046875,42876700
2026-07-27,QQQ,682.1199951171875,42681500
2026-07-28,QQQ,675.489990234375,51398700
2026-07-29,QQQ,661.72998046875,57233300
2026-07-30,QQQ,683.5499877929688,66753700
2026-07-31,QQQ,687.989990234375,50540500
2026-08-03,QQQ,700.0700073242188,44965100
2026-08-04,QQQ,723.8499755859375,59778600
2026-08-05,QQQ,717.2999877929688,33540200
2026-08-06,QQQ,714.6500244140625,33035900
2026-08-07,QQQ,723.030029296875,31070400
2026-08-10,QQQ,720.8699951171875,26243200
2026-08-11,QQQ,718.4500122070312,29286100
2026-08-12,QQQ,723.7000122070312,29066000
2026-08-13,QQQ,732.0700073242188,31599700
2026-08-14,QQQ,731.0700073242188,23790600
2026-08-17,QQQ,729.8699951171875,26452600
2026-08-18,QQQ,717.510009765625,48997200
2026-08-19,QQQ,716.0800170898438,35801700
2026-08-20,QQQ,710.9299926757812,33396400
2026-08-21,QQQ,713.4400024414062,33399400
2026-08-24,QQQ,706.3200073242188,37443100
2026-08-25,QQQ,710.719970703125,23869600
2026-08-26,QQQ,711.3699951171875,20392400
2026-08-27,QQQ,721.1099853515625,28723500
2026-08-28,QQQ,716.4299926757812,34105400
2026-08-31,QQQ,716.760009765625,32237200
2026-09-01,QQQ,707.6400146484375,35236100
2026-09-02,QQQ,709.239990234375,23476200
2026-09-03,QQQ,717.6699829101562,29449800
2026-09-04,QQQ,718.9600219726562,32784600
2025-09-05,MU,131.1594696044922,28416000
2025-09-08,MU,131.2493438720703,19492600
2025-09-09,MU,135.02328491210938,20705000
2025-09-10,MU,139.77565002441406,25791300
2025-09-11,MU,150.3287353515625,52446400
2025-09-12,MU,156.97805786132812,32288300
2025-09-15,MU,157.51718139648438,20101400
2025-09-16,MU,158.5655059814453,16911600
2025-09-17,MU,159.733642578125,18843600
2025-09-18,MU,168.61935424804688,28212800
2025-09-19,MU,162.46922302246094,37309900
2025-09-22,MU,164.35618591308594,25851200
2025-09-23,MU,166.14334106445312,43316500
2025-09-24,MU,161.45086669921875,57096400
2025-09-25,MU,156.57870483398438,32209200
2025-09-26,MU,157.01795959472656,24045000
2025-09-29,MU,163.63735961914062,26506500
2025-09-30,MU,167.0518798828125,20092500
2025-10-01,MU,181.85809326171875,41674800
2025-10-02,MU,183.45553588867188,25122200
2025-10-03,MU,187.64645385742188,29399300
2025-10-06,MU,190.7733917236328,36392300
2025-10-07,MU,185.508544921875,27828200
2025-10-08,MU,196.34793090820312,26833900
2025-10-09,MU,192.1420440673828,19721500
2025-10-10,MU,181.4225311279297,26990300
2025-10-13,MU,192.5816192626953,20928400
2025-10-14,MU,186.87718200683594,15912400
2025-10-15,MU,191.75242614746094,17793100
2025-10-16,MU,202.33209228515625,42041300
2025-10-17,MU,202.18223571777344,23283100
2025-10-20,MU,206.5679473876953,23268400
2025-10-21,MU,202.09230041503906,13717300
2025-10-22,MU,198.2760467529297,21949800
2025-10-23,MU,206.50799560546875,19397900
2025-10-24,MU,218.8059844970703,25821800
2025-10-27,MU,219.88491821289062,23873100
2025-10-28,MU,221.69314575195312,14957500
2025-10-29,MU,226.40853881835938,23217300
2025-10-30,MU,223.7910919189453,14795100
2025-10-31,MU,223.55133056640625,16320000
2025-11-03,MU,234.4706573486328,21199300
2025-11-04,MU,217.81692504882812,23696200
2025-11-05,MU,237.26791381835938,28617400
2025-11-06,MU,238.09710693359375,32016800
2025-11-07,MU,237.68748474121094,30613800
2025-11-10,MU,253.05245971679688,27870600
2025-11-11,MU,240.87437438964844,22622500
2025-11-12,MU,244.66067504882812,17263100
2025-11-13,MU,236.71844482421875,32324600
2025-11-14,MU,246.5887908935547,36171100
2025-11-17,MU,241.71356201171875,30304400
2025-11-18,MU,228.27670288085938,33843900
2025-11-19,MU,225.69921875,35256600
2025-11-20,MU,201.1732177734375,47420700
2025-11-21,MU,207.1673583984375,36679700
2025-11-24,MU,223.71116638183594,33052800
2025-11-25,MU,224.3105926513672,17441600
2025-11-26,MU,230.03497314453125,17817600
2025-11-28,MU,236.24891662597656,12914700
2025-12-01,MU,240.2250213623047,18238200
2025-12-02,MU,239.25596618652344,18166200
2025-12-03,MU,233.93118286132812,19188200
2025-12-04,MU,226.4285125732422,23513900
2025-12-05,MU,236.98817443847656,21161000
2025-12-08,MU,246.6787109375,20495400
2025-12-09,MU,252.17332458496094,17067100
2025-12-10,MU,263.4522705078125,21960700
2025-12-11,MU,258.2074279785156,18867000
2025-12-12,MU,240.90435791015625,25936900
2025-12-15,MU,237.26791381835938,27483600
2025-12-16,MU,232.2827911376953,22577300
2025-12-17,MU,225.29962158203125,41957100
2025-12-18,MU,248.30711364746094,65006100
2025-12-19,MU,265.6601257324219,62312100
2025-12-22,MU,276.3197021484375,30961900
2025-12-23,MU,276.0,20767600
2025-12-24,MU,286.3998718261719,18592600
2025-12-26,MU,284.51171875,17878500
2025-12-29,MU,294.2011413574219,26642900
2025-12-30,MU,292.4621276855469,23056400
2025-12-31,MU,285.24627685546875,17573800
2026-01-02,MU,315.23907470703125,42604300
2026-01-05,MU,311.970947265625,34608600
2026-01-06,MU,343.23297119140625,48732400
2026-01-07,MU,339.355224609375,32781100
2026-01-08,MU,326.8323974609375,33897700
2026-01-09,MU,344.8920593261719,33387500
2026-01-12,MU,345.6716003417969,23152600
2026-01-13,MU,337.93603515625,23881300
2026-01-14,MU,333.1587829589844,20277200
2026-01-15,MU,336.4368896484375,25370200
2026-01-16,MU,362.54193115234375,47901900
2026-01-20,MU,364.7906494140625,49744900
2026-01-21,MU,388.88677978515625,56712800
2026-01-22,MU,397.3518981933594,39607600
2026-01-23,MU,399.4207458496094,35404200
2026-01-26,MU,388.8667907714844,29193900
2026-01-27,MU,410.0046691894531,36212100
2026-01-28,MU,435.03033447265625,42725700
2026-01-29,MU,435.5400390625,42675700
2026-01-30,MU,414.6419982910156,51022900
2026-02-02,MU,437.5488586425781,37771200
2026-02-03,MU,419.19940185546875,42763300
2026-02-04,MU,379.182373046875,58074900
2026-02-05,MU,382.6703796386719,38899500
2026-02-06,MU,394.4635925292969,37196000
2026-02-09,MU,383.2799987792969,31009600
2026-02-10,MU,373.035888671875,35433800
2026-02-11,MU,410.1046142578125,48475000
2026-02-12,MU,413.7325439453125,45639100
2026-02-13,MU,411.4238586425781,33807600
2026-02-17,MU,399.5506591796875,28549500
2026-02-18,MU,420.70855712890625,32306600
2026-02-19,MU,417.110595703125,21651300
2026-02-20,MU,427.92437744140625,29894900
2026-02-23,MU,420.7285461425781,25426600
2026-02-24,MU,417.7702331542969,33389200
2026-02-25,MU,428.75390625,27296300
2026-02-26,MU,415.3216247558594,35433500
2026-02-27,MU,412.1334533691406,28653900
2026-03-02,MU,412.43328857421875,30049200
2026-03-03,MU,379.46221923828125,39010900
2026-03-04,MU,400.5400695800781,32644900
2026-03-05,MU,396.8222351074219,29960100
2026-03-06,MU,370.08758544921875,34458800
2026-03-09,MU,389.0966796875,35547200
2026-03-10,MU,402.8787536621094,33745400
2026-03-11,MU,418.4498291015625,30191400
2026-03-12,MU,405.1174621582031,31720900
2026-03-13,MU,425.8855895996094,39261000
2026-03-16,MU,441.54656982421875,43067600
2026-03-17,MU,461.4251403808594,43017900
2026-03-18,MU,461.46514892578125,58973700
2026-03-19,MU,444.01513671875,74591900
2026-03-20,MU,422.65740966796875,64224900
2026-03-23,MU,404.1180419921875,54807300
2026-03-24,MU,395.3031311035156,44975100
2026-03-25,MU,381.8708190917969,55328700
2026-03-26,MU,355.256103515625,54515900
2026-03-27,MU,357.0151062011719,45806700
2026-03-30,MU,321.75048828125,73833200
2026-03-31,MU,337.7880554199219,73551800
2026-04-01,MU,367.7934265136719,74429800
2026-04-02,MU,366.18365478515625,51498700
2026-04-06,MU,377.701904296875,41414900
2026-04-07,MU,377.52191162109375,40224100
2026-04-08,MU,406.6674499511719,49216600
2026-04-09,MU,421.4451904296875,43101000
2026-04-10,MU,420.52532958984375,36377600
2026-04-13,MU,426.4944152832031,37015800
2026-04-14,MU,465.5884094238281,52534900
2026-04-15,MU,456.15985107421875,40370100
2026-04-16,MU,457.1596984863281,33626400
2026-04-17,MU,455.0000305175781,33405000
2026-04-20,MU,448.3510437011719,32013600
2026-04-21,MU,449.3109130859375,27734000
2026-04-22,MU,487.4050598144531,45998100
2026-04-23,MU,481.64593505859375,38178000
2026-04-24,MU,496.64361572265625,35379600
2026-04-27,MU,524.4793090820312,41298800
2026-04-28,MU,504.21246337890625,44816600
2026-04-29,MU,518.3803100585938,36248500
2026-04-30,MU,517.0804443359375,36554400
2026-05-01,MU,542.1266479492188,40215300
2026-05-04,MU,576.3613891601562,46043700
2026-05-05,MU,640.1015625,64268500
2026-05-06,MU,666.487548828125,55725800
2026-05-07,MU,646.5305786132812,47527500
2026-05-08,MU,746.6951293945312,65130900
2026-05-11,MU,795.2077026367188,70972900
2026-05-12,MU,766.462158203125,73743000
2026-05-13,MU,803.5064086914062,54875100
2026-05-14,MU,775.8906860351562,42142700
2026-05-15,MU,724.5485229492188,48519000
2026-05-18,MU,681.4351806640625,60042500
2026-05-19,MU,698.632568359375,61792100
2026-05-20,MU,731.87744140625,48827400
2026-05-21,MU,761.9827880859375,42461500
2026-05-22,MU,750.884521484375,36002900
2026-05-26,MU,895.7422485351562,76560800
2026-05-27,MU,928.2672119140625,72295700
2026-05-28,MU,923.3779907226562,49694300
2026-05-29,MU,970.8507080078125,60498600
2026-06-01,MU,1035.3408203125,46552100
2026-06-02,MU,1063.936279296875,47555400
2026-06-03,MU,1079.4039306640625,40324200
2026-06-04,MU,995.8468627929688,54917200
2026-06-05,MU,863.8771362304688,77250500
2026-06-08,MU,949.134033203125,54097800
2026-06-09,MU,935.74609375,73448600
2026-06-10,MU,891.7428588867188,55712600
2026-06-11,MU,995.7168579101562,59418900
2026-06-12,MU,981.4590454101562,40785200
2026-06-15,MU,1087.8226318359375,44994600
2026-06-16,MU,1020.60302734375,45499800
2026-06-17,MU,1043.029541015625,46149200
2026-06-18,MU,1133.8155517578125,64642500
2026-06-22,MU,1211.1937255859375,53140800
2026-06-23,MU,1051.6082763671875,60243300
2026-06-24,MU,1048.3487548828125,68935700
2026-06-25,MU,1213.3734130859375,82143900
2026-06-26,MU,1132.1558837890625,86405300
2026-06-29,MU,1145.1038818359375,60694100
2026-06-30,MU,1154.112548828125,42152600
2026-07-01,MU,1032.121337890625,51328100
2026-07-02,MU,975.4099731445312,61316900
2026-07-06,MU,984.75,37115800
2026-07-07,MU,938.3800048828125,52367500
2026-07-08,MU,948.7999877929688,42979000
2026-07-09,MU,991.6400146484375,41110700
2026-07-10,MU,979.2999877929688,31768100
2026-07-13,MU,937.0,35536200
2026-07-14,MU,983.1199951171875,30835200
2026-07-15,MU,904.280029296875,54779200
2026-07-16,MU,853.2000122070312,46718000
2026-07-17,MU,848.9500122070312,63346300
2026-07-20,MU,865.4600219726562,37705200
2026-07-21,MU,970.8200073242188,49369000
2026-07-22,MU,959.47998046875,31588600
2026-07-23,MU,990.2100219726562,40196300
2026-07-24,MU,920.9500122070312,40803100
2026-07-27,MU,900.2000122070312,47591200
2026-07-28,MU,820.530029296875,61039300
2026-07-29,MU,739.0,69846000
2026-07-30,MU,874.6599731445312,63075300
2026-07-31,MU,823.030029296875,54538600
2026-08-03,MU,829.5,42607100
2026-08-04,MU,892.6699829101562,37478600
2026-08-05,MU,893.1900024414062,34720300
2026-08-06,MU,881.469970703125,35784100
2026-08-07,MU,877.5700073242188,34568500
2026-08-10,MU,861.0,27818600
2026-08-11,MU,868.52001953125,29438300
2026-08-12,MU,911.2899780273438,36804900
2026-08-13,MU,949.8300170898438,36704700
2026-08-14,MU,971.6599731445312,27881100
2026-08-17,MU,1011.75,33430500
2026-08-18,MU,940.760009765625,37306000
2026-08-19,MU,937.1099853515625,26901900
2026-08-20,MU,974.3300170898438,25212200
2026-08-21,MU,966.780029296875,21823400
2026-08-24,MU,910.4299926757812,30012600
2026-08-25,MU,932.969970703125,19163200
2026-08-26,MU,938.4000244140625,18721700
2026-08-27,MU,935.3900146484375,28838500
2026-08-28,MU,932.8599853515625,22890100
2026-08-31,MU,958.72998046875,22569500
2026-09-01,MU,933.4400024414062,27762200
2026-09-02,MU,956.0800170898438,21440500
2026-09-03,MU,958.1599731445312,24175900
2026-09-04,MU,1016.5900268554688,35116600
2025-09-05,AMAT,161.8547821044922,7046800
2025-09-08,AMAT,161.15863037109375,7933600
2025-09-09,AMAT,162.60064697265625,5315400
2025-09-10,AMAT,162.52108764648438,5690200
2025-09-11,AMAT,169.21405029296875,8999900
2025-09-12,AMAT,166.87701416015625,5170600
2025-09-15,AMAT,169.98977661132812,5597600
2025-09-16,AMAT,172.58541870117188,6447500
2025-09-17,AMAT,177.15017700195312,9588300
2025-09-18,AMAT,188.71620178222656,15473700
2025-09-19,AMAT,189.05433654785156,18903500
2025-09-22,AMAT,199.41702270507812,15475500
2025-09-23,AMAT,199.76507568359375,12417900
2025-09-24,AMAT,200.3319549560547,6360500
2025-09-25,AMAT,198.50209045410156,6027600
2025-09-26,AMAT,202.79832458496094,7363300
2025-09-29,AMAT,203.82264709472656,9295400
2025-09-30,AMAT,203.61380004882812,12253800
2025-10-01,AMAT,216.5422821044922,12699200
2025-10-02,AMAT,222.36012268066406,11166000
2025-10-03,AMAT,216.33343505859375,9269800
2025-10-06,AMAT,222.67835998535156,7891900
2025-10-07,AMAT,210.39630126953125,10543300
2025-10-08,AMAT,216.3135528564453,7875500
2025-10-09,AMAT,219.0882110595703,6701400
2025-10-10,AMAT,208.79515075683594,12829700
2025-10-13,AMAT,218.27273559570312,7853000
2025-10-14,AMAT,216.98983764648438,8260000
2025-10-15,AMAT,226.3281707763672,8033600
2025-10-16,AMAT,226.46739196777344,7742800
2025-10-17,AMAT,223.75242614746094,5272800
2025-10-20,AMAT,226.87515258789062,5494800
2025-10-21,AMAT,224.75686645507812,4557500
2025-10-22,AMAT,219.34678649902344,7498100
2025-10-23,AMAT,227.21327209472656,7001900
2025-10-24,AMAT,227.4917449951172,5346700
2025-10-27,AMAT,230.0575408935547,7671700
2025-10-28,AMAT,226.38783264160156,6118500
2025-10-29,AMAT,234.45323181152344,7784500
2025-10-30,AMAT,231.2708282470703,7317700
2025-10-31,AMAT,231.81781005859375,6532600
2025-11-03,AMAT,236.40245056152344,6160600
2025-11-04,AMAT,228.92381286621094,6896400
2025-11-05,AMAT,239.56495666503906,7230800
2025-11-06,AMAT,232.2454376220703,9278400
2025-11-07,AMAT,228.80447387695312,6892800
2025-11-10,AMAT,233.7869110107422,7673700
2025-11-11,AMAT,227.41217041015625,6237600
2025-11-12,AMAT,229.46083068847656,5955400
2025-11-13,AMAT,222.00209045410156,13465900
2025-11-14,AMAT,224.7667999267578,15254400
2025-11-17,AMAT,227.4519500732422,8713600
2025-11-18,AMAT,223.88169860839844,12167400
2025-11-19,AMAT,233.83665466308594,8870500
2025-11-20,AMAT,219.4479217529297,9264000
2025-11-21,AMAT,223.21449279785156,8596800
2025-11-24,AMAT,230.08999633789062,8806600
2025-11-25,AMAT,241.59898376464844,8330300
2025-11-26,AMAT,249.08229064941406,8791100
2025-11-28,AMAT,251.35421752929688,2916300
2025-12-01,AMAT,253.8453369140625,6842400
2025-12-02,AMAT,264.3877258300781,9196800
2025-12-03,AMAT,267.676025390625,7999600
2025-12-04,AMAT,268.483154296875,6348800
2025-12-05,AMAT,267.0482482910156,5373400
2025-12-08,AMAT,267.20770263671875,5338100
2025-12-09,AMAT,266.19134521484375,4062600
2025-12-10,AMAT,274.1728515625,6244600
2025-12-11,AMAT,269.1507873535156,7061200
2025-12-12,AMAT,258.2894592285156,6739300
2025-12-15,AMAT,260.3421630859375,6406000
2025-12-16,AMAT,257.9207763671875,5859700
2025-12-17,AMAT,247.3883514404297,7855400
2025-12-18,AMAT,252.59976196289062,8741200
2025-12-19,AMAT,255.4994354248047,25749700
2025-12-22,AMAT,258.0902099609375,4182000
2025-12-23,AMAT,259.3058776855469,3791500
2025-12-24,AMAT,259.8538818359375,1279500
2025-12-26,AMAT,260.9699401855469,1836000
2025-12-29,AMAT,262.1158447265625,2601600
2025-12-30,AMAT,259.0467834472656,2185100
2025-12-31,AMAT,256.0773620605469,3025800
2026-01-02,AMAT,267.9151916503906,7553200
2026-01-05,AMAT,283.3103332519531,10398700
2026-01-06,AMAT,294.9588317871094,7237900
2026-01-07,AMAT,291.1623229980469,6148400
2026-01-08,AMAT,280.6398620605469,5500700
2026-01-09,AMAT,300.11041259765625,9427600
2026-01-12,AMAT,306.14892578125,6612800
2026-01-13,AMAT,303.7873229980469,7146500
2026-01-14,AMAT,300.81793212890625,6545200
2026-01-15,AMAT,317.9468688964844,11262800
2026-01-16,AMAT,325.8487243652344,11399300
2026-01-20,AMAT,317.0998840332031,9387300
2026-01-21,AMAT,324.08502197265625,7914000
2026-01-22,AMAT,317.6579284667969,6036100
2026-01-23,AMAT,321.23516845703125,6201000
2026-01-26,AMAT,318.32550048828125,4777200
2026-01-27,AMAT,331.5284729003906,8033000
2026-01-28,AMAT,335.55413818359375,8470000
2026-01-29,AMAT,340.1278076171875,7350500
2026-01-30,AMAT,321.17535400390625,9814100
2026-02-02,AMAT,327.2337646484375,7409600
2026-02-03,AMAT,317.5383605957031,10697000
2026-02-04,AMAT,296.54315185546875,14719400
2026-02-05,AMAT,302.91046142578125,8514300
2026-02-06,AMAT,321.36474609375,8344400
2026-02-09,AMAT,329.39605712890625,7458900
2026-02-10,AMAT,327.90142822265625,6785800
2026-02-11,AMAT,338.67303466796875,7160900
2026-02-12,AMAT,327.2238464355469,9764400
2026-02-13,AMAT,353.6496276855469,15706000
2026-02-17,AMAT,357.8546447753906,8791300
2026-02-18,AMAT,367.988525390625,8784300
2026-02-19,AMAT,368.9762268066406,6640100
2026-02-20,AMAT,374.5134582519531,8178700
2026-02-23,AMAT,372.6876525878906,6077400
2026-02-24,AMAT,377.05755615234375,5711800
2026-02-25,AMAT,394.03826904296875,9745000
2026-02-26,AMAT,374.8526611328125,7717100
2026-02-27,AMAT,371.4405517578125,9041400
2026-03-02,AMAT,371.3208312988281,5802100
2026-03-03,AMAT,350.5090026855469,7982000
2026-03-04,AMAT,356.93414306640625,5980400
2026-03-05,AMAT,345.73004150390625,5899700
2026-03-06,AMAT,323.9903259277344,8655200
2026-03-09,AMAT,338.1575622558594,9504100
2026-03-10,AMAT,345.0815734863281,6121100
2026-03-11,AMAT,350.25958251953125,4517200
2026-03-12,AMAT,336.4914245605469,5978200
2026-03-13,AMAT,340.7416076660156,5332200
2026-03-16,AMAT,345.380859375,4427000
2026-03-17,AMAT,351.6463317871094,4833900
2026-03-18,AMAT,348.66326904296875,5170500
2026-03-19,AMAT,356.3853759765625,6459700
2026-03-20,AMAT,356.2357177734375,17587900
2026-03-23,AMAT,360.954833984375,6490700
2026-03-24,AMAT,373.12664794921875,6406200
2026-03-25,AMAT,368.48736572265625,5052000
2026-03-26,AMAT,337.7684631347656,9261000
2026-03-27,AMAT,336.39166259765625,5984800
2026-03-30,AMAT,322.37408447265625,6568100
2026-03-31,AMAT,341.0010070800781,8335600
2026-04-01,AMAT,352.9832458496094,5974800
2026-04-02,AMAT,347.6655578613281,4269400
2026-04-06,AMAT,351.8059997558594,2505500
2026-04-07,AMAT,353.4920654296875,4024800
2026-04-08,AMAT,384.82958984375,7628500
2026-04-09,AMAT,396.89166259765625,5373600
2026-04-10,AMAT,398.5677795410156,6399900
2026-04-13,AMAT,394.8164978027344,5246600
2026-04-14,AMAT,394.7266845703125,5353200
2026-04-15,AMAT,393.349853515625,5925100
2026-04-16,AMAT,388.99993896484375,5113000
2026-04-17,AMAT,396.023681640625,6017900
2026-04-20,AMAT,390.7159729003906,3747500
2026-04-21,AMAT,393.4197082519531,5414900
2026-04-22,AMAT,402.548583984375,5268100
2026-04-23,AMAT,402.9775695800781,4420800
2026-04-24,AMAT,416.0773010253906,6159600
2026-04-27,AMAT,403.9253845214844,5663400
2026-04-28,AMAT,380.2301940917969,10396200
2026-04-29,AMAT,381.7068176269531,5116400
2026-04-30,AMAT,393.5793151855469,7050000
2026-05-01,AMAT,388.1817932128906,4586500
2026-05-04,AMAT,390.47650146484375,5062300
2026-05-05,AMAT,409.8716125488281,6321100
2026-05-06,AMAT,427.6305236816406,7241200
2026-05-07,AMAT,409.69207763671875,7741800
2026-05-08,AMAT,434.434814453125,8165200
2026-05-11,AMAT,442.59588623046875,8324000
2026-05-12,AMAT,430.20458984375,9319400
2026-05-13,AMAT,435.6020812988281,7839400
2026-05-14,AMAT,439.5429992675781,14936200
2026-05-15,AMAT,435.612060546875,12768700
2026-05-18,AMAT,412.61529541015625,8265000
2026-05-19,AMAT,405.97064208984375,8418700
2026-05-20,AMAT,425.8646240234375,6888400
2026-05-21,AMAT,426.90350341796875,5682900
2026-05-22,AMAT,431.6983947753906,4889300
2026-05-26,AMAT,454.40411376953125,8044400
2026-05-27,AMAT,447.77117919921875,5047600
2026-05-28,AMAT,449.19964599609375,5675600
2026-05-29,AMAT,449.5792541503906,8546800
2026-06-01,AMAT,457.68060302734375,6613700
2026-06-02,AMAT,489.5265197753906,10440700
2026-06-03,AMAT,500.2350769042969,8964900
2026-06-04,AMAT,501.16412353515625,6729000
2026-06-05,AMAT,452.526123046875,11909400
2026-06-08,AMAT,491.644287109375,9726900
2026-06-09,AMAT,498.6767578125,11731700
2026-06-10,AMAT,496.4791259765625,11393800
2026-06-11,AMAT,552.0496826171875,12427700
2026-06-12,AMAT,566.6441040039062,8055800
2026-06-15,AMAT,585.154296875,11664400
2026-06-16,AMAT,567.6229858398438,10906100
2026-06-17,AMAT,592.28662109375,11045500
2026-06-18,AMAT,616.4508056640625,16781200
2026-06-22,AMAT,639.4961547851562,10737300
2026-06-23,AMAT,585.2542114257812,12035100
2026-06-24,AMAT,588.3408203125,10726700
2026-06-25,AMAT,667.2864379882812,16477800
2026-06-26,AMAT,626.1704711914062,28138600
2026-06-29,AMAT,693.8980102539062,14165300
2026-06-30,AMAT,722.2277221679688,16461200
2026-07-01,AMAT,650.2146606445312,16089200
2026-07-02,AMAT,602.3958129882812,15071700
2026-07-06,AMAT,592.1567993164062,8622800
2026-07-07,AMAT,553.90771484375,12552400
2026-07-08,AMAT,569.890625,7535700
2026-07-09,AMAT,588.0311889648438,14418000
2026-07-10,AMAT,601.8564453125,6279300
2026-07-13,AMAT,574.775390625,7561700
2026-07-14,AMAT,595.063720703125,6513900
2026-07-15,AMAT,578.81103515625,8168200
2026-07-16,AMAT,560.330810546875,8406100
2026-07-17,AMAT,529.0941772460938,10326500
2026-07-20,AMAT,525.1384887695312,6558300
2026-07-21,AMAT,563.9469604492188,7636400
2026-07-22,AMAT,553.3283081054688,4963500
2026-07-23,AMAT,562.1987915039062,5706400
2026-07-24,AMAT,535.6771850585938,6262200
2026-07-27,AMAT,516.337890625,8011400
2026-07-28,AMAT,475.9510498046875,9891300
2026-07-29,AMAT,435.9837951660156,10166900
2026-07-30,AMAT,501.2340087890625,12166300
2026-07-31,AMAT,507.12774658203125,7411500
2026-08-03,AMAT,517.656494140625,5978900
2026-08-04,AMAT,546.0361328125,7971700
2026-08-05,AMAT,533.6693115234375,5358100
2026-08-06,AMAT,526.9165649414062,4173200
2026-08-07,AMAT,538.5641479492188,4555000
2026-08-10,AMAT,521.562255859375,7019400
2026-08-11,AMAT,525.0485229492188,6973800
2026-08-12,AMAT,547.5645141601562,7495000
2026-08-13,AMAT,533.968994140625,12963300
2026-08-14,AMAT,506.63824462890625,13132300
2026-08-17,AMAT,534.7382202148438,9624100
2026-08-18,AMAT,513.7806396484375,8611900
2026-08-19,AMAT,495.6400146484375,6571200
2026-08-20,AMAT,496.2099914550781,6604500
2026-08-21,AMAT,492.32000732421875,5526800
2026-08-24,AMAT,484.19000244140625,9264700
2026-08-25,AMAT,480.0400085449219,5185200
2026-08-26,AMAT,479.760009765625,5193000
2026-08-27,AMAT,482.3599853515625,6285600
2026-08-28,AMAT,461.6700134277344,6524800
2026-08-31,AMAT,458.3900146484375,6174000
2026-09-01,AMAT,441.8500061035156,7142500
2026-09-02,AMAT,438.4599914550781,6518400
2026-09-03,AMAT,435.9100036621094,5999200
2026-09-04,AMAT,454.7099914550781,6009400
2025-09-05,CRDO,140.82000732421875,7243000
2025-09-08,CRDO,147.52999877929688,7085100
2025-09-09,CRDO,149.02999877929688,4277000
2025-09-10,CRDO,163.9600067138672,7452600
2025-09-11,CRDO,159.32000732421875,6295600
2025-09-12,CRDO,161.99000549316406,3549200
2025-09-15,CRDO,163.97999572753906,4301000
2025-09-16,CRDO,164.4199981689453,4137400
2025-09-17,CRDO,164.44000244140625,3599600
2025-09-18,CRDO,172.30999755859375,5338300
2025-09-19,CRDO,169.55999755859375,12625100
2025-09-22,CRDO,164.10000610351562,6067900
2025-09-23,CRDO,162.25999450683594,4831600
2025-09-24,CRDO,149.3800048828125,7768900
2025-09-25,CRDO,144.94000244140625,6634600
2025-09-26,CRDO,142.92999267578125,4861800
2025-09-29,CRDO,146.00999450683594,5283200
2025-09-30,CRDO,145.61000061035156,3625700
2025-10-01,CRDO,144.91000366210938,4274400
2025-10-02,CRDO,149.6300048828125,6126500
2025-10-03,CRDO,143.8699951171875,6153700
2025-10-06,CRDO,147.4199981689453,6451300
2025-10-07,CRDO,137.1999969482422,8393300
2025-10-08,CRDO,148.8699951171875,6720500
2025-10-09,CRDO,151.14999389648438,5514600
2025-10-10,CRDO,138.8300018310547,8183200
2025-10-13,CRDO,149.89999389648438,5980600
2025-10-14,CRDO,129.75,10759000
2025-10-15,CRDO,131.41000366210938,6274700
2025-10-16,CRDO,136.52999877929688,4884500
2025-10-17,CRDO,143.61000061035156,6207400
2025-10-20,CRDO,151.66000366210938,6634800
2025-10-21,CRDO,144.1699981689453,5265700
2025-10-22,CRDO,137.1999969482422,6333200
2025-10-23,CRDO,150.97000122070312,5553900
2025-10-24,CRDO,155.5500030517578,6051900
2025-10-27,CRDO,154.9600067138672,3906500
2025-10-28,CRDO,162.17999267578125,4021900
2025-10-29,CRDO,171.52000427246094,4543400
2025-10-30,CRDO,166.6199951171875,5154900
2025-10-31,CRDO,187.6199951171875,7556900
2025-11-03,CRDO,180.63999938964844,4599700
2025-11-04,CRDO,164.22999572753906,5998300
2025-11-05,CRDO,173.16000366210938,4984300
2025-11-06,CRDO,162.74000549316406,5245500
2025-11-07,CRDO,163.61000061035156,6910100
2025-11-10,CRDO,170.16000366210938,4127800
2025-11-11,CRDO,158.5,3985500
2025-11-12,CRDO,160.33999633789062,3984200
2025-11-13,CRDO,142.9499969482422,7413900
2025-11-14,CRDO,145.52000427246094,5715400
2025-11-17,CRDO,145.5800018310547,4124300
2025-11-18,CRDO,139.55999755859375,4503000
2025-11-19,CRDO,141.8800048828125,4494000
2025-11-20,CRDO,134.72999572753906,9424500
2025-11-21,CRDO,133.49000549316406,8404400
2025-11-24,CRDO,150.85000610351562,16607000
2025-11-25,CRDO,154.17999267578125,5200000
2025-11-26,CRDO,164.00999450683594,5384100
2025-11-28,CRDO,177.60000610351562,5665200
2025-12-01,CRDO,171.1300048828125,10755500
2025-12-02,CRDO,188.44000244140625,16853500
2025-12-03,CRDO,189.19000244140625,7506000
2025-12-04,CRDO,180.9199981689453,5648000
2025-12-05,CRDO,176.0399932861328,5292200
2025-12-08,CRDO,178.94000244140625,5847600
2025-12-09,CRDO,170.2899932861328,4881600
2025-12-10,CRDO,157.97999572753906,9031600
2025-12-11,CRDO,154.47000122070312,7089000
2025-12-12,CRDO,143.91000366210938,7997700
2025-12-15,CRDO,142.02000427246094,5586500
2025-12-16,CRDO,140.33999633789062,4778400
2025-12-17,CRDO,134.1300048828125,4786900
2025-12-18,CRDO,138.57000732421875,5374200
2025-12-19,CRDO,150.1300048828125,9664800
2025-12-22,CRDO,149.94000244140625,5094100
2025-12-23,CRDO,147.80999755859375,3091900
2025-12-24,CRDO,150.19000244140625,1956400
2025-12-26,CRDO,144.8300018310547,2727500
2025-12-29,CRDO,144.6999969482422,2828700
2025-12-30,CRDO,144.9199981689453,2182700
2025-12-31,CRDO,143.88999938964844,2521600
2026-01-02,CRDO,143.22000122070312,5797600
2026-01-05,CRDO,140.24000549316406,8056400
2026-01-06,CRDO,132.9499969482422,7360800
2026-01-07,CRDO,141.0,9879300
2026-01-08,CRDO,141.58999633789062,6231100
2026-01-09,CRDO,150.4199981689453,7517300
2026-01-12,CRDO,156.07000732421875,4636500
2026-01-13,CRDO,161.3800048828125,4604700
2026-01-14,CRDO,156.83999633789062,4918400
2026-01-15,CRDO,149.1199951171875,5677000
2026-01-16,CRDO,150.97000122070312,4370800
2026-01-20,CRDO,153.22000122070312,6083800
2026-01-21,CRDO,139.16000366210938,9437800
2026-01-22,CRDO,135.10000610351562,7268000
2026-01-23,CRDO,133.16000366210938,4348200
2026-01-26,CRDO,128.02000427246094,4894700
2026-01-27,CRDO,129.57000732421875,4884200
2026-01-28,CRDO,129.66000366210938,5147000
2026-01-29,CRDO,129.47000122070312,5588100
2026-01-30,CRDO,125.27999877929688,6759200
2026-02-02,CRDO,119.95999908447266,5572900
2026-02-03,CRDO,111.30999755859375,10940600
2026-02-04,CRDO,96.94999694824219,14406000
2026-02-05,CRDO,98.05999755859375,8225300
2026-02-06,CRDO,111.4000015258789,9896600
2026-02-09,CRDO,123.41000366210938,9063700
2026-02-10,CRDO,134.72000122070312,12592700
2026-02-11,CRDO,128.39999389648438,9878800
2026-02-12,CRDO,121.77999877929688,6440700
2026-02-13,CRDO,121.44000244140625,4520600
2026-02-17,CRDO,124.80000305175781,4931900
2026-02-18,CRDO,127.91000366210938,3918900
2026-02-19,CRDO,130.66000366210938,3358200
2026-02-20,CRDO,124.05999755859375,5201500
2026-02-23,CRDO,124.05000305175781,3814500
2026-02-24,CRDO,120.83000183105469,4042300
2026-02-25,CRDO,123.45999908447266,5359600
2026-02-26,CRDO,114.4800033569336,7864100
2026-02-27,CRDO,112.2699966430664,7420500
2026-03-02,CRDO,114.22000122070312,12477400
2026-03-03,CRDO,97.30000305175781,19706000
2026-03-04,CRDO,102.54000091552734,9137900
2026-03-05,CRDO,114.73999786376953,11716200
2026-03-06,CRDO,109.83000183105469,6948700
2026-03-09,CRDO,115.9800033569336,7272300
2026-03-10,CRDO,112.33000183105469,5691500
2026-03-11,CRDO,115.91000366210938,6121200
2026-03-12,CRDO,111.56999969482422,6053300
2026-03-13,CRDO,117.69000244140625,4495300
2026-03-16,CRDO,116.87999725341797,9100900
2026-03-17,CRDO,104.05999755859375,15647400
2026-03-18,CRDO,101.72000122070312,7469600
2026-03-19,CRDO,107.08999633789062,6957100
2026-03-20,CRDO,103.4000015258789,6805000
2026-03-23,CRDO,105.0999984741211,6881700
2026-03-24,CRDO,100.30000305175781,6309000
2026-03-25,CRDO,103.91000366210938,5303000
2026-03-26,CRDO,96.44000244140625,5719100
2026-03-27,CRDO,95.23999786376953,4402000
2026-03-30,CRDO,87.80999755859375,6562100
2026-03-31,CRDO,93.87000274658203,7240000
2026-04-01,CRDO,95.91999816894531,4869800
2026-04-02,CRDO,101.44999694824219,5095800
2026-04-06,CRDO,102.45999908447266,4279300
2026-04-07,CRDO,106.79000091552734,4159100
2026-04-08,CRDO,110.20999908447266,6093300
2026-04-09,CRDO,107.93000030517578,4392800
2026-04-10,CRDO,119.58999633789062,8563600
2026-04-13,CRDO,134.36000061035156,10402300
2026-04-14,CRDO,159.52000427246094,18523300
2026-04-15,CRDO,168.35000610351562,10699500
2026-04-16,CRDO,158.92999267578125,9679800
2026-04-17,CRDO,160.69000244140625,7236700
2026-04-20,CRDO,174.52999877929688,7465800
2026-04-21,CRDO,183.32000732421875,9610600
2026-04-22,CRDO,189.49000549316406,7342700
2026-04-23,CRDO,185.5399932861328,5820000
2026-04-24,CRDO,195.0399932861328,6639700
2026-04-27,CRDO,180.5,6799000
2026-04-28,CRDO,165.9199981689453,6339500
2026-04-29,CRDO,175.77000427246094,4415300
2026-04-30,CRDO,174.00999450683594,4438900
2026-05-01,CRDO,184.3800048828125,4701700
2026-05-04,CRDO,180.05999755859375,3636000
2026-05-05,CRDO,193.57000732421875,6133200
2026-05-06,CRDO,198.2899932861328,6073100
2026-05-07,CRDO,188.2899932861328,5514600
2026-05-08,CRDO,188.5050048828125,4837000
2026-05-11,CRDO,210.22000122070312,7999300
2026-05-12,CRDO,198.57000732421875,6256300
2026-05-13,CRDO,189.36000061035156,6644700
2026-05-14,CRDO,184.5399932861328,4949800
2026-05-15,CRDO,172.1699981689453,5528800
2026-05-18,CRDO,156.27000427246094,8611700
2026-05-19,CRDO,168.99000549316406,8285000
2026-05-20,CRDO,182.97999572753906,7487300
2026-05-21,CRDO,193.38999938964844,6775200
2026-05-22,CRDO,218.41000366210938,8538600
2026-05-26,CRDO,221.63999938964844,9575000
2026-05-27,CRDO,221.22999572753906,4256100
2026-05-28,CRDO,222.35000610351562,5014500
2026-05-29,CRDO,236.02999877929688,7597100
2026-06-01,CRDO,226.10000610351562,13043500
2026-06-02,CRDO,229.0,16247800
2026-06-03,CRDO,214.60000610351562,9697100
2026-06-04,CRDO,217.5,7454800
2026-06-05,CRDO,206.88999938964844,15917900
2026-06-08,CRDO,222.27000427246094,8731000
2026-06-09,CRDO,234.32000732421875,15750900
2026-06-10,CRDO,237.67999267578125,13941100
2026-06-11,CRDO,264.760009765625,13005200
2026-06-12,CRDO,250.80999755859375,9009800
2026-06-15,CRDO,259.4100036621094,7921300
2026-06-16,CRDO,239.17999267578125,7557200
2026-06-17,CRDO,249.3300018310547,7492800
2026-06-18,CRDO,271.8299865722656,9353600
2026-06-22,CRDO,302.5199890136719,9529700
2026-06-23,CRDO,272.0050048828125,10376100
2026-06-24,CRDO,268.989990234375,6666200
2026-06-25,CRDO,268.0299987792969,8181700
2026-06-26,CRDO,238.0,38637200
2026-06-29,CRDO,245.67999267578125,10111500
2026-06-30,CRDO,271.95001220703125,8072100
2026-07-01,CRDO,259.0899963378906,7941300
2026-07-02,CRDO,241.91000366210938,9047500
2026-07-06,CRDO,265.54998779296875,7501200
2026-07-07,CRDO,246.39999389648438,7836100
2026-07-08,CRDO,258.69000244140625,5727300
2026-07-09,CRDO,265.6499938964844,6959200
2026-07-10,CRDO,257.7900085449219,3977000
2026-07-13,CRDO,236.8800048828125,6736600
2026-07-14,CRDO,236.17999267578125,4162800
2026-07-15,CRDO,226.74000549316406,5569100
2026-07-16,CRDO,207.97000122070312,7997000
2026-07-17,CRDO,202.67999267578125,8283300
2026-07-20,CRDO,212.07000732421875,5200600
2026-07-21,CRDO,223.8699951171875,4765200
2026-07-22,CRDO,228.27000427246094,4036500
2026-07-23,CRDO,236.5,4503000
2026-07-24,CRDO,213.14999389648438,5926600
2026-07-27,CRDO,208.13999938964844,5010000
2026-07-28,CRDO,192.27999877929688,6706100
2026-07-29,CRDO,177.4499969482422,7010900
2026-07-30,CRDO,201.0800018310547,6966700
2026-07-31,CRDO,206.99000549316406,6428500
2026-08-03,CRDO,218.35000610351562,4667700
2026-08-04,CRDO,237.9199981689453,6945100
2026-08-05,CRDO,224.6300048828125,4282000
2026-08-06,CRDO,230.42999267578125,3657900
2026-08-07,CRDO,249.88999938964844,4265500
2026-08-10,CRDO,239.93499755859375,4320600
2026-08-11,CRDO,247.69000244140625,2456300
2026-08-12,CRDO,268.1600036621094,5267100
2026-08-13,CRDO,265.989990234375,4298000
2026-08-14,CRDO,259.8999938964844,3384600
2026-08-17,CRDO,282.82000732421875,5762800
2026-08-18,CRDO,245.97000122070312,7742700
2026-08-19,CRDO,234.82000732421875,4903100
2026-08-20,CRDO,231.35000610351562,3278400
2026-08-21,CRDO,230.57000732421875,2714400
2026-08-24,CRDO,222.61000061035156,4256100
2026-08-25,CRDO,226.50999450683594,2639100
2026-08-26,CRDO,226.49000549316406,2283300
2026-08-27,CRDO,240.24000549316406,4227700
2026-08-28,CRDO,232.75,3518200
2026-08-31,CRDO,226.19000244140625,4270300
2026-09-01,CRDO,206.6300048828125,9513700
2026-09-02,CRDO,165.22000122070312,30111800
2026-09-03,CRDO,164.1699981689453,13770300
2026-09-04,CRDO,170.57000732421875,10710100
2025-09-05,CRWV,89.08999633789062,18448500
2025-09-08,CRWV,93.55000305175781,24705200
2025-09-09,CRWV,100.22000122070312,40286700
2025-09-10,CRWV,117.13999938964844,70127000
2025-09-11,CRWV,112.69000244140625,25179300
2025-09-12,CRWV,111.95999908447266,32550400
2025-09-15,CRWV,120.47000122070312,37532700
2025-09-16,CRWV,118.75,29506800
2025-09-17,CRWV,120.86000061035156,24420700
2025-09-18,CRWV,121.38999938964844,21873400
2025-09-19,CRWV,124.86000061035156,47567700
2025-09-22,CRWV,133.22999572753906,40323400
2025-09-23,CRWV,130.88999938964844,29126400
2025-09-24,CRWV,133.39999389648438,26409200
2025-09-25,CRWV,126.66000366210938,48895600
2025-09-26,CRWV,120.33999633789062,29939300
2025-09-29,CRWV,122.5199966430664,22532200
2025-09-30,CRWV,136.85000610351562,71176800
2025-10-01,CRWV,137.0500030517578,22675000
2025-10-02,CRWV,138.0,21567600
2025-10-03,CRWV,134.7899932861328,23405600
2025-10-06,CRWV,133.85000610351562,26763600
2025-10-07,CRWV,128.8300018310547,26822500
2025-10-08,CRWV,139.97999572753906,34398800
2025-10-09,CRWV,143.0800018310547,24633300
2025-10-10,CRWV,138.42999267578125,44474000
2025-10-13,CRWV,141.6199951171875,20760600
2025-10-14,CRWV,134.05999755859375,25696100
2025-10-15,CRWV,139.24000549316406,20652900
2025-10-16,CRWV,141.74000549316406,36104200
2025-10-17,CRWV,136.8699951171875,30264600
2025-10-20,CRWV,127.05999755859375,25428500
2025-10-21,CRWV,125.05999755859375,24392800
2025-10-22,CRWV,121.52999877929688,26660100
2025-10-23,CRWV,123.33999633789062,14707300
2025-10-24,CRWV,132.5500030517578,21236000
2025-10-27,CRWV,136.05999755859375,13680800
2025-10-28,CRWV,134.8000030517578,23205400
2025-10-29,CRWV,139.92999267578125,19837000
2025-10-30,CRWV,131.05999755859375,19142000
2025-10-31,CRWV,133.7100067138672,16050200
2025-11-03,CRWV,126.31999969482422,14294400
2025-11-04,CRWV,115.75,18552200
2025-11-05,CRWV,114.41999816894531,17381000
2025-11-06,CRWV,106.93000030517578,26204600
2025-11-07,CRWV,104.01000213623047,24982600
2025-11-10,CRWV,105.61000061035156,43561500
2025-11-11,CRWV,88.38999938964844,76900400
2025-11-12,CRWV,85.43000030517578,41722500
2025-11-13,CRWV,78.33999633789062,42804800
2025-11-14,CRWV,77.36000061035156,52465600
2025-11-17,CRWV,75.33000183105469,29176400
2025-11-18,CRWV,74.9000015258789,33464400
2025-11-19,CRWV,74.91999816894531,26796000
2025-11-20,CRWV,69.20999908447266,40999800
2025-11-21,CRWV,71.6500015258789,38889500
2025-11-24,CRWV,73.5999984741211,29927600
2025-11-25,CRWV,71.29000091552734,27805500
2025-11-26,CRWV,74.29000091552734,28793300
2025-11-28,CRWV,73.12000274658203,14114900
2025-12-01,CRWV,77.05999755859375,25412600
2025-12-02,CRWV,76.02999877929688,25555700
2025-12-03,CRWV,79.36000061035156,19858800
2025-12-04,CRWV,85.75,29382900
2025-12-05,CRWV,88.30000305175781,20076800
2025-12-08,CRWV,86.23999786376953,39915900
2025-12-09,CRWV,90.66000366210938,34362200
2025-12-10,CRWV,88.16000366210938,26553900
2025-12-11,CRWV,87.37999725341797,26922800
2025-12-12,CRWV,78.58999633789062,35221400
2025-12-15,CRWV,72.3499984741211,31357600
2025-12-16,CRWV,69.5,36004000
2025-12-17,CRWV,64.55000305175781,48237300
2025-12-18,CRWV,67.68000030517578,34161600
2025-12-19,CRWV,83.0,70583000
2025-12-22,CRWV,84.83000183105469,23984300
2025-12-23,CRWV,80.26000213623047,22239800
2025-12-24,CRWV,78.87000274658203,11922600
2025-12-26,CRWV,76.41999816894531,14073500
2025-12-29,CRWV,74.91999816894531,14033100
2025-12-30,CRWV,73.9000015258789,13291800
2025-12-31,CRWV,71.61000061035156,18122800
2026-01-02,CRWV,79.31999969482422,30050000
2026-01-05,CRWV,76.86000061035156,27206500
2026-01-06,CRWV,77.94000244140625,25473300
2026-01-07,CRWV,77.18000030517578,14413400
2026-01-08,CRWV,77.08999633789062,20472200
2026-01-09,CRWV,80.13999938964844,26303200
2026-01-12,CRWV,89.93000030517578,43610500
2026-01-13,CRWV,87.4800033569336,20414100
2026-01-14,CRWV,89.80000305175781,28378300
2026-01-15,CRWV,95.01000213623047,40670400
2026-01-16,CRWV,101.2300033569336,34781400
2026-01-20,CRWV,95.22000122070312,26822500
2026-01-21,CRWV,94.05000305175781,29676600
2026-01-22,CRWV,91.79000091552734,19946400
2026-01-23,CRWV,92.9800033569336,20375000
2026-01-26,CRWV,98.30999755859375,49349000
2026-01-27,CRWV,108.86000061035156,49218800
2026-01-28,CRWV,106.0199966430664,36455600
2026-01-29,CRWV,99.52999877929688,30885900
2026-01-30,CRWV,93.19000244140625,25314900
2026-02-02,CRWV,88.94000244140625,19489100
2026-02-03,CRWV,90.05999755859375,25101400
2026-02-04,CRWV,82.45999908447266,26247800
2026-02-05,CRWV,74.6500015258789,23637700
2026-02-06,CRWV,89.94999694824219,36852800
2026-02-09,CRWV,96.79000091552734,25424400
2026-02-10,CRWV,95.11000061035156,14088200
2026-02-11,CRWV,95.1500015258789,21192300
2026-02-12,CRWV,95.69999694824219,20441400
2026-02-13,CRWV,96.04000091552734,23117000
2026-02-17,CRWV,91.0,17482200
2026-02-18,CRWV,95.44999694824219,17481800
2026-02-19,CRWV,97.13999938964844,10807600
2026-02-20,CRWV,89.25,46247700
2026-02-23,CRWV,90.83999633789062,21774800
2026-02-24,CRWV,99.30000305175781,24587600
2026-02-25,CRWV,98.01000213623047,20881000
2026-02-26,CRWV,97.62999725341797,27329400
2026-02-27,CRWV,79.55999755859375,67921300
2026-03-02,CRWV,78.05000305175781,25514200
2026-03-03,CRWV,73.77999877929688,24549400
2026-03-04,CRWV,79.5,25322800
2026-03-05,CRWV,74.81999969482422,22667500
2026-03-06,CRWV,72.98999786376953,25591600
2026-03-09,CRWV,74.41000366210938,21551500
2026-03-10,CRWV,74.91999816894531,16449300
2026-03-11,CRWV,81.95999908447266,33672100
2026-03-12,CRWV,79.86000061035156,16174700
2026-03-13,CRWV,81.11000061035156,17700700
2026-03-16,CRWV,85.86000061035156,25842500
2026-03-17,CRWV,82.12000274658203,17332100
2026-03-18,CRWV,82.81999969482422,17332800
2026-03-19,CRWV,80.66000366210938,19522400
2026-03-20,CRWV,81.47000122070312,29378500
2026-03-23,CRWV,81.95999908447266,19755800
2026-03-24,CRWV,83.0199966430664,21616500
2026-03-25,CRWV,87.58000183105469,19101600
2026-03-26,CRWV,80.44999694824219,18464600
2026-03-27,CRWV,74.80999755859375,22244300
2026-03-30,CRWV,69.1500015258789,27315900
2026-03-31,CRWV,77.47000122070312,27917100
2026-04-01,CRWV,78.44000244140625,28569000
2026-04-02,CRWV,82.23999786376953,20958200
2026-04-06,CRWV,80.94000244140625,16946900
2026-04-07,CRWV,85.23999786376953,16277300
2026-04-08,CRWV,88.9000015258789,19538600
2026-04-09,CRWV,92.0,65533300
2026-04-10,CRWV,102.0,83416500
2026-04-13,CRWV,110.2699966430664,56011100
2026-04-14,CRWV,117.19999694824219,46586000
2026-04-15,CRWV,118.69000244140625,43324900
2026-04-16,CRWV,119.55999755859375,28917600
2026-04-17,CRWV,116.8499984741211,24685900
2026-04-20,CRWV,117.43000030517578,29542400
2026-04-21,CRWV,115.16000366210938,18656100
2026-04-22,CRWV,122.54000091552734,31878200
2026-04-23,CRWV,117.41999816894531,21696200
2026-04-24,CRWV,110.13999938964844,33898200
2026-04-27,CRWV,112.05999755859375,24929000
2026-04-28,CRWV,105.52999877929688,27765200
2026-04-29,CRWV,114.19000244140625,27754000
2026-04-30,CRWV,111.5999984741211,25279800
2026-05-01,CRWV,119.01000213623047,27413000
2026-05-04,CRWV,125.43000030517578,30197300
2026-05-05,CRWV,127.88999938964844,22972800
2026-05-06,CRWV,137.97999572753906,31677900
2026-05-07,CRWV,128.83999633789062,41365300
2026-05-08,CRWV,114.1500015258789,48479400
2026-05-11,CRWV,114.69999694824219,27701900
2026-05-12,CRWV,107.75,32879100
2026-05-13,CRWV,111.30999755859375,23598000
2026-05-14,CRWV,114.21499633789062,27702300
2026-05-15,CRWV,107.30000305175781,22048200
2026-05-18,CRWV,103.7699966430664,38653700
2026-05-19,CRWV,99.80999755859375,29845600
2026-05-20,CRWV,101.27999877929688,21656800
2026-05-21,CRWV,107.58000183105469,31898600
2026-05-22,CRWV,105.48999786376953,20001600
2026-05-26,CRWV,105.88999938964844,21456100
2026-05-27,CRWV,104.2699966430664,24155000
2026-05-28,CRWV,106.86000061035156,23406000
2026-05-29,CRWV,109.52999877929688,28158200
2026-06-01,CRWV,124.81999969482422,58297300
2026-06-02,CRWV,119.2699966430664,34814000
2026-06-03,CRWV,110.93000030517578,26460100
2026-06-04,CRWV,108.02999877929688,26752000
2026-06-05,CRWV,100.38999938964844,32460800
2026-06-08,CRWV,102.37000274658203,23379800
2026-06-09,CRWV,98.44999694824219,26865600
2026-06-10,CRWV,95.61000061035156,17855600
2026-06-11,CRWV,95.73999786376953,22683500
2026-06-12,CRWV,100.55000305175781,36215900
2026-06-15,CRWV,106.70999908447266,22004000
2026-06-16,CRWV,117.02999877929688,42823900
2026-06-17,CRWV,115.20999908447266,26674200
2026-06-18,CRWV,117.94999694824219,65546300
2026-06-22,CRWV,111.29000091552734,29892800
2026-06-23,CRWV,105.72000122070312,25319700
2026-06-24,CRWV,100.87999725341797,22104300
2026-06-25,CRWV,98.76000213623047,21772100
2026-06-26,CRWV,96.58000183105469,47706000
2026-06-29,CRWV,95.51000213623047,21976900
2026-06-30,CRWV,99.54000091552734,18789300
2026-07-01,CRWV,85.68499755859375,60851900
2026-07-02,CRWV,81.74500274658203,32579500
2026-07-06,CRWV,86.45999908447266,21929600
2026-07-07,CRWV,83.52999877929688,23450300
2026-07-08,CRWV,90.0,23876900
2026-07-09,CRWV,89.69999694824219,24829300
2026-07-10,CRWV,88.87999725341797,12714000
2026-07-13,CRWV,83.30999755859375,18630100
2026-07-14,CRWV,79.94000244140625,25969000
2026-07-15,CRWV,77.12000274658203,24132300
2026-07-16,CRWV,72.91000366210938,25033000
2026-07-17,CRWV,73.20999908447266,35882600
2026-07-20,CRWV,73.05999755859375,22799500
2026-07-21,CRWV,79.58000183105469,24907000
2026-07-22,CRWV,82.63999938964844,23467300
2026-07-23,CRWV,81.0999984741211,18173700
2026-07-24,CRWV,71.87999725341797,25487800
2026-07-27,CRWV,70.79000091552734,17999200
2026-07-28,CRWV,67.30000305175781,29855900
2026-07-29,CRWV,60.81999969482422,37130100
2026-07-30,CRWV,73.9000015258789,44148900
2026-07-31,CRWV,71.7699966430664,26415900
2026-08-03,CRWV,85.76000213623047,44558900
2026-08-04,CRWV,91.9000015258789,33601300
2026-08-05,CRWV,89.88999938964844,20798100
2026-08-06,CRWV,85.33000183105469,16601400
2026-08-07,CRWV,90.66999816894531,18664100
2026-08-10,CRWV,88.19000244140625,20894800
2026-08-11,CRWV,90.31999969482422,46381400
2026-08-12,CRWV,107.7300033569336,87308400
2026-08-13,CRWV,106.29000091552734,50680200
2026-08-14,CRWV,105.26000213623047,33337900
2026-08-17,CRWV,106.0,32398500
2026-08-18,CRWV,93.16999816894531,38029200
2026-08-19,CRWV,90.87000274658203,26700900
2026-08-20,CRWV,89.76000213623047,17649000
2026-08-21,CRWV,87.8499984741211,22187500
2026-08-24,CRWV,86.25,19581400
2026-08-25,CRWV,88.04000091552734,14224300
2026-08-26,CRWV,88.01000213623047,14056800
2026-08-27,CRWV,86.80000305175781,19872200
2026-08-28,CRWV,84.2300033569336,17332100
2026-08-31,CRWV,84.88999938964844,13237900
2026-09-01,CRWV,81.8499984741211,15848700
2026-09-02,CRWV,80.93000030517578,15574700
2026-09-03,CRWV,84.55999755859375,18798400
2026-09-04,CRWV,89.36000061035156,20732400
